[gg_container_build] repo_root=/private/tmp/gg-3di-publish-20260911
[gg_container_build] image=local/genegalleon:3di-clean-20260911
[gg_container_build] image_source=local
[gg_container_build] platforms=linux/arm64 mode=load build_target=runtime
[gg_container_build] step 1/2: docker buildx build
[buildx] MODE=load exports a local image tarball and is typically slower than MODE=push.
Conda environment coverage matches between pipeline scripts and container/Dockerfile.
[buildx] Resolved KFU52_AMALGKIT_REPO_SHA: 21ce1417410ec05aea409370d496ce01896671d0
[buildx] Resolved KFU52_CDSKIT_REPO_SHA: f7ee05ea43451929da1db4d32e4f6cb5c02719ec
[buildx] Resolved KFU52_CSUBST_REPO_SHA: 6963896534dade8cd33c28271f83dc8d1b52b890
[buildx] Resolved KFU52_NWKIT_REPO_SHA: 1996588e561d10aebc47c4daf90be836bbebd315
[buildx] Resolved BUSCO_REPO_SHA: cd071053c38c5060f75d0b370cb66c4edc8e59a1
[buildx] Resolved PAML_REPO_SHA: 8daeead6b55523f375d9ac56dcfac38373ef8a2e
[buildx] Resolved IQTREE_REPO_SHA: 63c330d90dd02241dbbbaf1e9f9e9cc6dadbd1de
[buildx] Resolved KFFRACTBIAS_REPO_SHA: d19e658042e88f3c344a110f90f0981e10b11ff3
[buildx] Resolved KFTOOLS_REPO_SHA: 715ecaa37c7c0662780785c36657770afd4f0ca2
[buildx] Resolved RKFTOOLS_REPO_SHA: e4a0456c6651914b299d5b96404d399a21077658
#0 building with "gg-3di-clean-20260911" instance using docker-container driver

#1 [internal] load build definition from Dockerfile
#1 transferring dockerfile: 16.93kB done
#1 DONE 0.0s

#2 resolve image config for docker-image://docker.io/docker/dockerfile:1.7@sha256:a57df69d0ea827fb7266491f2813635de6f17269be881f696fbfdf2d83dda33e
#2 ...

#3 [auth] docker/dockerfile:pull token for registry-1.docker.io
#3 DONE 0.0s

#2 resolve image config for docker-image://docker.io/docker/dockerfile:1.7@sha256:a57df69d0ea827fb7266491f2813635de6f17269be881f696fbfdf2d83dda33e
#2 DONE 2.5s

#4 docker-image://docker.io/docker/dockerfile:1.7@sha256:a57df69d0ea827fb7266491f2813635de6f17269be881f696fbfdf2d83dda33e
#4 resolve docker.io/docker/dockerfile:1.7@sha256:a57df69d0ea827fb7266491f2813635de6f17269be881f696fbfdf2d83dda33e done
#4 sha256:6e230fe0035dc5b9d8d5e65513d1f11ae3b25d14362031fb540a4c23bf862933 0B / 11.24MB 0.2s
#4 sha256:6e230fe0035dc5b9d8d5e65513d1f11ae3b25d14362031fb540a4c23bf862933 1.05MB / 11.24MB 0.3s
#4 sha256:6e230fe0035dc5b9d8d5e65513d1f11ae3b25d14362031fb540a4c23bf862933 5.24MB / 11.24MB 0.5s
#4 sha256:6e230fe0035dc5b9d8d5e65513d1f11ae3b25d14362031fb540a4c23bf862933 8.39MB / 11.24MB 0.6s
#4 sha256:6e230fe0035dc5b9d8d5e65513d1f11ae3b25d14362031fb540a4c23bf862933 11.24MB / 11.24MB 0.7s done
#4 extracting sha256:6e230fe0035dc5b9d8d5e65513d1f11ae3b25d14362031fb540a4c23bf862933 0.1s done
#4 DONE 0.8s

#5 [internal] load metadata for docker.io/mambaorg/micromamba:noble@sha256:a0a4da2d5315f0d5b9d98196f2e9ecf50152c750bed4023bb127baade7e8faca
#5 ...

#6 [auth] mambaorg/micromamba:pull token for registry-1.docker.io
#6 DONE 0.0s

#5 [internal] load metadata for docker.io/mambaorg/micromamba:noble@sha256:a0a4da2d5315f0d5b9d98196f2e9ecf50152c750bed4023bb127baade7e8faca
#5 DONE 2.1s

#7 [internal] load .dockerignore
#7 transferring context: 274B done
#7 DONE 0.0s

#8 [internal] load build context
#8 transferring context: 318.99kB 0.0s done
#8 DONE 0.0s

#9 [base 1/3] FROM docker.io/mambaorg/micromamba:noble@sha256:a0a4da2d5315f0d5b9d98196f2e9ecf50152c750bed4023bb127baade7e8faca
#9 resolve docker.io/mambaorg/micromamba:noble@sha256:a0a4da2d5315f0d5b9d98196f2e9ecf50152c750bed4023bb127baade7e8faca done
#9 sha256:57d1d9429ba0ed4787862d80eab63d0f7dea55b141c6f1049992f565c635acb6 0B / 687B 0.2s
#9 sha256:a444aa1775d585edca154a7afbe0542e9fc0fe705662a1e012a99077e15b7ef7 0B / 648B 0.2s
#9 sha256:b8a1a9b4292438c04fc842c184ed011291b1b8dd8d771bd919240b762de9d2e2 0B / 217B 0.2s
#9 sha256:b9afb7fce560bfbcbdc95f1ba71414d56c0ff432b8448c7d18422ccf16b8913f 0B / 345B 0.2s
#9 sha256:b9afb7fce560bfbcbdc95f1ba71414d56c0ff432b8448c7d18422ccf16b8913f 345B / 345B 0.7s done
#9 sha256:4f4fb700ef54461cfa02571ae0db9a0dc1e0cdb5577484a6d75e68dc38e8acc1 0B / 32B 0.2s
#9 sha256:a444aa1775d585edca154a7afbe0542e9fc0fe705662a1e012a99077e15b7ef7 648B / 648B 1.0s done
#9 sha256:4f4fb700ef54461cfa02571ae0db9a0dc1e0cdb5577484a6d75e68dc38e8acc1 32B / 32B 0.2s done
#9 sha256:b8a1a9b4292438c04fc842c184ed011291b1b8dd8d771bd919240b762de9d2e2 217B / 217B 1.1s done
#9 sha256:c0287eaf45eee1a93db5323734667500c6013941c8c3b5b95cb06f7dbf91ff46 0B / 4.08kB 0.2s
#9 sha256:ad4a1cea1cef0dc1983c645b60707022a58ecc98df79b810540a3d00939cf847 0B / 283B 0.2s
#9 sha256:57d1d9429ba0ed4787862d80eab63d0f7dea55b141c6f1049992f565c635acb6 687B / 687B 1.2s done
#9 sha256:5a47b42d3e8c136ae8f5c77fa098b0944089e5b9124349d2ee725e6e8acada21 0B / 525B 0.2s
#9 sha256:5f20d5c36a0634c47de56237687c5801eb5257c9f4ba17889a46696398f871fc 0B / 7.87MB 0.2s
#9 sha256:c0287eaf45eee1a93db5323734667500c6013941c8c3b5b95cb06f7dbf91ff46 4.08kB / 4.08kB 0.8s done
#9 sha256:ad4a1cea1cef0dc1983c645b60707022a58ecc98df79b810540a3d00939cf847 283B / 283B 0.7s done
#9 sha256:5a47b42d3e8c136ae8f5c77fa098b0944089e5b9124349d2ee725e6e8acada21 525B / 525B 0.7s done
#9 sha256:dec6b097362e7c8d80e31302367f54d610b0e84d5c9cd5ccd300729608a54b18 0B / 126.56kB 0.2s
#9 sha256:dec6b097362e7c8d80e31302367f54d610b0e84d5c9cd5ccd300729608a54b18 126.56kB / 126.56kB 0.2s done
#9 sha256:6e59cb05818e49ea83cbe79bd46eb80418dfe3cb3735b45570f93a23579e2cec 1.05MB / 28.89MB 0.3s
#9 sha256:6e59cb05818e49ea83cbe79bd46eb80418dfe3cb3735b45570f93a23579e2cec 5.24MB / 28.89MB 0.5s
#9 sha256:6e59cb05818e49ea83cbe79bd46eb80418dfe3cb3735b45570f93a23579e2cec 8.39MB / 28.89MB 0.6s
#9 sha256:6e59cb05818e49ea83cbe79bd46eb80418dfe3cb3735b45570f93a23579e2cec 12.58MB / 28.89MB 0.8s
#9 sha256:6e59cb05818e49ea83cbe79bd46eb80418dfe3cb3735b45570f93a23579e2cec 16.78MB / 28.89MB 0.9s
#9 sha256:6e59cb05818e49ea83cbe79bd46eb80418dfe3cb3735b45570f93a23579e2cec 19.92MB / 28.89MB 1.1s
#9 sha256:5f20d5c36a0634c47de56237687c5801eb5257c9f4ba17889a46696398f871fc 1.05MB / 7.87MB 1.7s
#9 sha256:6e59cb05818e49ea83cbe79bd46eb80418dfe3cb3735b45570f93a23579e2cec 22.02MB / 28.89MB 1.2s
#9 sha256:5f20d5c36a0634c47de56237687c5801eb5257c9f4ba17889a46696398f871fc 3.15MB / 7.87MB 1.8s
#9 sha256:6e59cb05818e49ea83cbe79bd46eb80418dfe3cb3735b45570f93a23579e2cec 25.17MB / 28.89MB 1.4s
#9 sha256:5f20d5c36a0634c47de56237687c5801eb5257c9f4ba17889a46696398f871fc 4.19MB / 7.87MB 2.0s
#9 sha256:6e59cb05818e49ea83cbe79bd46eb80418dfe3cb3735b45570f93a23579e2cec 27.26MB / 28.89MB 1.5s
#9 sha256:5f20d5c36a0634c47de56237687c5801eb5257c9f4ba17889a46696398f871fc 7.87MB / 7.87MB 2.2s done
#9 sha256:6e59cb05818e49ea83cbe79bd46eb80418dfe3cb3735b45570f93a23579e2cec 28.89MB / 28.89MB 1.6s done
#9 extracting sha256:6e59cb05818e49ea83cbe79bd46eb80418dfe3cb3735b45570f93a23579e2cec
#9 extracting sha256:6e59cb05818e49ea83cbe79bd46eb80418dfe3cb3735b45570f93a23579e2cec 0.4s done
#9 DONE 3.8s

#9 [base 1/3] FROM docker.io/mambaorg/micromamba:noble@sha256:a0a4da2d5315f0d5b9d98196f2e9ecf50152c750bed4023bb127baade7e8faca
#9 extracting sha256:dec6b097362e7c8d80e31302367f54d610b0e84d5c9cd5ccd300729608a54b18 done
#9 extracting sha256:5f20d5c36a0634c47de56237687c5801eb5257c9f4ba17889a46696398f871fc 0.1s done
#9 extracting sha256:4f4fb700ef54461cfa02571ae0db9a0dc1e0cdb5577484a6d75e68dc38e8acc1 done
#9 extracting sha256:5a47b42d3e8c136ae8f5c77fa098b0944089e5b9124349d2ee725e6e8acada21 done
#9 extracting sha256:ad4a1cea1cef0dc1983c645b60707022a58ecc98df79b810540a3d00939cf847 done
#9 extracting sha256:c0287eaf45eee1a93db5323734667500c6013941c8c3b5b95cb06f7dbf91ff46 0.0s done
#9 extracting sha256:b8a1a9b4292438c04fc842c184ed011291b1b8dd8d771bd919240b762de9d2e2 done
#9 DONE 3.9s

#9 [base 1/3] FROM docker.io/mambaorg/micromamba:noble@sha256:a0a4da2d5315f0d5b9d98196f2e9ecf50152c750bed4023bb127baade7e8faca
#9 extracting sha256:57d1d9429ba0ed4787862d80eab63d0f7dea55b141c6f1049992f565c635acb6 done
#9 extracting sha256:a444aa1775d585edca154a7afbe0542e9fc0fe705662a1e012a99077e15b7ef7 done
#9 extracting sha256:b9afb7fce560bfbcbdc95f1ba71414d56c0ff432b8448c7d18422ccf16b8913f done
#9 DONE 3.9s

#10 [base 2/3] COPY container/apt /opt/pg/apt
#10 DONE 0.2s

#11 [base 3/3] COPY container/scripts/install_system_packages.sh /opt/pg/scripts/install_system_packages.sh
#11 DONE 0.0s

#12 [runtime-system 1/1] RUN bash /opt/pg/scripts/install_system_packages.sh runtime
#12 0.603 Get:1 http://ports.ubuntu.com/ubuntu-ports noble InRelease [256 kB]
#12 2.014 Get:2 http://ports.ubuntu.com/ubuntu-ports noble-updates InRelease [126 kB]
#12 2.356 Get:3 http://ports.ubuntu.com/ubuntu-ports noble-backports InRelease [126 kB]
#12 2.705 Get:4 http://ports.ubuntu.com/ubuntu-ports noble-security InRelease [126 kB]
#12 3.063 Get:5 http://ports.ubuntu.com/ubuntu-ports noble/restricted arm64 Packages [113 kB]
#12 3.145 Get:6 http://ports.ubuntu.com/ubuntu-ports noble/main arm64 Packages [1776 kB]
#12 3.910 Get:7 http://ports.ubuntu.com/ubuntu-ports noble/universe arm64 Packages [19.0 MB]
#12 5.675 Get:8 http://ports.ubuntu.com/ubuntu-ports noble/multiverse arm64 Packages [274 kB]
#12 5.737 Get:9 http://ports.ubuntu.com/ubuntu-ports noble-updates/restricted arm64 Packages [2831 kB]
#12 5.900 Get:10 http://ports.ubuntu.com/ubuntu-ports noble-updates/multiverse arm64 Packages [92.2 kB]
#12 5.906 Get:11 http://ports.ubuntu.com/ubuntu-ports noble-updates/main arm64 Packages [1627 kB]
#12 6.022 Get:12 http://ports.ubuntu.com/ubuntu-ports noble-updates/universe arm64 Packages [2195 kB]
#12 6.190 Get:13 http://ports.ubuntu.com/ubuntu-ports noble-backports/universe arm64 Packages [36.3 kB]
#12 6.190 Get:14 http://ports.ubuntu.com/ubuntu-ports noble-backports/multiverse arm64 Packages [671 B]
#12 6.190 Get:15 http://ports.ubuntu.com/ubuntu-ports noble-backports/main arm64 Packages [48.9 kB]
#12 6.194 Get:16 http://ports.ubuntu.com/ubuntu-ports noble-security/main arm64 Packages [1312 kB]
#12 6.271 Get:17 http://ports.ubuntu.com/ubuntu-ports noble-security/restricted arm64 Packages [2707 kB]
#12 6.461 Get:18 http://ports.ubuntu.com/ubuntu-ports noble-security/universe arm64 Packages [1616 kB]
#12 6.562 Get:19 http://ports.ubuntu.com/ubuntu-ports noble-security/multiverse arm64 Packages [87.7 kB]
#12 6.622 Fetched 34.4 MB in 7s (5250 kB/s)
#12 6.622 Reading package lists...
#12 7.141 Reading package lists...
#12 7.680 Building dependency tree...
#12 7.806 Reading state information...
#12 7.839 Calculating upgrade...
#12 8.068 The following packages will be upgraded:
#12 8.068   apt base-files bsdutils coreutils diffutils dpkg gcc-14-base gpgv gzip
#12 8.068   libacl1 libapt-pkg6.0t64 libattr1 libaudit-common libaudit1 libblkid1
#12 8.068   libbz2-1.0 libc-bin libc6 libcap2 libgcc-s1 libgcrypt20 libgmp10
#12 8.068   libgnutls30t64 libgpg-error0 libidn2-0 liblzma5 libmd0 libmount1
#12 8.068   libncursesw6 libp11-kit0 libpam-modules libpam-modules-bin libpam-runtime
#12 8.068   libpam0g libpcre2-8-0 libproc2-0 libselinux1 libsmartcols1 libssl3t64
#12 8.068   libstdc++6 libsystemd0 libtasn1-6 libtinfo6 libudev1 libunistring5 libuuid1
#12 8.069   login mount ncurses-base ncurses-bin passwd perl-base procps sed tar
#12 8.069   util-linux zlib1g
#12 8.772 57 upgraded, 0 newly installed, 0 to remove and 0 not upgraded.
#12 8.772 Need to get 22.0 MB of archives.
#12 8.772 After this operation, 166 kB of additional disk space will be used.
#12 8.772 Get:1 http://ports.ubuntu.com/ubuntu-ports noble-updates/main arm64 gcc-14-base arm64 14.2.0-4ubuntu2~24.04.1 [51.0 kB]
#12 9.880 Get:2 http://ports.ubuntu.com/ubuntu-ports noble-updates/main arm64 libgcc-s1 arm64 14.2.0-4ubuntu2~24.04.1 [61.9 kB]
#12 ...

#13 [system 1/1] RUN bash /opt/pg/scripts/install_system_packages.sh development
#13 0.740 Get:1 http://ports.ubuntu.com/ubuntu-ports noble InRelease [256 kB]
#13 2.349 Get:2 http://ports.ubuntu.com/ubuntu-ports noble-updates InRelease [126 kB]
#13 2.735 Get:3 http://ports.ubuntu.com/ubuntu-ports noble-backports InRelease [126 kB]
#13 3.124 Get:4 http://ports.ubuntu.com/ubuntu-ports noble-security InRelease [126 kB]
#13 3.530 Get:5 http://ports.ubuntu.com/ubuntu-ports noble/universe arm64 Packages [19.0 MB]
#13 6.305 Get:6 http://ports.ubuntu.com/ubuntu-ports noble/multiverse arm64 Packages [274 kB]
#13 6.368 Get:7 http://ports.ubuntu.com/ubuntu-ports noble/main arm64 Packages [1776 kB]
#13 6.458 Get:8 http://ports.ubuntu.com/ubuntu-ports noble/restricted arm64 Packages [113 kB]
#13 6.462 Get:9 http://ports.ubuntu.com/ubuntu-ports noble-updates/restricted arm64 Packages [2831 kB]
#13 6.681 Get:10 http://ports.ubuntu.com/ubuntu-ports noble-updates/main arm64 Packages [1627 kB]
#13 6.795 Get:11 http://ports.ubuntu.com/ubuntu-ports noble-updates/universe arm64 Packages [2195 kB]
#13 6.945 Get:12 http://ports.ubuntu.com/ubuntu-ports noble-updates/multiverse arm64 Packages [92.2 kB]
#13 6.951 Get:13 http://ports.ubuntu.com/ubuntu-ports noble-backports/universe arm64 Packages [36.3 kB]
#13 6.954 Get:14 http://ports.ubuntu.com/ubuntu-ports noble-backports/multiverse arm64 Packages [671 B]
#13 6.954 Get:15 http://ports.ubuntu.com/ubuntu-ports noble-backports/main arm64 Packages [48.9 kB]
#13 6.957 Get:16 http://ports.ubuntu.com/ubuntu-ports noble-security/universe arm64 Packages [1616 kB]
#13 7.068 Get:17 http://ports.ubuntu.com/ubuntu-ports noble-security/restricted arm64 Packages [2707 kB]
#13 7.249 Get:18 http://ports.ubuntu.com/ubuntu-ports noble-security/main arm64 Packages [1312 kB]
#13 7.336 Get:19 http://ports.ubuntu.com/ubuntu-ports noble-security/multiverse arm64 Packages [87.7 kB]
#13 7.380 Fetched 34.4 MB in 7s (4705 kB/s)
#13 7.380 Reading package lists...
#13 7.932 Reading package lists...
#13 8.501 Building dependency tree...
#13 8.621 Reading state information...
#13 8.652 Calculating upgrade...
#13 8.876 The following packages will be upgraded:
#13 8.876   apt base-files bsdutils coreutils diffutils dpkg gcc-14-base gpgv gzip
#13 8.876   libacl1 libapt-pkg6.0t64 libattr1 libaudit-common libaudit1 libblkid1
#13 8.876   libbz2-1.0 libc-bin libc6 libcap2 libgcc-s1 libgcrypt20 libgmp10
#13 8.876   libgnutls30t64 libgpg-error0 libidn2-0 liblzma5 libmd0 libmount1
#13 8.876   libncursesw6 libp11-kit0 libpam-modules libpam-modules-bin libpam-runtime
#13 8.876   libpam0g libpcre2-8-0 libproc2-0 libselinux1 libsmartcols1 libssl3t64
#13 8.876   libstdc++6 libsystemd0 libtasn1-6 libtinfo6 libudev1 libunistring5 libuuid1
#13 8.877   login mount ncurses-base ncurses-bin passwd perl-base procps sed tar
#13 8.877   util-linux zlib1g
#13 9.387 57 upgraded, 0 newly installed, 0 to remove and 0 not upgraded.
#13 9.387 Need to get 22.0 MB of archives.
#13 9.387 After this operation, 166 kB of additional disk space will be used.
#13 9.387 Get:1 http://ports.ubuntu.com/ubuntu-ports noble-updates/main arm64 gcc-14-base arm64 14.2.0-4ubuntu2~24.04.1 [51.0 kB]
#13 ...

#12 [runtime-system 1/1] RUN bash /opt/pg/scripts/install_system_packages.sh runtime
#12 10.14 Get:3 http://ports.ubuntu.com/ubuntu-ports noble-updates/main arm64 libstdc++6 arm64 14.2.0-4ubuntu2~24.04.1 [751 kB]
#12 11.36 Get:4 http://ports.ubuntu.com/ubuntu-ports noble-updates/main arm64 libc6 arm64 2.39-0ubuntu8.9 [2776 kB]
#12 12.19 Get:5 http://ports.ubuntu.com/ubuntu-ports noble-updates/main arm64 base-files arm64 13ubuntu10.5 [73.4 kB]
#12 12.20 Get:6 http://ports.ubuntu.com/ubuntu-ports noble-updates/main arm64 bsdutils arm64 1:2.39.3-9ubuntu6.6 [99.1 kB]
#12 12.23 Get:7 http://ports.ubuntu.com/ubuntu-ports noble-updates/main arm64 coreutils arm64 9.4-3ubuntu6.3 [1364 kB]
#12 12.40 Get:8 http://ports.ubuntu.com/ubuntu-ports noble-updates/main arm64 diffutils arm64 1:3.10-1ubuntu0.1 [175 kB]
#12 12.42 Get:9 http://ports.ubuntu.com/ubuntu-ports noble-updates/main arm64 libbz2-1.0 arm64 1.0.8-5.1ubuntu0.1 [35.9 kB]
#12 12.43 Get:10 http://ports.ubuntu.com/ubuntu-ports noble-updates/main arm64 libgpg-error0 arm64 1.47-3build2.1 [70.0 kB]
#12 12.43 Get:11 http://ports.ubuntu.com/ubuntu-ports noble-updates/main arm64 libgcrypt20 arm64 1.10.3-2ubuntu0.2 [476 kB]
#12 12.52 Get:12 http://ports.ubuntu.com/ubuntu-ports noble-updates/main arm64 liblzma5 arm64 5.6.1+really5.4.5-1ubuntu0.3 [126 kB]
#12 12.54 Get:13 http://ports.ubuntu.com/ubuntu-ports noble-updates/main arm64 libcap2 arm64 1:2.66-5ubuntu2.4 [30.7 kB]
#12 12.54 Get:14 http://ports.ubuntu.com/ubuntu-ports noble-updates/main arm64 libsystemd0 arm64 255.4-1ubuntu8.17 [428 kB]
#12 12.59 Get:15 http://ports.ubuntu.com/ubuntu-ports noble-updates/main arm64 libudev1 arm64 255.4-1ubuntu8.17 [176 kB]
#12 12.61 Get:16 http://ports.ubuntu.com/ubuntu-ports noble-updates/main arm64 zlib1g arm64 1:1.3.dfsg-3.1ubuntu2.2 [61.9 kB]
#12 12.76 Get:17 http://ports.ubuntu.com/ubuntu-ports noble-updates/main arm64 libapt-pkg6.0t64 arm64 2.8.3 [937 kB]
#12 12.82 Get:18 http://ports.ubuntu.com/ubuntu-ports noble-updates/main arm64 tar arm64 1.35+dfsg-3ubuntu0.4 [252 kB]
#12 12.85 Get:19 http://ports.ubuntu.com/ubuntu-ports noble-updates/main arm64 dpkg arm64 1.22.6ubuntu6.6 [1265 kB]
#12 12.91 Get:20 http://ports.ubuntu.com/ubuntu-ports noble-updates/main arm64 gzip arm64 1.12-1ubuntu3.2 [97.6 kB]
#12 12.92 Get:21 http://ports.ubuntu.com/ubuntu-ports noble-updates/main arm64 login arm64 1:4.13+dfsg1-4ubuntu3.2 [200 kB]
#12 12.93 Get:22 http://ports.ubuntu.com/ubuntu-ports noble-updates/main arm64 ncurses-bin arm64 6.4+20240113-1ubuntu2.2 [186 kB]
#12 12.94 Get:23 http://ports.ubuntu.com/ubuntu-ports noble-updates/main arm64 perl-base arm64 5.38.2-3.2ubuntu0.4 [1781 kB]
#12 13.14 Get:24 http://ports.ubuntu.com/ubuntu-ports noble-updates/main arm64 sed arm64 4.9-2ubuntu0.24.04.1 [191 kB]
#12 13.15 Get:25 http://ports.ubuntu.com/ubuntu-ports noble-updates/main arm64 util-linux arm64 2.39.3-9ubuntu6.6 [1116 kB]
#12 13.26 Get:26 http://ports.ubuntu.com/ubuntu-ports noble-updates/main arm64 libc-bin arm64 2.39-0ubuntu8.9 [591 kB]
#12 13.28 Get:27 http://ports.ubuntu.com/ubuntu-ports noble-updates/main arm64 ncurses-base all 6.4+20240113-1ubuntu2.2 [25.8 kB]
#12 13.28 Get:28 http://ports.ubuntu.com/ubuntu-ports noble-updates/main arm64 gpgv arm64 2.4.4-2ubuntu17.6 [151 kB]
#12 13.29 Get:29 http://ports.ubuntu.com/ubuntu-ports noble-updates/main arm64 libgmp10 arm64 2:6.3.0+dfsg-2ubuntu6.1 [243 kB]
#12 13.29 Get:30 http://ports.ubuntu.com/ubuntu-ports noble-updates/main arm64 libunistring5 arm64 1.1-2build1.1 [530 kB]
#12 13.31 Get:31 http://ports.ubuntu.com/ubuntu-ports noble-updates/main arm64 libidn2-0 arm64 2.3.7-2build1.1 [67.2 kB]
#12 13.32 Get:32 http://ports.ubuntu.com/ubuntu-ports noble-updates/main arm64 libp11-kit0 arm64 0.25.3-4ubuntu2.2 [276 kB]
#12 13.49 Get:33 http://ports.ubuntu.com/ubuntu-ports noble-updates/main arm64 libtasn1-6 arm64 4.19.0-3ubuntu0.24.04.2 [43.7 kB]
#12 13.49 Get:34 http://ports.ubuntu.com/ubuntu-ports noble-updates/main arm64 libgnutls30t64 arm64 3.8.3-1.1ubuntu3.6 [942 kB]
#12 13.60 Get:35 http://ports.ubuntu.com/ubuntu-ports noble-updates/main arm64 apt arm64 2.8.3 [1336 kB]
#12 13.65 Get:36 http://ports.ubuntu.com/ubuntu-ports noble-updates/main arm64 libaudit-common all 1:3.1.2-2.1build1.1 [5824 B]
#12 13.65 Get:37 http://ports.ubuntu.com/ubuntu-ports noble-updates/main arm64 libaudit1 arm64 1:3.1.2-2.1build1.1 [47.5 kB]
#12 13.65 Get:38 http://ports.ubuntu.com/ubuntu-ports noble-updates/main arm64 libpam0g arm64 1.5.3-5ubuntu5.7 [68.4 kB]
#12 13.66 Get:39 http://ports.ubuntu.com/ubuntu-ports noble-updates/main arm64 libpcre2-8-0 arm64 10.42-4ubuntu2.1 [212 kB]
#12 13.66 Get:40 http://ports.ubuntu.com/ubuntu-ports noble-updates/main arm64 libselinux1 arm64 3.5-2ubuntu2.1 [79.9 kB]
#12 13.67 Get:41 http://ports.ubuntu.com/ubuntu-ports noble-updates/main arm64 libpam-modules-bin arm64 1.5.3-5ubuntu5.7 [50.4 kB]
#12 13.67 Get:42 http://ports.ubuntu.com/ubuntu-ports noble-updates/main arm64 libpam-modules arm64 1.5.3-5ubuntu5.7 [286 kB]
#12 13.83 Get:43 http://ports.ubuntu.com/ubuntu-ports noble-updates/main arm64 mount arm64 2.39.3-9ubuntu6.6 [116 kB]
#12 13.87 Get:44 http://ports.ubuntu.com/ubuntu-ports noble-updates/main arm64 libacl1 arm64 2.3.2-1build1.1 [17.1 kB]
#12 14.00 Get:45 http://ports.ubuntu.com/ubuntu-ports noble-updates/main arm64 libattr1 arm64 1:2.5.2-1ubuntu0.1 [11.4 kB]
#12 14.00 Get:46 http://ports.ubuntu.com/ubuntu-ports noble-updates/main arm64 libblkid1 arm64 2.39.3-9ubuntu6.6 [124 kB]
#12 14.00 Get:47 http://ports.ubuntu.com/ubuntu-ports noble-updates/main arm64 libmd0 arm64 1.1.0-2build1.1 [24.6 kB]
#12 14.00 Get:48 http://ports.ubuntu.com/ubuntu-ports noble-updates/main arm64 libmount1 arm64 2.39.3-9ubuntu6.6 [134 kB]
#12 14.01 Get:49 http://ports.ubuntu.com/ubuntu-ports noble-updates/main arm64 libpam-runtime all 1.5.3-5ubuntu5.7 [40.8 kB]
#12 14.01 Get:50 http://ports.ubuntu.com/ubuntu-ports noble-updates/main arm64 libsmartcols1 arm64 2.39.3-9ubuntu6.6 [65.8 kB]
#12 14.01 Get:51 http://ports.ubuntu.com/ubuntu-ports noble-updates/main arm64 libssl3t64 arm64 3.0.13-0ubuntu3.15 [1837 kB]
#12 14.07 Get:52 http://ports.ubuntu.com/ubuntu-ports noble-updates/main arm64 libncursesw6 arm64 6.4+20240113-1ubuntu2.2 [146 kB]
#12 14.18 Get:53 http://ports.ubuntu.com/ubuntu-ports noble-updates/main arm64 libtinfo6 arm64 6.4+20240113-1ubuntu2.2 [105 kB]
#12 14.21 Get:54 http://ports.ubuntu.com/ubuntu-ports noble-updates/main arm64 libuuid1 arm64 2.39.3-9ubuntu6.6 [36.8 kB]
#12 14.34 Get:55 http://ports.ubuntu.com/ubuntu-ports noble-updates/main arm64 libproc2-0 arm64 2:4.0.4-4ubuntu3.3 [58.5 kB]
#12 14.34 Get:56 http://ports.ubuntu.com/ubuntu-ports noble-updates/main arm64 passwd arm64 1:4.13+dfsg1-4ubuntu3.2 [838 kB]
#12 14.37 Get:57 http://ports.ubuntu.com/ubuntu-ports noble-updates/main arm64 procps arm64 2:4.0.4-4ubuntu3.3 [707 kB]
#12 14.46 debconf: delaying package configuration, since apt-utils is not installed
#12 14.48 Fetched 22.0 MB in 6s (3480 kB/s)
#12 14.48 (Reading database ...
(Reading database ... 5%
(Reading database ... 10%
(Reading database ... 15%
(Reading database ... 20%
(Reading database ... 25%
(Reading database ... 30%
(Reading database ... 35%
(Reading database ... 40%
(Reading database ... 45%
(Reading database ... 50%
(Reading database ... 55%
(Reading database ... 60%
(Reading database ... 65%
(Reading database ... 70%
(Reading database ... 75%
(Reading database ... 80%
(Reading database ... 85%
(Reading database ... 90%
(Reading database ... 95%
(Reading database ... 100%
(Reading database ... 4373 files and directories currently installed.)
#12 14.49 Preparing to unpack .../gcc-14-base_14.2.0-4ubuntu2~24.04.1_arm64.deb ...
#12 14.49 Unpacking gcc-14-base:arm64 (14.2.0-4ubuntu2~24.04.1) over (14-20240412-0ubuntu1) ...
#12 14.50 Setting up gcc-14-base:arm64 (14.2.0-4ubuntu2~24.04.1) ...
#12 14.52 (Reading database ...
(Reading database ... 5%
(Reading database ... 10%
(Reading database ... 15%
(Reading database ... 20%
(Reading database ... 25%
(Reading database ... 30%
(Reading database ... 35%
(Reading database ... 40%
(Reading database ... 45%
(Reading database ... 50%
(Reading database ... 55%
(Reading database ... 60%
(Reading database ... 65%
(Reading database ... 70%
(Reading database ... 75%
(Reading database ... 80%
(Reading database ... 85%
(Reading database ... 90%
(Reading database ... 95%
(Reading database ... 100%
(Reading database ... 4373 files and directories currently installed.)
#12 14.52 Preparing to unpack .../libgcc-s1_14.2.0-4ubuntu2~24.04.1_arm64.deb ...
#12 14.52 Unpacking libgcc-s1:arm64 (14.2.0-4ubuntu2~24.04.1) over (14-20240412-0ubuntu1) ...
#12 14.54 Setting up libgcc-s1:arm64 (14.2.0-4ubuntu2~24.04.1) ...
#12 14.55 (Reading database ...
(Reading database ... 5%
(Reading database ... 10%
(Reading database ... 15%
(Reading database ... 20%
(Reading database ... 25%
(Reading database ... 30%
(Reading database ... 35%
(Reading database ... 40%
(Reading database ... 45%
(Reading database ... 50%
(Reading database ... 55%
(Reading database ... 60%
(Reading database ... 65%
(Reading database ... 70%
(Reading database ... 75%
(Reading database ... 80%
(Reading database ... 85%
(Reading database ... 90%
(Reading database ... 95%
(Reading database ... 100%
(Reading database ... 4373 files and directories currently installed.)
#12 14.56 Preparing to unpack .../libstdc++6_14.2.0-4ubuntu2~24.04.1_arm64.deb ...
#12 14.56 Unpacking libstdc++6:arm64 (14.2.0-4ubuntu2~24.04.1) over (14-20240412-0ubuntu1) ...
#12 14.59 Setting up libstdc++6:arm64 (14.2.0-4ubuntu2~24.04.1) ...
#12 14.61 (Reading database ...
(Reading database ... 5%
(Reading database ... 10%
(Reading database ... 15%
(Reading database ... 20%
(Reading database ... 25%
(Reading database ... 30%
(Reading database ... 35%
(Reading database ... 40%
(Reading database ... 45%
(Reading database ... 50%
(Reading database ... 55%
(Reading database ... 60%
(Reading database ... 65%
(Reading database ... 70%
(Reading database ... 75%
(Reading database ... 80%
(Reading database ... 85%
(Reading database ... 90%
(Reading database ... 95%
(Reading database ... 100%
(Reading database ... 4373 files and directories currently installed.)
#12 14.61 Preparing to unpack .../libc6_2.39-0ubuntu8.9_arm64.deb ...
#12 14.65 Unpacking libc6:arm64 (2.39-0ubuntu8.9) over (2.39-0ubuntu8.3) ...
#12 14.96 Setting up libc6:arm64 (2.39-0ubuntu8.9) ...
#12 16.02 (Reading database ...
(Reading database ... 5%
(Reading database ... 10%
(Reading database ... 15%
(Reading database ... 20%
(Reading database ... 25%
(Reading database ... 30%
(Reading database ... 35%
(Reading database ... 40%
(Reading database ... 45%
(Reading database ... 50%
(Reading database ... 55%
(Reading database ... 60%
(Reading database ... 65%
(Reading database ... 70%
(Reading database ... 75%
(Reading database ... 80%
(Reading database ... 85%
(Reading database ... 90%
(Reading database ... 95%
(Reading database ... 100%
(Reading database ... 4372 files and directories currently installed.)
#12 16.02 Preparing to unpack .../base-files_13ubuntu10.5_arm64.deb ...
#12 16.03 Unpacking base-files (13ubuntu10.5) over (13ubuntu10.1) ...
#12 16.10 Setting up base-files (13ubuntu10.5) ...
#12 16.11 Installing new version of config file /etc/issue ...
#12 16.12 Installing new version of config file /etc/issue.net ...
#12 16.12 Installing new version of config file /etc/lsb-release ...
#12 16.20 (Reading database ...
(Reading database ... 5%
(Reading database ... 10%
(Reading database ... 15%
(Reading database ... 20%
(Reading database ... 25%
(Reading database ... 30%
(Reading database ... 35%
(Reading database ... 40%
(Reading database ... 45%
(Reading database ... 50%
(Reading database ... 55%
(Reading database ... 60%
(Reading database ... 65%
(Reading database ... 70%
(Reading database ... 75%
(Reading database ... 80%
(Reading database ... 85%
(Reading database ... 90%
(Reading database ... 95%
(Reading database ... 100%
(Reading database ... 4372 files and directories currently installed.)
#12 16.20 Preparing to unpack .../bsdutils_1%3a2.39.3-9ubuntu6.6_arm64.deb ...
#12 16.20 Unpacking bsdutils (1:2.39.3-9ubuntu6.6) over (1:2.39.3-9ubuntu6.1) ...
#12 16.24 Setting up bsdutils (1:2.39.3-9ubuntu6.6) ...
#12 16.25 (Reading database ...
(Reading database ... 5%
(Reading database ... 10%
(Reading database ... 15%
(Reading database ... 20%
(Reading database ... 25%
(Reading database ... 30%
(Reading database ... 35%
(Reading database ... 40%
(Reading database ... 45%
(Reading database ... 50%
(Reading database ... 55%
(Reading database ... 60%
(Reading database ... 65%
(Reading database ... 70%
(Reading database ... 75%
(Reading database ... 80%
(Reading database ... 85%
(Reading database ... 90%
(Reading database ... 95%
(Reading database ... 100%
(Reading database ... 4372 files and directories currently installed.)
#12 16.26 Preparing to unpack .../coreutils_9.4-3ubuntu6.3_arm64.deb ...
#12 16.26 Unpacking coreutils (9.4-3ubuntu6.3) over (9.4-3ubuntu6) ...
#12 16.57 Setting up coreutils (9.4-3ubuntu6.3) ...
#12 16.59 (Reading database ...
(Reading database ... 5%
(Reading database ... 10%
(Reading database ... 15%
(Reading database ... 20%
(Reading database ... 25%
(Reading database ... 30%
(Reading database ... 35%
(Reading database ... 40%
(Reading database ... 45%
(Reading database ... 50%
(Reading database ... 55%
(Reading database ... 60%
(Reading database ... 65%
(Reading database ... 70%
(Reading database ... 75%
(Reading database ... 80%
(Reading database ... 85%
(Reading database ... 90%
(Reading database ... 95%
(Reading database ... 100%
(Reading database ... 4372 files and directories currently installed.)
#12 16.59 Preparing to unpack .../diffutils_1%3a3.10-1ubuntu0.1_arm64.deb ...
#12 16.60 Unpacking diffutils (1:3.10-1ubuntu0.1) over (1:3.10-1build1) ...
#12 16.63 Setting up diffutils (1:3.10-1ubuntu0.1) ...
#12 16.64 (Reading database ...
(Reading database ... 5%
(Reading database ... 10%
(Reading database ... 15%
(Reading database ... 20%
(Reading database ... 25%
(Reading database ... 30%
(Reading database ... 35%
(Reading database ... 40%
(Reading database ... 45%
(Reading database ... 50%
(Reading database ... 55%
(Reading database ... 60%
(Reading database ... 65%
(Reading database ... 70%
(Reading database ... 75%
(Reading database ... 80%
(Reading database ... 85%
(Reading database ... 90%
(Reading database ... 95%
(Reading database ... 100%
(Reading database ... 4372 files and directories currently installed.)
#12 16.65 Preparing to unpack .../libbz2-1.0_1.0.8-5.1ubuntu0.1_arm64.deb ...
#12 16.65 Unpacking libbz2-1.0:arm64 (1.0.8-5.1ubuntu0.1) over (1.0.8-5.1build0.1) ...
#12 16.67 Setting up libbz2-1.0:arm64 (1.0.8-5.1ubuntu0.1) ...
#12 16.69 (Reading database ...
(Reading database ... 5%
(Reading database ... 10%
(Reading database ... 15%
(Reading database ... 20%
(Reading database ... 25%
(Reading database ... 30%
(Reading database ... 35%
(Reading database ... 40%
(Reading database ... 45%
(Reading database ... 50%
(Reading database ... 55%
(Reading database ... 60%
(Reading database ... 65%
(Reading database ... 70%
(Reading database ... 75%
(Reading database ... 80%
(Reading database ... 85%
(Reading database ... 90%
(Reading database ... 95%
(Reading database ... 100%
(Reading database ... 4372 files and directories currently installed.)
#12 16.70 Preparing to unpack .../libgpg-error0_1.47-3build2.1_arm64.deb ...
#12 16.70 Unpacking libgpg-error0:arm64 (1.47-3build2.1) over (1.47-3build2) ...
#12 16.72 Setting up libgpg-error0:arm64 (1.47-3build2.1) ...
#12 16.75 (Reading database ...
(Reading database ... 5%
(Reading database ... 10%
(Reading database ... 15%
(Reading database ... 20%
(Reading database ... 25%
(Reading database ... 30%
(Reading database ... 35%
(Reading database ... 40%
(Reading database ... 45%
(Reading database ... 50%
(Reading database ... 55%
(Reading database ... 60%
(Reading database ... 65%
(Reading database ... 70%
(Reading database ... 75%
(Reading database ... 80%
(Reading database ... 85%
(Reading database ... 90%
(Reading database ... 95%
(Reading database ... 100%
(Reading database ... 4372 files and directories currently installed.)
#12 16.75 Preparing to unpack .../libgcrypt20_1.10.3-2ubuntu0.2_arm64.deb ...
#12 16.76 Unpacking libgcrypt20:arm64 (1.10.3-2ubuntu0.2) over (1.10.3-2build1) ...
#12 16.79 Setting up libgcrypt20:arm64 (1.10.3-2ubuntu0.2) ...
#12 16.81 (Reading database ...
(Reading database ... 5%
(Reading database ... 10%
(Reading database ... 15%
(Reading database ... 20%
(Reading database ... 25%
(Reading database ... 30%
(Reading database ... 35%
(Reading database ... 40%
(Reading database ... 45%
(Reading database ... 50%
(Reading database ... 55%
(Reading database ... 60%
(Reading database ... 65%
(Reading database ... 70%
(Reading database ... 75%
(Reading database ... 80%
(Reading database ... 85%
(Reading database ... 90%
(Reading database ... 95%
(Reading database ... 100%
(Reading database ... 4372 files and directories currently installed.)
#12 16.81 Preparing to unpack .../liblzma5_5.6.1+really5.4.5-1ubuntu0.3_arm64.deb ...
#12 16.82 Unpacking liblzma5:arm64 (5.6.1+really5.4.5-1ubuntu0.3) over (5.6.1+really5.4.5-1build0.1) ...
#12 16.84 Setting up liblzma5:arm64 (5.6.1+really5.4.5-1ubuntu0.3) ...
#12 16.86 (Reading database ...
(Reading database ... 5%
(Reading database ... 10%
(Reading database ... 15%
(Reading database ... 20%
(Reading database ... 25%
(Reading database ... 30%
(Reading database ... 35%
(Reading database ... 40%
(Reading database ... 45%
(Reading database ... 50%
(Reading database ... 55%
(Reading database ... 60%
(Reading database ... 65%
(Reading database ... 70%
(Reading database ... 75%
(Reading database ... 80%
(Reading database ... 85%
(Reading database ... 90%
(Reading database ... 95%
(Reading database ... 100%
(Reading database ... 4372 files and directories currently installed.)
#12 16.86 Preparing to unpack .../libcap2_1%3a2.66-5ubuntu2.4_arm64.deb ...
#12 16.86 Unpacking libcap2:arm64 (1:2.66-5ubuntu2.4) over (1:2.66-5ubuntu2) ...
#12 16.89 Setting up libcap2:arm64 (1:2.66-5ubuntu2.4) ...
#12 16.91 (Reading database ...
(Reading database ... 5%
(Reading database ... 10%
(Reading database ... 15%
(Reading database ... 20%
(Reading database ... 25%
(Reading database ... 30%
(Reading database ... 35%
(Reading database ... 40%
(Reading database ... 45%
(Reading database ... 50%
(Reading database ... 55%
(Reading database ... 60%
(Reading database ... 65%
(Reading database ... 70%
(Reading database ... 75%
(Reading database ... 80%
(Reading database ... 85%
(Reading database ... 90%
(Reading database ... 95%
(Reading database ... 100%
(Reading database ... 4372 files and directories currently installed.)
#12 16.91 Preparing to unpack .../libsystemd0_255.4-1ubuntu8.17_arm64.deb ...
#12 16.92 Unpacking libsystemd0:arm64 (255.4-1ubuntu8.17) over (255.4-1ubuntu8.4) ...
#12 16.95 Setting up libsystemd0:arm64 (255.4-1ubuntu8.17) ...
#12 16.97 (Reading database ...
(Reading database ... 5%
(Reading database ... 10%
(Reading database ... 15%
(Reading database ... 20%
(Reading database ... 25%
(Reading database ... 30%
(Reading database ... 35%
(Reading database ... 40%
(Reading database ... 45%
(Reading database ... 50%
(Reading database ... 55%
(Reading database ... 60%
(Reading database ... 65%
(Reading database ... 70%
(Reading database ... 75%
(Reading database ... 80%
(Reading database ... 85%
(Reading database ... 90%
(Reading database ... 95%
(Reading database ... 100%
(Reading database ... 4372 files and directories currently installed.)
#12 16.97 Preparing to unpack .../libudev1_255.4-1ubuntu8.17_arm64.deb ...
#12 16.97 Unpacking libudev1:arm64 (255.4-1ubuntu8.17) over (255.4-1ubuntu8.4) ...
#12 17.00 Setting up libudev1:arm64 (255.4-1ubuntu8.17) ...
#12 17.02 (Reading database ...
(Reading database ... 5%
(Reading database ... 10%
(Reading database ... 15%
(Reading database ... 20%
(Reading database ... 25%
(Reading database ... 30%
(Reading database ... 35%
(Reading database ... 40%
(Reading database ... 45%
(Reading database ... 50%
(Reading database ... 55%
(Reading database ... 60%
(Reading database ... 65%
(Reading database ... 70%
(Reading database ... 75%
(Reading database ... 80%
(Reading database ... 85%
(Reading database ... 90%
(Reading database ... 95%
(Reading database ... 100%
(Reading database ... 4372 files and directories currently installed.)
#12 17.02 Preparing to unpack .../zlib1g_1%3a1.3.dfsg-3.1ubuntu2.2_arm64.deb ...
#12 17.02 Unpacking zlib1g:arm64 (1:1.3.dfsg-3.1ubuntu2.2) over (1:1.3.dfsg-3.1ubuntu2.1) ...
#12 17.05 Setting up zlib1g:arm64 (1:1.3.dfsg-3.1ubuntu2.2) ...
#12 17.07 (Reading database ...
(Reading database ... 5%
(Reading database ... 10%
(Reading database ... 15%
(Reading database ... 20%
(Reading database ... 25%
(Reading database ... 30%
(Reading database ... 35%
(Reading database ... 40%
(Reading database ... 45%
(Reading database ... 50%
(Reading database ... 55%
(Reading database ... 60%
(Reading database ... 65%
(Reading database ... 70%
(Reading database ... 75%
(Reading database ... 80%
(Reading database ... 85%
(Reading database ... 90%
(Reading database ... 95%
(Reading database ... 100%
(Reading database ... 4372 files and directories currently installed.)
#12 17.07 Preparing to unpack .../libapt-pkg6.0t64_2.8.3_arm64.deb ...
#12 17.08 Unpacking libapt-pkg6.0t64:arm64 (2.8.3) over (2.7.14build2) ...
#12 17.11 Setting up libapt-pkg6.0t64:arm64 (2.8.3) ...
#12 17.13 (Reading database ...
(Reading database ... 5%
(Reading database ... 10%
(Reading database ... 15%
(Reading database ... 20%
(Reading database ... 25%
(Reading database ... 30%
(Reading database ... 35%
(Reading database ... 40%
(Reading database ... 45%
(Reading database ... 50%
(Reading database ... 55%
(Reading database ... 60%
(Reading database ... 65%
(Reading database ... 70%
(Reading database ... 75%
(Reading database ... 80%
(Reading database ... 85%
(Reading database ... 90%
(Reading database ... 95%
(Reading database ... 100%
(Reading database ... 4372 files and directories currently installed.)
#12 17.14 Preparing to unpack .../tar_1.35+dfsg-3ubuntu0.4_arm64.deb ...
#12 17.14 Unpacking tar (1.35+dfsg-3ubuntu0.4) over (1.35+dfsg-3build1) ...
#12 17.17 Setting up tar (1.35+dfsg-3ubuntu0.4) ...
#12 17.19 (Reading database ...
(Reading database ... 5%
(Reading database ... 10%
(Reading database ... 15%
(Reading database ... 20%
(Reading database ... 25%
(Reading database ... 30%
(Reading database ... 35%
(Reading database ... 40%
(Reading database ... 45%
(Reading database ... 50%
(Reading database ... 55%
(Reading database ... 60%
(Reading database ... 65%
(Reading database ... 70%
(Reading database ... 75%
(Reading database ... 80%
(Reading database ... 85%
(Reading database ... 90%
(Reading database ... 95%
(Reading database ... 100%
(Reading database ... 4372 files and directories currently installed.)
#12 17.19 Preparing to unpack .../dpkg_1.22.6ubuntu6.6_arm64.deb ...
#12 17.20 Unpacking dpkg (1.22.6ubuntu6.6) over (1.22.6ubuntu6.1) ...
#12 17.29 Setting up dpkg (1.22.6ubuntu6.6) ...
#12 17.37 (Reading database ...
(Reading database ... 5%
(Reading database ... 10%
(Reading database ... 15%
(Reading database ... 20%
(Reading database ... 25%
(Reading database ... 30%
(Reading database ... 35%
(Reading database ... 40%
(Reading database ... 45%
(Reading database ... 50%
(Reading database ... 55%
(Reading database ... 60%
(Reading database ... 65%
(Reading database ... 70%
(Reading database ... 75%
(Reading database ... 80%
(Reading database ... 85%
(Reading database ... 90%
(Reading database ... 95%
(Reading database ... 100%
(Reading database ... 4372 files and directories currently installed.)
#12 17.37 Preparing to unpack .../gzip_1.12-1ubuntu3.2_arm64.deb ...
#12 17.38 Unpacking gzip (1.12-1ubuntu3.2) over (1.12-1ubuntu3) ...
#12 17.40 Setting up gzip (1.12-1ubuntu3.2) ...
#12 17.43 (Reading database ...
(Reading database ... 5%
(Reading database ... 10%
(Reading database ... 15%
(Reading database ... 20%
(Reading database ... 25%
(Reading database ... 30%
(Reading database ... 35%
(Reading database ... 40%
(Reading database ... 45%
(Reading database ... 50%
(Reading database ... 55%
(Reading database ... 60%
(Reading database ... 65%
(Reading database ... 70%
(Reading database ... 75%
(Reading database ... 80%
(Reading database ... 85%
(Reading database ... 90%
(Reading database ... 95%
(Reading database ... 100%
(Reading database ... 4372 files and directories currently installed.)
#12 17.43 Preparing to unpack .../login_1%3a4.13+dfsg1-4ubuntu3.2_arm64.deb ...
#12 17.44 Unpacking login (1:4.13+dfsg1-4ubuntu3.2) over (1:4.13+dfsg1-4ubuntu3) ...
#12 17.48 Setting up login (1:4.13+dfsg1-4ubuntu3.2) ...
#12 17.50 (Reading database ...
(Reading database ... 5%
(Reading database ... 10%
(Reading database ... 15%
(Reading database ... 20%
(Reading database ... 25%
(Reading database ... 30%
(Reading database ... 35%
(Reading database ... 40%
(Reading database ... 45%
(Reading database ... 50%
(Reading database ... 55%
(Reading database ... 60%
(Reading database ... 65%
(Reading database ... 70%
(Reading database ... 75%
(Reading database ... 80%
(Reading database ... 85%
(Reading database ... 90%
(Reading database ... 95%
(Reading database ... 100%
(Reading database ... 4372 files and directories currently installed.)
#12 17.51 Preparing to unpack .../ncurses-bin_6.4+20240113-1ubuntu2.2_arm64.deb ...
#12 17.51 Unpacking ncurses-bin (6.4+20240113-1ubuntu2.2) over (6.4+20240113-1ubuntu2) ...
#12 17.54 Setting up ncurses-bin (6.4+20240113-1ubuntu2.2) ...
#12 17.56 (Reading database ...
(Reading database ... 5%
(Reading database ... 10%
(Reading database ... 15%
(Reading database ... 20%
(Reading database ... 25%
(Reading database ... 30%
(Reading database ... 35%
(Reading database ... 40%
(Reading database ... 45%
(Reading database ... 50%
(Reading database ... 55%
(Reading database ... 60%
(Reading database ... 65%
(Reading database ... 70%
(Reading database ... 75%
(Reading database ... 80%
(Reading database ... 85%
(Reading database ... 90%
(Reading database ... 95%
(Reading database ... 100%
(Reading database ... 4372 files and directories currently installed.)
#12 17.56 Preparing to unpack .../perl-base_5.38.2-3.2ubuntu0.4_arm64.deb ...
#12 17.57 Unpacking perl-base (5.38.2-3.2ubuntu0.4) over (5.38.2-3.2build2) ...
#12 18.32 Setting up perl-base (5.38.2-3.2ubuntu0.4) ...
#12 18.34 (Reading database ...
(Reading database ... 5%
(Reading database ... 10%
(Reading database ... 15%
(Reading database ... 20%
(Reading database ... 25%
(Reading database ... 30%
(Reading database ... 35%
(Reading database ... 40%
(Reading database ... 45%
(Reading database ... 50%
(Reading database ... 55%
(Reading database ... 60%
(Reading database ... 65%
(Reading database ... 70%
(Reading database ... 75%
(Reading database ... 80%
(Reading database ... 85%
(Reading database ... 90%
(Reading database ... 95%
(Reading database ... 100%
(Reading database ... 4372 files and directories currently installed.)
#12 18.34 Preparing to unpack .../sed_4.9-2ubuntu0.24.04.1_arm64.deb ...
#12 18.35 Unpacking sed (4.9-2ubuntu0.24.04.1) over (4.9-2build1) ...
#12 18.37 Setting up sed (4.9-2ubuntu0.24.04.1) ...
#12 18.39 (Reading database ...
(Reading database ... 5%
(Reading database ... 10%
(Reading database ... 15%
(Reading database ... 20%
(Reading database ... 25%
(Reading database ... 30%
(Reading database ... 35%
(Reading database ... 40%
(Reading database ... 45%
(Reading database ... 50%
(Reading database ... 55%
(Reading database ... 60%
(Reading database ... 65%
(Reading database ... 70%
(Reading database ... 75%
(Reading database ... 80%
(Reading database ... 85%
(Reading database ... 90%
(Reading database ... 95%
(Reading database ... 100%
(Reading database ... 4372 files and directories currently installed.)
#12 18.40 Preparing to unpack .../util-linux_2.39.3-9ubuntu6.6_arm64.deb ...
#12 18.40 Unpacking util-linux (2.39.3-9ubuntu6.6) over (2.39.3-9ubuntu6.1) ...
#12 ...

#13 [system 1/1] RUN bash /opt/pg/scripts/install_system_packages.sh development
#13 10.17 Get:2 http://ports.ubuntu.com/ubuntu-ports noble-updates/main arm64 libgcc-s1 arm64 14.2.0-4ubuntu2~24.04.1 [61.9 kB]
#13 10.35 Get:3 http://ports.ubuntu.com/ubuntu-ports noble-updates/main arm64 libstdc++6 arm64 14.2.0-4ubuntu2~24.04.1 [751 kB]
#13 11.22 Get:4 http://ports.ubuntu.com/ubuntu-ports noble-updates/main arm64 libc6 arm64 2.39-0ubuntu8.9 [2776 kB]
#13 11.82 Get:5 http://ports.ubuntu.com/ubuntu-ports noble-updates/main arm64 base-files arm64 13ubuntu10.5 [73.4 kB]
#13 11.82 Get:6 http://ports.ubuntu.com/ubuntu-ports noble-updates/main arm64 bsdutils arm64 1:2.39.3-9ubuntu6.6 [99.1 kB]
#13 11.83 Get:7 http://ports.ubuntu.com/ubuntu-ports noble-updates/main arm64 coreutils arm64 9.4-3ubuntu6.3 [1364 kB]
#13 11.96 Get:8 http://ports.ubuntu.com/ubuntu-ports noble-updates/main arm64 diffutils arm64 1:3.10-1ubuntu0.1 [175 kB]
#13 11.98 Get:9 http://ports.ubuntu.com/ubuntu-ports noble-updates/main arm64 libbz2-1.0 arm64 1.0.8-5.1ubuntu0.1 [35.9 kB]
#13 11.99 Get:10 http://ports.ubuntu.com/ubuntu-ports noble-updates/main arm64 libgpg-error0 arm64 1.47-3build2.1 [70.0 kB]
#13 11.99 Get:11 http://ports.ubuntu.com/ubuntu-ports noble-updates/main arm64 libgcrypt20 arm64 1.10.3-2ubuntu0.2 [476 kB]
#13 12.05 Get:12 http://ports.ubuntu.com/ubuntu-ports noble-updates/main arm64 liblzma5 arm64 5.6.1+really5.4.5-1ubuntu0.3 [126 kB]
#13 12.06 Get:13 http://ports.ubuntu.com/ubuntu-ports noble-updates/main arm64 libcap2 arm64 1:2.66-5ubuntu2.4 [30.7 kB]
#13 12.07 Get:14 http://ports.ubuntu.com/ubuntu-ports noble-updates/main arm64 libsystemd0 arm64 255.4-1ubuntu8.17 [428 kB]
#13 12.10 Get:15 http://ports.ubuntu.com/ubuntu-ports noble-updates/main arm64 libudev1 arm64 255.4-1ubuntu8.17 [176 kB]
#13 12.10 Get:16 http://ports.ubuntu.com/ubuntu-ports noble-updates/main arm64 zlib1g arm64 1:1.3.dfsg-3.1ubuntu2.2 [61.9 kB]
#13 12.21 Get:17 http://ports.ubuntu.com/ubuntu-ports noble-updates/main arm64 libapt-pkg6.0t64 arm64 2.8.3 [937 kB]
#13 12.25 Get:18 http://ports.ubuntu.com/ubuntu-ports noble-updates/main arm64 tar arm64 1.35+dfsg-3ubuntu0.4 [252 kB]
#13 12.26 Get:19 http://ports.ubuntu.com/ubuntu-ports noble-updates/main arm64 dpkg arm64 1.22.6ubuntu6.6 [1265 kB]
#13 12.31 Get:20 http://ports.ubuntu.com/ubuntu-ports noble-updates/main arm64 gzip arm64 1.12-1ubuntu3.2 [97.6 kB]
#13 12.32 Get:21 http://ports.ubuntu.com/ubuntu-ports noble-updates/main arm64 login arm64 1:4.13+dfsg1-4ubuntu3.2 [200 kB]
#13 12.33 Get:22 http://ports.ubuntu.com/ubuntu-ports noble-updates/main arm64 ncurses-bin arm64 6.4+20240113-1ubuntu2.2 [186 kB]
#13 12.34 Get:23 http://ports.ubuntu.com/ubuntu-ports noble-updates/main arm64 perl-base arm64 5.38.2-3.2ubuntu0.4 [1781 kB]
#13 12.48 Get:24 http://ports.ubuntu.com/ubuntu-ports noble-updates/main arm64 sed arm64 4.9-2ubuntu0.24.04.1 [191 kB]
#13 12.49 Get:25 http://ports.ubuntu.com/ubuntu-ports noble-updates/main arm64 util-linux arm64 2.39.3-9ubuntu6.6 [1116 kB]
#13 12.54 Get:26 http://ports.ubuntu.com/ubuntu-ports noble-updates/main arm64 libc-bin arm64 2.39-0ubuntu8.9 [591 kB]
#13 12.56 Get:27 http://ports.ubuntu.com/ubuntu-ports noble-updates/main arm64 ncurses-base all 6.4+20240113-1ubuntu2.2 [25.8 kB]
#13 12.56 Get:28 http://ports.ubuntu.com/ubuntu-ports noble-updates/main arm64 gpgv arm64 2.4.4-2ubuntu17.6 [151 kB]
#13 12.57 Get:29 http://ports.ubuntu.com/ubuntu-ports noble-updates/main arm64 libgmp10 arm64 2:6.3.0+dfsg-2ubuntu6.1 [243 kB]
#13 12.58 Get:30 http://ports.ubuntu.com/ubuntu-ports noble-updates/main arm64 libunistring5 arm64 1.1-2build1.1 [530 kB]
#13 12.61 Get:31 http://ports.ubuntu.com/ubuntu-ports noble-updates/main arm64 libidn2-0 arm64 2.3.7-2build1.1 [67.2 kB]
#13 12.62 Get:32 http://ports.ubuntu.com/ubuntu-ports noble-updates/main arm64 libp11-kit0 arm64 0.25.3-4ubuntu2.2 [276 kB]
#13 12.73 Get:33 http://ports.ubuntu.com/ubuntu-ports noble-updates/main arm64 libtasn1-6 arm64 4.19.0-3ubuntu0.24.04.2 [43.7 kB]
#13 12.74 Get:34 http://ports.ubuntu.com/ubuntu-ports noble-updates/main arm64 libgnutls30t64 arm64 3.8.3-1.1ubuntu3.6 [942 kB]
#13 12.79 Get:35 http://ports.ubuntu.com/ubuntu-ports noble-updates/main arm64 apt arm64 2.8.3 [1336 kB]
#13 12.85 Get:36 http://ports.ubuntu.com/ubuntu-ports noble-updates/main arm64 libaudit-common all 1:3.1.2-2.1build1.1 [5824 B]
#13 12.85 Get:37 http://ports.ubuntu.com/ubuntu-ports noble-updates/main arm64 libaudit1 arm64 1:3.1.2-2.1build1.1 [47.5 kB]
#13 12.86 Get:38 http://ports.ubuntu.com/ubuntu-ports noble-updates/main arm64 libpam0g arm64 1.5.3-5ubuntu5.7 [68.4 kB]
#13 12.87 Get:39 http://ports.ubuntu.com/ubuntu-ports noble-updates/main arm64 libpcre2-8-0 arm64 10.42-4ubuntu2.1 [212 kB]
#13 12.90 Get:40 http://ports.ubuntu.com/ubuntu-ports noble-updates/main arm64 libselinux1 arm64 3.5-2ubuntu2.1 [79.9 kB]
#13 12.90 Get:41 http://ports.ubuntu.com/ubuntu-ports noble-updates/main arm64 libpam-modules-bin arm64 1.5.3-5ubuntu5.7 [50.4 kB]
#13 12.91 Get:42 http://ports.ubuntu.com/ubuntu-ports noble-updates/main arm64 libpam-modules arm64 1.5.3-5ubuntu5.7 [286 kB]
#13 12.98 Get:43 http://ports.ubuntu.com/ubuntu-ports noble-updates/main arm64 mount arm64 2.39.3-9ubuntu6.6 [116 kB]
#13 13.02 Get:44 http://ports.ubuntu.com/ubuntu-ports noble-updates/main arm64 libacl1 arm64 2.3.2-1build1.1 [17.1 kB]
#13 13.11 Get:45 http://ports.ubuntu.com/ubuntu-ports noble-updates/main arm64 libattr1 arm64 1:2.5.2-1ubuntu0.1 [11.4 kB]
#13 13.11 Get:46 http://ports.ubuntu.com/ubuntu-ports noble-updates/main arm64 libblkid1 arm64 2.39.3-9ubuntu6.6 [124 kB]
#13 13.12 Get:47 http://ports.ubuntu.com/ubuntu-ports noble-updates/main arm64 libmd0 arm64 1.1.0-2build1.1 [24.6 kB]
#13 13.12 Get:48 http://ports.ubuntu.com/ubuntu-ports noble-updates/main arm64 libmount1 arm64 2.39.3-9ubuntu6.6 [134 kB]
#13 13.13 Get:49 http://ports.ubuntu.com/ubuntu-ports noble-updates/main arm64 libpam-runtime all 1.5.3-5ubuntu5.7 [40.8 kB]
#13 13.15 Get:50 http://ports.ubuntu.com/ubuntu-ports noble-updates/main arm64 libsmartcols1 arm64 2.39.3-9ubuntu6.6 [65.8 kB]
#13 13.15 Get:51 http://ports.ubuntu.com/ubuntu-ports noble-updates/main arm64 libssl3t64 arm64 3.0.13-0ubuntu3.15 [1837 kB]
#13 13.22 Get:52 http://ports.ubuntu.com/ubuntu-ports noble-updates/main arm64 libncursesw6 arm64 6.4+20240113-1ubuntu2.2 [146 kB]
#13 13.26 Get:53 http://ports.ubuntu.com/ubuntu-ports noble-updates/main arm64 libtinfo6 arm64 6.4+20240113-1ubuntu2.2 [105 kB]
#13 13.28 Get:54 http://ports.ubuntu.com/ubuntu-ports noble-updates/main arm64 libuuid1 arm64 2.39.3-9ubuntu6.6 [36.8 kB]
#13 13.37 Get:55 http://ports.ubuntu.com/ubuntu-ports noble-updates/main arm64 libproc2-0 arm64 2:4.0.4-4ubuntu3.3 [58.5 kB]
#13 13.37 Get:56 http://ports.ubuntu.com/ubuntu-ports noble-updates/main arm64 passwd arm64 1:4.13+dfsg1-4ubuntu3.2 [838 kB]
#13 13.39 Get:57 http://ports.ubuntu.com/ubuntu-ports noble-updates/main arm64 procps arm64 2:4.0.4-4ubuntu3.3 [707 kB]
#13 13.51 debconf: delaying package configuration, since apt-utils is not installed
#13 13.53 Fetched 22.0 MB in 5s (4854 kB/s)
#13 13.54 (Reading database ...
(Reading database ... 5%
(Reading database ... 10%
(Reading database ... 15%
(Reading database ... 20%
(Reading database ... 25%
(Reading database ... 30%
(Reading database ... 35%
(Reading database ... 40%
(Reading database ... 45%
(Reading database ... 50%
(Reading database ... 55%
(Reading database ... 60%
(Reading database ... 65%
(Reading database ... 70%
(Reading database ... 75%
(Reading database ... 80%
(Reading database ... 85%
(Reading database ... 90%
(Reading database ... 95%
(Reading database ... 100%
(Reading database ... 4373 files and directories currently installed.)
#13 13.54 Preparing to unpack .../gcc-14-base_14.2.0-4ubuntu2~24.04.1_arm64.deb ...
#13 13.54 Unpacking gcc-14-base:arm64 (14.2.0-4ubuntu2~24.04.1) over (14-20240412-0ubuntu1) ...
#13 13.56 Setting up gcc-14-base:arm64 (14.2.0-4ubuntu2~24.04.1) ...
#13 13.57 (Reading database ...
(Reading database ... 5%
(Reading database ... 10%
(Reading database ... 15%
(Reading database ... 20%
(Reading database ... 25%
(Reading database ... 30%
(Reading database ... 35%
(Reading database ... 40%
(Reading database ... 45%
(Reading database ... 50%
(Reading database ... 55%
(Reading database ... 60%
(Reading database ... 65%
(Reading database ... 70%
(Reading database ... 75%
(Reading database ... 80%
(Reading database ... 85%
(Reading database ... 90%
(Reading database ... 95%
(Reading database ... 100%
(Reading database ... 4373 files and directories currently installed.)
#13 13.57 Preparing to unpack .../libgcc-s1_14.2.0-4ubuntu2~24.04.1_arm64.deb ...
#13 13.58 Unpacking libgcc-s1:arm64 (14.2.0-4ubuntu2~24.04.1) over (14-20240412-0ubuntu1) ...
#13 13.59 Setting up libgcc-s1:arm64 (14.2.0-4ubuntu2~24.04.1) ...
#13 13.60 (Reading database ...
(Reading database ... 5%
(Reading database ... 10%
(Reading database ... 15%
(Reading database ... 20%
(Reading database ... 25%
(Reading database ... 30%
(Reading database ... 35%
(Reading database ... 40%
(Reading database ... 45%
(Reading database ... 50%
(Reading database ... 55%
(Reading database ... 60%
(Reading database ... 65%
(Reading database ... 70%
(Reading database ... 75%
(Reading database ... 80%
(Reading database ... 85%
(Reading database ... 90%
(Reading database ... 95%
(Reading database ... 100%
(Reading database ... 4373 files and directories currently installed.)
#13 13.61 Preparing to unpack .../libstdc++6_14.2.0-4ubuntu2~24.04.1_arm64.deb ...
#13 13.61 Unpacking libstdc++6:arm64 (14.2.0-4ubuntu2~24.04.1) over (14-20240412-0ubuntu1) ...
#13 13.65 Setting up libstdc++6:arm64 (14.2.0-4ubuntu2~24.04.1) ...
#13 13.67 (Reading database ...
(Reading database ... 5%
(Reading database ... 10%
(Reading database ... 15%
(Reading database ... 20%
(Reading database ... 25%
(Reading database ... 30%
(Reading database ... 35%
(Reading database ... 40%
(Reading database ... 45%
(Reading database ... 50%
(Reading database ... 55%
(Reading database ... 60%
(Reading database ... 65%
(Reading database ... 70%
(Reading database ... 75%
(Reading database ... 80%
(Reading database ... 85%
(Reading database ... 90%
(Reading database ... 95%
(Reading database ... 100%
(Reading database ... 4373 files and directories currently installed.)
#13 13.67 Preparing to unpack .../libc6_2.39-0ubuntu8.9_arm64.deb ...
#13 13.71 Unpacking libc6:arm64 (2.39-0ubuntu8.9) over (2.39-0ubuntu8.3) ...
#13 14.03 Setting up libc6:arm64 (2.39-0ubuntu8.9) ...
#13 15.09 (Reading database ...
(Reading database ... 5%
(Reading database ... 10%
(Reading database ... 15%
(Reading database ... 20%
(Reading database ... 25%
(Reading database ... 30%
(Reading database ... 35%
(Reading database ... 40%
(Reading database ... 45%
(Reading database ... 50%
(Reading database ... 55%
(Reading database ... 60%
(Reading database ... 65%
(Reading database ... 70%
(Reading database ... 75%
(Reading database ... 80%
(Reading database ... 85%
(Reading database ... 90%
(Reading database ... 95%
(Reading database ... 100%
(Reading database ... 4372 files and directories currently installed.)
#13 15.09 Preparing to unpack .../base-files_13ubuntu10.5_arm64.deb ...
#13 15.10 Unpacking base-files (13ubuntu10.5) over (13ubuntu10.1) ...
#13 15.16 Setting up base-files (13ubuntu10.5) ...
#13 15.17 Installing new version of config file /etc/issue ...
#13 15.17 Installing new version of config file /etc/issue.net ...
#13 15.17 Installing new version of config file /etc/lsb-release ...
#13 15.24 (Reading database ...
(Reading database ... 5%
(Reading database ... 10%
(Reading database ... 15%
(Reading database ... 20%
(Reading database ... 25%
(Reading database ... 30%
(Reading database ... 35%
(Reading database ... 40%
(Reading database ... 45%
(Reading database ... 50%
(Reading database ... 55%
(Reading database ... 60%
(Reading database ... 65%
(Reading database ... 70%
(Reading database ... 75%
(Reading database ... 80%
(Reading database ... 85%
(Reading database ... 90%
(Reading database ... 95%
(Reading database ... 100%
(Reading database ... 4372 files and directories currently installed.)
#13 15.24 Preparing to unpack .../bsdutils_1%3a2.39.3-9ubuntu6.6_arm64.deb ...
#13 15.25 Unpacking bsdutils (1:2.39.3-9ubuntu6.6) over (1:2.39.3-9ubuntu6.1) ...
#13 15.28 Setting up bsdutils (1:2.39.3-9ubuntu6.6) ...
#13 15.30 (Reading database ...
(Reading database ... 5%
(Reading database ... 10%
(Reading database ... 15%
(Reading database ... 20%
(Reading database ... 25%
(Reading database ... 30%
(Reading database ... 35%
(Reading database ... 40%
(Reading database ... 45%
(Reading database ... 50%
(Reading database ... 55%
(Reading database ... 60%
(Reading database ... 65%
(Reading database ... 70%
(Reading database ... 75%
(Reading database ... 80%
(Reading database ... 85%
(Reading database ... 90%
(Reading database ... 95%
(Reading database ... 100%
(Reading database ... 4372 files and directories currently installed.)
#13 15.30 Preparing to unpack .../coreutils_9.4-3ubuntu6.3_arm64.deb ...
#13 15.30 Unpacking coreutils (9.4-3ubuntu6.3) over (9.4-3ubuntu6) ...
#13 15.49 Setting up coreutils (9.4-3ubuntu6.3) ...
#13 15.50 (Reading database ...
(Reading database ... 5%
(Reading database ... 10%
(Reading database ... 15%
(Reading database ... 20%
(Reading database ... 25%
(Reading database ... 30%
(Reading database ... 35%
(Reading database ... 40%
(Reading database ... 45%
(Reading database ... 50%
(Reading database ... 55%
(Reading database ... 60%
(Reading database ... 65%
(Reading database ... 70%
(Reading database ... 75%
(Reading database ... 80%
(Reading database ... 85%
(Reading database ... 90%
(Reading database ... 95%
(Reading database ... 100%
(Reading database ... 4372 files and directories currently installed.)
#13 15.50 Preparing to unpack .../diffutils_1%3a3.10-1ubuntu0.1_arm64.deb ...
#13 15.51 Unpacking diffutils (1:3.10-1ubuntu0.1) over (1:3.10-1build1) ...
#13 15.53 Setting up diffutils (1:3.10-1ubuntu0.1) ...
#13 15.54 (Reading database ...
(Reading database ... 5%
(Reading database ... 10%
(Reading database ... 15%
(Reading database ... 20%
(Reading database ... 25%
(Reading database ... 30%
(Reading database ... 35%
(Reading database ... 40%
(Reading database ... 45%
(Reading database ... 50%
(Reading database ... 55%
(Reading database ... 60%
(Reading database ... 65%
(Reading database ... 70%
(Reading database ... 75%
(Reading database ... 80%
(Reading database ... 85%
(Reading database ... 90%
(Reading database ... 95%
(Reading database ... 100%
(Reading database ... 4372 files and directories currently installed.)
#13 15.54 Preparing to unpack .../libbz2-1.0_1.0.8-5.1ubuntu0.1_arm64.deb ...
#13 15.54 Unpacking libbz2-1.0:arm64 (1.0.8-5.1ubuntu0.1) over (1.0.8-5.1build0.1) ...
#13 15.56 Setting up libbz2-1.0:arm64 (1.0.8-5.1ubuntu0.1) ...
#13 15.57 (Reading database ...
(Reading database ... 5%
(Reading database ... 10%
(Reading database ... 15%
(Reading database ... 20%
(Reading database ... 25%
(Reading database ... 30%
(Reading database ... 35%
(Reading database ... 40%
(Reading database ... 45%
(Reading database ... 50%
(Reading database ... 55%
(Reading database ... 60%
(Reading database ... 65%
(Reading database ... 70%
(Reading database ... 75%
(Reading database ... 80%
(Reading database ... 85%
(Reading database ... 90%
(Reading database ... 95%
(Reading database ... 100%
(Reading database ... 4372 files and directories currently installed.)
#13 15.57 Preparing to unpack .../libgpg-error0_1.47-3build2.1_arm64.deb ...
#13 15.58 Unpacking libgpg-error0:arm64 (1.47-3build2.1) over (1.47-3build2) ...
#13 15.59 Setting up libgpg-error0:arm64 (1.47-3build2.1) ...
#13 15.60 (Reading database ...
(Reading database ... 5%
(Reading database ... 10%
(Reading database ... 15%
(Reading database ... 20%
(Reading database ... 25%
(Reading database ... 30%
(Reading database ... 35%
(Reading database ... 40%
(Reading database ... 45%
(Reading database ... 50%
(Reading database ... 55%
(Reading database ... 60%
(Reading database ... 65%
(Reading database ... 70%
(Reading database ... 75%
(Reading database ... 80%
(Reading database ... 85%
(Reading database ... 90%
(Reading database ... 95%
(Reading database ... 100%
(Reading database ... 4372 files and directories currently installed.)
#13 15.61 Preparing to unpack .../libgcrypt20_1.10.3-2ubuntu0.2_arm64.deb ...
#13 15.61 Unpacking libgcrypt20:arm64 (1.10.3-2ubuntu0.2) over (1.10.3-2build1) ...
#13 15.63 Setting up libgcrypt20:arm64 (1.10.3-2ubuntu0.2) ...
#13 15.64 (Reading database ...
(Reading database ... 5%
(Reading database ... 10%
(Reading database ... 15%
(Reading database ... 20%
(Reading database ... 25%
(Reading database ... 30%
(Reading database ... 35%
(Reading database ... 40%
(Reading database ... 45%
(Reading database ... 50%
(Reading database ... 55%
(Reading database ... 60%
(Reading database ... 65%
(Reading database ... 70%
(Reading database ... 75%
(Reading database ... 80%
(Reading database ... 85%
(Reading database ... 90%
(Reading database ... 95%
(Reading database ... 100%
(Reading database ... 4372 files and directories currently installed.)
#13 15.65 Preparing to unpack .../liblzma5_5.6.1+really5.4.5-1ubuntu0.3_arm64.deb ...
#13 15.65 Unpacking liblzma5:arm64 (5.6.1+really5.4.5-1ubuntu0.3) over (5.6.1+really5.4.5-1build0.1) ...
#13 15.67 Setting up liblzma5:arm64 (5.6.1+really5.4.5-1ubuntu0.3) ...
#13 15.68 (Reading database ...
(Reading database ... 5%
(Reading database ... 10%
(Reading database ... 15%
(Reading database ... 20%
(Reading database ... 25%
(Reading database ... 30%
(Reading database ... 35%
(Reading database ... 40%
(Reading database ... 45%
(Reading database ... 50%
(Reading database ... 55%
(Reading database ... 60%
(Reading database ... 65%
(Reading database ... 70%
(Reading database ... 75%
(Reading database ... 80%
(Reading database ... 85%
(Reading database ... 90%
(Reading database ... 95%
(Reading database ... 100%
(Reading database ... 4372 files and directories currently installed.)
#13 15.68 Preparing to unpack .../libcap2_1%3a2.66-5ubuntu2.4_arm64.deb ...
#13 15.69 Unpacking libcap2:arm64 (1:2.66-5ubuntu2.4) over (1:2.66-5ubuntu2) ...
#13 15.70 Setting up libcap2:arm64 (1:2.66-5ubuntu2.4) ...
#13 15.71 (Reading database ...
(Reading database ... 5%
(Reading database ... 10%
(Reading database ... 15%
(Reading database ... 20%
(Reading database ... 25%
(Reading database ... 30%
(Reading database ... 35%
(Reading database ... 40%
(Reading database ... 45%
(Reading database ... 50%
(Reading database ... 55%
(Reading database ... 60%
(Reading database ... 65%
(Reading database ... 70%
(Reading database ... 75%
(Reading database ... 80%
(Reading database ... 85%
(Reading database ... 90%
(Reading database ... 95%
(Reading database ... 100%
(Reading database ... 4372 files and directories currently installed.)
#13 15.71 Preparing to unpack .../libsystemd0_255.4-1ubuntu8.17_arm64.deb ...
#13 15.72 Unpacking libsystemd0:arm64 (255.4-1ubuntu8.17) over (255.4-1ubuntu8.4) ...
#13 15.74 Setting up libsystemd0:arm64 (255.4-1ubuntu8.17) ...
#13 15.75 (Reading database ...
(Reading database ... 5%
(Reading database ... 10%
(Reading database ... 15%
(Reading database ... 20%
(Reading database ... 25%
(Reading database ... 30%
(Reading database ... 35%
(Reading database ... 40%
(Reading database ... 45%
(Reading database ... 50%
(Reading database ... 55%
(Reading database ... 60%
(Reading database ... 65%
(Reading database ... 70%
(Reading database ... 75%
(Reading database ... 80%
(Reading database ... 85%
(Reading database ... 90%
(Reading database ... 95%
(Reading database ... 100%
(Reading database ... 4372 files and directories currently installed.)
#13 15.75 Preparing to unpack .../libudev1_255.4-1ubuntu8.17_arm64.deb ...
#13 15.76 Unpacking libudev1:arm64 (255.4-1ubuntu8.17) over (255.4-1ubuntu8.4) ...
#13 15.77 Setting up libudev1:arm64 (255.4-1ubuntu8.17) ...
#13 15.79 (Reading database ...
(Reading database ... 5%
(Reading database ... 10%
(Reading database ... 15%
(Reading database ... 20%
(Reading database ... 25%
(Reading database ... 30%
(Reading database ... 35%
(Reading database ... 40%
(Reading database ... 45%
(Reading database ... 50%
(Reading database ... 55%
(Reading database ... 60%
(Reading database ... 65%
(Reading database ... 70%
(Reading database ... 75%
(Reading database ... 80%
(Reading database ... 85%
(Reading database ... 90%
(Reading database ... 95%
(Reading database ... 100%
(Reading database ... 4372 files and directories currently installed.)
#13 15.79 Preparing to unpack .../zlib1g_1%3a1.3.dfsg-3.1ubuntu2.2_arm64.deb ...
#13 15.79 Unpacking zlib1g:arm64 (1:1.3.dfsg-3.1ubuntu2.2) over (1:1.3.dfsg-3.1ubuntu2.1) ...
#13 15.81 Setting up zlib1g:arm64 (1:1.3.dfsg-3.1ubuntu2.2) ...
#13 15.82 (Reading database ...
(Reading database ... 5%
(Reading database ... 10%
(Reading database ... 15%
(Reading database ... 20%
(Reading database ... 25%
(Reading database ... 30%
(Reading database ... 35%
(Reading database ... 40%
(Reading database ... 45%
(Reading database ... 50%
(Reading database ... 55%
(Reading database ... 60%
(Reading database ... 65%
(Reading database ... 70%
(Reading database ... 75%
(Reading database ... 80%
(Reading database ... 85%
(Reading database ... 90%
(Reading database ... 95%
(Reading database ... 100%
(Reading database ... 4372 files and directories currently installed.)
#13 15.82 Preparing to unpack .../libapt-pkg6.0t64_2.8.3_arm64.deb ...
#13 15.83 Unpacking libapt-pkg6.0t64:arm64 (2.8.3) over (2.7.14build2) ...
#13 15.85 Setting up libapt-pkg6.0t64:arm64 (2.8.3) ...
#13 15.87 (Reading database ...
(Reading database ... 5%
(Reading database ... 10%
(Reading database ... 15%
(Reading database ... 20%
(Reading database ... 25%
(Reading database ... 30%
(Reading database ... 35%
(Reading database ... 40%
(Reading database ... 45%
(Reading database ... 50%
(Reading database ... 55%
(Reading database ... 60%
(Reading database ... 65%
(Reading database ... 70%
(Reading database ... 75%
(Reading database ... 80%
(Reading database ... 85%
(Reading database ... 90%
(Reading database ... 95%
(Reading database ... 100%
(Reading database ... 4372 files and directories currently installed.)
#13 15.87 Preparing to unpack .../tar_1.35+dfsg-3ubuntu0.4_arm64.deb ...
#13 15.87 Unpacking tar (1.35+dfsg-3ubuntu0.4) over (1.35+dfsg-3build1) ...
#13 15.89 Setting up tar (1.35+dfsg-3ubuntu0.4) ...
#13 15.91 (Reading database ...
(Reading database ... 5%
(Reading database ... 10%
(Reading database ... 15%
(Reading database ... 20%
(Reading database ... 25%
(Reading database ... 30%
(Reading database ... 35%
(Reading database ... 40%
(Reading database ... 45%
(Reading database ... 50%
(Reading database ... 55%
(Reading database ... 60%
(Reading database ... 65%
(Reading database ... 70%
(Reading database ... 75%
(Reading database ... 80%
(Reading database ... 85%
(Reading database ... 90%
(Reading database ... 95%
(Reading database ... 100%
(Reading database ... 4372 files and directories currently installed.)
#13 15.91 Preparing to unpack .../dpkg_1.22.6ubuntu6.6_arm64.deb ...
#13 15.92 Unpacking dpkg (1.22.6ubuntu6.6) over (1.22.6ubuntu6.1) ...
#13 16.00 Setting up dpkg (1.22.6ubuntu6.6) ...
#13 16.07 (Reading database ...
(Reading database ... 5%
(Reading database ... 10%
(Reading database ... 15%
(Reading database ... 20%
(Reading database ... 25%
(Reading database ... 30%
(Reading database ... 35%
(Reading database ... 40%
(Reading database ... 45%
(Reading database ... 50%
(Reading database ... 55%
(Reading database ... 60%
(Reading database ... 65%
(Reading database ... 70%
(Reading database ... 75%
(Reading database ... 80%
(Reading database ... 85%
(Reading database ... 90%
(Reading database ... 95%
(Reading database ... 100%
(Reading database ... 4372 files and directories currently installed.)
#13 16.08 Preparing to unpack .../gzip_1.12-1ubuntu3.2_arm64.deb ...
#13 16.09 Unpacking gzip (1.12-1ubuntu3.2) over (1.12-1ubuntu3) ...
#13 16.13 Setting up gzip (1.12-1ubuntu3.2) ...
#13 16.15 (Reading database ...
(Reading database ... 5%
(Reading database ... 10%
(Reading database ... 15%
(Reading database ... 20%
(Reading database ... 25%
(Reading database ... 30%
(Reading database ... 35%
(Reading database ... 40%
(Reading database ... 45%
(Reading database ... 50%
(Reading database ... 55%
(Reading database ... 60%
(Reading database ... 65%
(Reading database ... 70%
(Reading database ... 75%
(Reading database ... 80%
(Reading database ... 85%
(Reading database ... 90%
(Reading database ... 95%
(Reading database ... 100%
(Reading database ... 4372 files and directories currently installed.)
#13 16.15 Preparing to unpack .../login_1%3a4.13+dfsg1-4ubuntu3.2_arm64.deb ...
#13 16.16 Unpacking login (1:4.13+dfsg1-4ubuntu3.2) over (1:4.13+dfsg1-4ubuntu3) ...
#13 16.18 Setting up login (1:4.13+dfsg1-4ubuntu3.2) ...
#13 16.21 (Reading database ...
(Reading database ... 5%
(Reading database ... 10%
(Reading database ... 15%
(Reading database ... 20%
(Reading database ... 25%
(Reading database ... 30%
(Reading database ... 35%
(Reading database ... 40%
(Reading database ... 45%
(Reading database ... 50%
(Reading database ... 55%
(Reading database ... 60%
(Reading database ... 65%
(Reading database ... 70%
(Reading database ... 75%
(Reading database ... 80%
(Reading database ... 85%
(Reading database ... 90%
(Reading database ... 95%
(Reading database ... 100%
(Reading database ... 4372 files and directories currently installed.)
#13 16.21 Preparing to unpack .../ncurses-bin_6.4+20240113-1ubuntu2.2_arm64.deb ...
#13 16.22 Unpacking ncurses-bin (6.4+20240113-1ubuntu2.2) over (6.4+20240113-1ubuntu2) ...
#13 16.25 Setting up ncurses-bin (6.4+20240113-1ubuntu2.2) ...
#13 16.27 (Reading database ...
(Reading database ... 5%
(Reading database ... 10%
(Reading database ... 15%
(Reading database ... 20%
(Reading database ... 25%
(Reading database ... 30%
(Reading database ... 35%
(Reading database ... 40%
(Reading database ... 45%
(Reading database ... 50%
(Reading database ... 55%
(Reading database ... 60%
(Reading database ... 65%
(Reading database ... 70%
(Reading database ... 75%
(Reading database ... 80%
(Reading database ... 85%
(Reading database ... 90%
(Reading database ... 95%
(Reading database ... 100%
(Reading database ... 4372 files and directories currently installed.)
#13 16.27 Preparing to unpack .../perl-base_5.38.2-3.2ubuntu0.4_arm64.deb ...
#13 16.28 Unpacking perl-base (5.38.2-3.2ubuntu0.4) over (5.38.2-3.2build2) ...
#13 17.10 Setting up perl-base (5.38.2-3.2ubuntu0.4) ...
#13 17.12 (Reading database ...
(Reading database ... 5%
(Reading database ... 10%
(Reading database ... 15%
(Reading database ... 20%
(Reading database ... 25%
(Reading database ... 30%
(Reading database ... 35%
(Reading database ... 40%
(Reading database ... 45%
(Reading database ... 50%
(Reading database ... 55%
(Reading database ... 60%
(Reading database ... 65%
(Reading database ... 70%
(Reading database ... 75%
(Reading database ... 80%
(Reading database ... 85%
(Reading database ... 90%
(Reading database ... 95%
(Reading database ... 100%
(Reading database ... 4372 files and directories currently installed.)
#13 17.12 Preparing to unpack .../sed_4.9-2ubuntu0.24.04.1_arm64.deb ...
#13 17.13 Unpacking sed (4.9-2ubuntu0.24.04.1) over (4.9-2build1) ...
#13 17.15 Setting up sed (4.9-2ubuntu0.24.04.1) ...
#13 17.17 (Reading database ...
(Reading database ... 5%
(Reading database ... 10%
(Reading database ... 15%
(Reading database ... 20%
(Reading database ... 25%
(Reading database ... 30%
(Reading database ... 35%
(Reading database ... 40%
(Reading database ... 45%
(Reading database ... 50%
(Reading database ... 55%
(Reading database ... 60%
(Reading database ... 65%
(Reading database ... 70%
(Reading database ... 75%
(Reading database ... 80%
(Reading database ... 85%
(Reading database ... 90%
(Reading database ... 95%
(Reading database ... 100%
(Reading database ... 4372 files and directories currently installed.)
#13 17.17 Preparing to unpack .../util-linux_2.39.3-9ubuntu6.6_arm64.deb ...
#13 17.18 Unpacking util-linux (2.39.3-9ubuntu6.6) over (2.39.3-9ubuntu6.1) ...
#13 17.35 Setting up util-linux (2.39.3-9ubuntu6.6) ...
#13 17.43 (Reading database ...
(Reading database ... 5%
(Reading database ... 10%
(Reading database ... 15%
(Reading database ... 20%
(Reading database ... 25%
(Reading database ... 30%
(Reading database ... 35%
(Reading database ... 40%
(Reading database ... 45%
(Reading database ... 50%
(Reading database ... 55%
(Reading database ... 60%
(Reading database ... 65%
(Reading database ... 70%
(Reading database ... 75%
(Reading database ... 80%
(Reading database ... 85%
(Reading database ... 90%
(Reading database ... 95%
(Reading database ... 100%
(Reading database ... 4372 files and directories currently installed.)
#13 17.43 Preparing to unpack .../libc-bin_2.39-0ubuntu8.9_arm64.deb ...
#13 17.44 Unpacking libc-bin (2.39-0ubuntu8.9) over (2.39-0ubuntu8.3) ...
#13 17.50 Setting up libc-bin (2.39-0ubuntu8.9) ...
#13 17.53 (Reading database ...
(Reading database ... 5%
(Reading database ... 10%
(Reading database ... 15%
(Reading database ... 20%
(Reading database ... 25%
(Reading database ... 30%
(Reading database ... 35%
(Reading database ... 40%
(Reading database ... 45%
(Reading database ... 50%
(Reading database ... 55%
(Reading database ... 60%
(Reading database ... 65%
(Reading database ... 70%
(Reading database ... 75%
(Reading database ... 80%
(Reading database ... 85%
(Reading database ... 90%
(Reading database ... 95%
(Reading database ... 100%
(Reading database ... 4371 files and directories currently installed.)
#13 17.53 Preparing to unpack .../ncurses-base_6.4+20240113-1ubuntu2.2_all.deb ...
#13 17.54 Unpacking ncurses-base (6.4+20240113-1ubuntu2.2) over (6.4+20240113-1ubuntu2) ...
#13 17.62 Setting up ncurses-base (6.4+20240113-1ubuntu2.2) ...
#13 17.64 (Reading database ...
(Reading database ... 5%
(Reading database ... 10%
(Reading database ... 15%
(Reading database ... 20%
(Reading database ... 25%
(Reading database ... 30%
(Reading database ... 35%
(Reading database ... 40%
(Reading database ... 45%
(Reading database ... 50%
(Reading database ... 55%
(Reading database ... 60%
(Reading database ... 65%
(Reading database ... 70%
(Reading database ... 75%
(Reading database ... 80%
(Reading database ... 85%
(Reading database ... 90%
(Reading database ... 95%
(Reading database ... 100%
(Reading database ... 4371 files and directories currently installed.)
#13 17.64 Preparing to unpack .../gpgv_2.4.4-2ubuntu17.6_arm64.deb ...
#13 17.65 Unpacking gpgv (2.4.4-2ubuntu17.6) over (2.4.4-2ubuntu17) ...
#13 17.67 Setting up gpgv (2.4.4-2ubuntu17.6) ...
#13 17.68 (Reading database ...
(Reading database ... 5%
(Reading database ... 10%
(Reading database ... 15%
(Reading database ... 20%
(Reading database ... 25%
(Reading database ... 30%
(Reading database ... 35%
(Reading database ... 40%
(Reading database ... 45%
(Reading database ... 50%
(Reading database ... 55%
(Reading database ... 60%
(Reading database ... 65%
(Reading database ... 70%
(Reading database ... 75%
(Reading database ... 80%
(Reading database ... 85%
(Reading database ... 90%
(Reading database ... 95%
(Reading database ... 100%
(Reading database ... 4371 files and directories currently installed.)
#13 17.69 Preparing to unpack .../libgmp10_2%3a6.3.0+dfsg-2ubuntu6.1_arm64.deb ...
#13 17.69 Unpacking libgmp10:arm64 (2:6.3.0+dfsg-2ubuntu6.1) over (2:6.3.0+dfsg-2ubuntu6) ...
#13 17.72 Setting up libgmp10:arm64 (2:6.3.0+dfsg-2ubuntu6.1) ...
#13 17.74 (Reading database ...
(Reading database ... 5%
(Reading database ... 10%
(Reading database ... 15%
(Reading database ... 20%
(Reading database ... 25%
(Reading database ... 30%
(Reading database ... 35%
(Reading database ... 40%
(Reading database ... 45%
(Reading database ... 50%
(Reading database ... 55%
(Reading database ... 60%
(Reading database ... 65%
(Reading database ... 70%
(Reading database ... 75%
(Reading database ... 80%
(Reading database ... 85%
(Reading database ... 90%
(Reading database ... 95%
(Reading database ... 100%
(Reading database ... 4371 files and directories currently installed.)
#13 17.74 Preparing to unpack .../libunistring5_1.1-2build1.1_arm64.deb ...
#13 17.74 Unpacking libunistring5:arm64 (1.1-2build1.1) over (1.1-2build1) ...
#13 17.77 Setting up libunistring5:arm64 (1.1-2build1.1) ...
#13 17.79 (Reading database ...
(Reading database ... 5%
(Reading database ... 10%
(Reading database ... 15%
(Reading database ... 20%
(Reading database ... 25%
(Reading database ... 30%
(Reading database ... 35%
(Reading database ... 40%
(Reading database ... 45%
(Reading database ... 50%
(Reading database ... 55%
(Reading database ... 60%
(Reading database ... 65%
(Reading database ... 70%
(Reading database ... 75%
(Reading database ... 80%
(Reading database ... 85%
(Reading database ... 90%
(Reading database ... 95%
(Reading database ... 100%
(Reading database ... 4371 files and directories currently installed.)
#13 17.80 Preparing to unpack .../libidn2-0_2.3.7-2build1.1_arm64.deb ...
#13 17.80 Unpacking libidn2-0:arm64 (2.3.7-2build1.1) over (2.3.7-2build1) ...
#13 17.82 Setting up libidn2-0:arm64 (2.3.7-2build1.1) ...
#13 17.84 (Reading database ...
(Reading database ... 5%
(Reading database ... 10%
(Reading database ... 15%
(Reading database ... 20%
(Reading database ... 25%
(Reading database ... 30%
(Reading database ... 35%
(Reading database ... 40%
(Reading database ... 45%
(Reading database ... 50%
(Reading database ... 55%
(Reading database ... 60%
(Reading database ... 65%
(Reading database ... 70%
(Reading database ... 75%
(Reading database ... 80%
(Reading database ... 85%
(Reading database ... 90%
(Reading database ... 95%
(Reading database ... 100%
(Reading database ... 4371 files and directories currently installed.)
#13 17.84 Preparing to unpack .../libp11-kit0_0.25.3-4ubuntu2.2_arm64.deb ...
#13 17.85 Unpacking libp11-kit0:arm64 (0.25.3-4ubuntu2.2) over (0.25.3-4ubuntu2.1) ...
#13 17.88 Setting up libp11-kit0:arm64 (0.25.3-4ubuntu2.2) ...
#13 17.90 (Reading database ...
(Reading database ... 5%
(Reading database ... 10%
(Reading database ... 15%
(Reading database ... 20%
(Reading database ... 25%
(Reading database ... 30%
(Reading database ... 35%
(Reading database ... 40%
(Reading database ... 45%
(Reading database ... 50%
(Reading database ... 55%
(Reading database ... 60%
(Reading database ... 65%
(Reading database ... 70%
(Reading database ... 75%
(Reading database ... 80%
(Reading database ... 85%
(Reading database ... 90%
(Reading database ... 95%
(Reading database ... 100%
(Reading database ... 4371 files and directories currently installed.)
#13 17.91 Preparing to unpack .../libtasn1-6_4.19.0-3ubuntu0.24.04.2_arm64.deb ...
#13 17.91 Unpacking libtasn1-6:arm64 (4.19.0-3ubuntu0.24.04.2) over (4.19.0-3build1) ...
#13 17.94 Setting up libtasn1-6:arm64 (4.19.0-3ubuntu0.24.04.2) ...
#13 17.97 (Reading database ...
(Reading database ... 5%
(Reading database ... 10%
(Reading database ... 15%
(Reading database ... 20%
(Reading database ... 25%
(Reading database ... 30%
(Reading database ... 35%
(Reading database ... 40%
(Reading database ... 45%
(Reading database ... 50%
(Reading database ... 55%
(Reading database ... 60%
(Reading database ... 65%
(Reading database ... 70%
(Reading database ... 75%
(Reading database ... 80%
(Reading database ... 85%
(Reading database ... 90%
(Reading database ... 95%
(Reading database ... 100%
(Reading database ... 4371 files and directories currently installed.)
#13 17.97 Preparing to unpack .../libgnutls30t64_3.8.3-1.1ubuntu3.6_arm64.deb ...
#13 17.98 Unpacking libgnutls30t64:arm64 (3.8.3-1.1ubuntu3.6) over (3.8.3-1.1ubuntu3.2) ...
#13 18.01 Setting up libgnutls30t64:arm64 (3.8.3-1.1ubuntu3.6) ...
#13 18.04 (Reading database ...
(Reading database ... 5%
(Reading database ... 10%
(Reading database ... 15%
(Reading database ... 20%
(Reading database ... 25%
(Reading database ... 30%
(Reading database ... 35%
(Reading database ... 40%
(Reading database ... 45%
(Reading database ... 50%
(Reading database ... 55%
(Reading database ... 60%
(Reading database ... 65%
(Reading database ... 70%
(Reading database ... 75%
(Reading database ... 80%
(Reading database ... 85%
(Reading database ... 90%
(Reading database ... 95%
(Reading database ... 100%
(Reading database ... 4371 files and directories currently installed.)
#13 18.04 Preparing to unpack .../archives/apt_2.8.3_arm64.deb ...
#13 18.06 Unpacking apt (2.8.3) over (2.7.14build2) ...
#13 18.16 Setting up apt (2.8.3) ...
#13 18.28 (Reading database ...
(Reading database ... 5%
(Reading database ... 10%
(Reading database ... 15%
(Reading database ... 20%
(Reading database ... 25%
(Reading database ... 30%
(Reading database ... 35%
(Reading database ... 40%
(Reading database ... 45%
(Reading database ... 50%
(Reading database ... 55%
(Reading database ... 60%
(Reading database ... 65%
(Reading database ... 70%
(Reading database ... 75%
(Reading database ... 80%
(Reading database ... 85%
(Reading database ... 90%
(Reading database ... 95%
(Reading database ... 100%
(Reading database ... 4371 files and directories currently installed.)
#13 18.28 Preparing to unpack .../libaudit-common_1%3a3.1.2-2.1build1.1_all.deb ...
#13 18.30 Unpacking libaudit-common (1:3.1.2-2.1build1.1) over (1:3.1.2-2.1build1) ...
#13 18.32 Setting up libaudit-common (1:3.1.2-2.1build1.1) ...
#13 18.34 (Reading database ...
(Reading database ... 5%
(Reading database ... 10%
(Reading database ... 15%
(Reading database ... 20%
(Reading database ... 25%
(Reading database ... 30%
(Reading database ... 35%
(Reading database ... 40%
(Reading database ... 45%
(Reading database ... 50%
(Reading database ... 55%
(Reading database ... 60%
(Reading database ... 65%
(Reading database ... 70%
(Reading database ... 75%
(Reading database ... 80%
(Reading database ... 85%
(Reading database ... 90%
(Reading database ... 95%
(Reading database ... 100%
(Reading database ... 4371 files and directories currently installed.)
#13 18.34 Preparing to unpack .../libaudit1_1%3a3.1.2-2.1build1.1_arm64.deb ...
#13 18.35 Unpacking libaudit1:arm64 (1:3.1.2-2.1build1.1) over (1:3.1.2-2.1build1) ...
#13 18.37 Setting up libaudit1:arm64 (1:3.1.2-2.1build1.1) ...
#13 18.39 (Reading database ...
(Reading database ... 5%
(Reading database ... 10%
(Reading database ... 15%
(Reading database ... 20%
(Reading database ... 25%
(Reading database ... 30%
(Reading database ... 35%
(Reading database ... 40%
(Reading database ... 45%
(Reading database ... 50%
(Reading database ... 55%
(Reading database ... 60%
(Reading database ... 65%
(Reading database ... 70%
(Reading database ... 75%
(Reading database ... 80%
(Reading database ... 85%
(Reading database ... 90%
(Reading database ... 95%
(Reading database ... 100%
(Reading database ... 4371 files and directories currently installed.)
#13 18.39 Preparing to unpack .../libpam0g_1.5.3-5ubuntu5.7_arm64.deb ...
#13 18.40 Unpacking libpam0g:arm64 (1.5.3-5ubuntu5.7) over (1.5.3-5ubuntu5.1) ...
#13 18.43 Setting up libpam0g:arm64 (1.5.3-5ubuntu5.7) ...
#13 18.48 (Reading database ...
(Reading database ... 5%
(Reading database ... 10%
(Reading database ... 15%
(Reading database ... 20%
(Reading database ... 25%
(Reading database ... 30%
(Reading database ... 35%
(Reading database ... 40%
(Reading database ... 45%
(Reading database ... 50%
(Reading database ... 55%
(Reading database ... 60%
(Reading database ... 65%
(Reading database ... 70%
(Reading database ... 75%
(Reading database ... 80%
(Reading database ... 85%
(Reading database ... 90%
(Reading database ... 95%
(Reading database ... 100%
(Reading database ... 4371 files and directories currently installed.)
#13 18.48 Preparing to unpack .../libpcre2-8-0_10.42-4ubuntu2.1_arm64.deb ...
#13 18.48 Unpacking libpcre2-8-0:arm64 (10.42-4ubuntu2.1) over (10.42-4ubuntu2) ...
#13 18.51 Setting up libpcre2-8-0:arm64 (10.42-4ubuntu2.1) ...
#13 18.53 (Reading database ...
(Reading database ... 5%
(Reading database ... 10%
(Reading database ... 15%
(Reading database ... 20%
(Reading database ... 25%
(Reading database ... 30%
(Reading database ... 35%
(Reading database ... 40%
(Reading database ... 45%
(Reading database ... 50%
(Reading database ... 55%
(Reading database ... 60%
(Reading database ... 65%
(Reading database ... 70%
(Reading database ... 75%
(Reading database ... 80%
(Reading database ... 85%
(Reading database ... 90%
(Reading database ... 95%
(Reading database ... 100%
(Reading database ... 4371 files and directories currently installed.)
#13 18.53 Preparing to unpack .../libselinux1_3.5-2ubuntu2.1_arm64.deb ...
#13 18.54 Unpacking libselinux1:arm64 (3.5-2ubuntu2.1) over (3.5-2ubuntu2) ...
#13 18.56 Setting up libselinux1:arm64 (3.5-2ubuntu2.1) ...
#13 18.58 (Reading database ...
(Reading database ... 5%
(Reading database ... 10%
(Reading database ... 15%
(Reading database ... 20%
(Reading database ... 25%
(Reading database ... 30%
(Reading database ... 35%
(Reading database ... 40%
(Reading database ... 45%
(Reading database ... 50%
(Reading database ... 55%
(Reading database ... 60%
(Reading database ... 65%
(Reading database ... 70%
(Reading database ... 75%
(Reading database ... 80%
(Reading database ... 85%
(Reading database ... 90%
(Reading database ... 95%
(Reading database ... 100%
(Reading database ... 4371 files and directories currently installed.)
#13 18.59 Preparing to unpack .../libpam-modules-bin_1.5.3-5ubuntu5.7_arm64.deb ...
#13 18.60 Unpacking libpam-modules-bin (1.5.3-5ubuntu5.7) over (1.5.3-5ubuntu5.1) ...
#13 18.62 Setting up libpam-modules-bin (1.5.3-5ubuntu5.7) ...
#13 18.64 (Reading database ...
(Reading database ... 5%
(Reading database ... 10%
(Reading database ... 15%
(Reading database ... 20%
(Reading database ... 25%
(Reading database ... 30%
(Reading database ... 35%
(Reading database ... 40%
(Reading database ... 45%
(Reading database ... 50%
(Reading database ... 55%
(Reading database ... 60%
(Reading database ... 65%
(Reading database ... 70%
(Reading database ... 75%
(Reading database ... 80%
(Reading database ... 85%
(Reading database ... 90%
(Reading database ... 95%
(Reading database ... 100%
(Reading database ... 4371 files and directories currently installed.)
#13 18.64 Preparing to unpack .../libpam-modules_1.5.3-5ubuntu5.7_arm64.deb ...
#13 18.67 Unpacking libpam-modules:arm64 (1.5.3-5ubuntu5.7) over (1.5.3-5ubuntu5.1) ...
#13 18.77 Setting up libpam-modules:arm64 (1.5.3-5ubuntu5.7) ...
#13 18.77 Installing new version of config file /etc/security/namespace.init ...
#13 18.80 (Reading database ...
(Reading database ... 5%
(Reading database ... 10%
(Reading database ... 15%
(Reading database ... 20%
(Reading database ... 25%
(Reading database ... 30%
(Reading database ... 35%
(Reading database ... 40%
(Reading database ... 45%
(Reading database ... 50%
(Reading database ... 55%
(Reading database ... 60%
(Reading database ... 65%
(Reading database ... 70%
(Reading database ... 75%
(Reading database ... 80%
(Reading database ... 85%
(Reading database ... 90%
(Reading database ... 95%
(Reading database ... 100%
(Reading database ... 4371 files and directories currently installed.)
#13 18.80 Preparing to unpack .../mount_2.39.3-9ubuntu6.6_arm64.deb ...
#13 18.81 Unpacking mount (2.39.3-9ubuntu6.6) over (2.39.3-9ubuntu6.1) ...
#13 18.84 Preparing to unpack .../libacl1_2.3.2-1build1.1_arm64.deb ...
#13 18.85 Unpacking libacl1:arm64 (2.3.2-1build1.1) over (2.3.2-1build1) ...
#13 18.87 Setting up libacl1:arm64 (2.3.2-1build1.1) ...
#13 18.89 (Reading database ...
(Reading database ... 5%
(Reading database ... 10%
(Reading database ... 15%
(Reading database ... 20%
(Reading database ... 25%
(Reading database ... 30%
(Reading database ... 35%
(Reading database ... 40%
(Reading database ... 45%
(Reading database ... 50%
(Reading database ... 55%
(Reading database ... 60%
(Reading database ... 65%
(Reading database ... 70%
(Reading database ... 75%
(Reading database ... 80%
(Reading database ... 85%
(Reading database ... 90%
(Reading database ... 95%
(Reading database ... 100%
(Reading database ... 4371 files and directories currently installed.)
#13 18.89 Preparing to unpack .../libattr1_1%3a2.5.2-1ubuntu0.1_arm64.deb ...
#13 18.90 Unpacking libattr1:arm64 (1:2.5.2-1ubuntu0.1) over (1:2.5.2-1build1) ...
#13 18.92 Setting up libattr1:arm64 (1:2.5.2-1ubuntu0.1) ...
#13 18.94 (Reading database ...
(Reading database ... 5%
(Reading database ... 10%
(Reading database ... 15%
(Reading database ... 20%
(Reading database ... 25%
(Reading database ... 30%
(Reading database ... 35%
(Reading database ... 40%
(Reading database ... 45%
(Reading database ... 50%
(Reading database ... 55%
(Reading database ... 60%
(Reading database ... 65%
(Reading database ... 70%
(Reading database ... 75%
(Reading database ... 80%
(Reading database ... 85%
(Reading database ... 90%
(Reading database ... 95%
(Reading database ... 100%
(Reading database ... 4371 files and directories currently installed.)
#13 18.94 Preparing to unpack .../libblkid1_2.39.3-9ubuntu6.6_arm64.deb ...
#13 ...

#12 [runtime-system 1/1] RUN bash /opt/pg/scripts/install_system_packages.sh runtime
#12 18.60 Setting up util-linux (2.39.3-9ubuntu6.6) ...
#12 18.67 (Reading database ...
(Reading database ... 5%
(Reading database ... 10%
(Reading database ... 15%
(Reading database ... 20%
(Reading database ... 25%
(Reading database ... 30%
(Reading database ... 35%
(Reading database ... 40%
(Reading database ... 45%
(Reading database ... 50%
(Reading database ... 55%
(Reading database ... 60%
(Reading database ... 65%
(Reading database ... 70%
(Reading database ... 75%
(Reading database ... 80%
(Reading database ... 85%
(Reading database ... 90%
(Reading database ... 95%
(Reading database ... 100%
(Reading database ... 4372 files and directories currently installed.)
#12 18.67 Preparing to unpack .../libc-bin_2.39-0ubuntu8.9_arm64.deb ...
#12 18.68 Unpacking libc-bin (2.39-0ubuntu8.9) over (2.39-0ubuntu8.3) ...
#12 18.74 Setting up libc-bin (2.39-0ubuntu8.9) ...
#12 18.78 (Reading database ...
(Reading database ... 5%
(Reading database ... 10%
(Reading database ... 15%
(Reading database ... 20%
(Reading database ... 25%
(Reading database ... 30%
(Reading database ... 35%
(Reading database ... 40%
(Reading database ... 45%
(Reading database ... 50%
(Reading database ... 55%
(Reading database ... 60%
(Reading database ... 65%
(Reading database ... 70%
(Reading database ... 75%
(Reading database ... 80%
(Reading database ... 85%
(Reading database ... 90%
(Reading database ... 95%
(Reading database ... 100%
(Reading database ... 4371 files and directories currently installed.)
#12 18.78 Preparing to unpack .../ncurses-base_6.4+20240113-1ubuntu2.2_all.deb ...
#12 18.78 Unpacking ncurses-base (6.4+20240113-1ubuntu2.2) over (6.4+20240113-1ubuntu2) ...
#12 18.86 Setting up ncurses-base (6.4+20240113-1ubuntu2.2) ...
#12 18.87 (Reading database ...
(Reading database ... 5%
(Reading database ... 10%
(Reading database ... 15%
(Reading database ... 20%
(Reading database ... 25%
(Reading database ... 30%
(Reading database ... 35%
(Reading database ... 40%
(Reading database ... 45%
(Reading database ... 50%
(Reading database ... 55%
(Reading database ... 60%
(Reading database ... 65%
(Reading database ... 70%
(Reading database ... 75%
(Reading database ... 80%
(Reading database ... 85%
(Reading database ... 90%
(Reading database ... 95%
(Reading database ... 100%
(Reading database ... 4371 files and directories currently installed.)
#12 18.88 Preparing to unpack .../gpgv_2.4.4-2ubuntu17.6_arm64.deb ...
#12 18.88 Unpacking gpgv (2.4.4-2ubuntu17.6) over (2.4.4-2ubuntu17) ...
#12 18.90 Setting up gpgv (2.4.4-2ubuntu17.6) ...
#12 18.92 (Reading database ...
(Reading database ... 5%
(Reading database ... 10%
(Reading database ... 15%
(Reading database ... 20%
(Reading database ... 25%
(Reading database ... 30%
(Reading database ... 35%
(Reading database ... 40%
(Reading database ... 45%
(Reading database ... 50%
(Reading database ... 55%
(Reading database ... 60%
(Reading database ... 65%
(Reading database ... 70%
(Reading database ... 75%
(Reading database ... 80%
(Reading database ... 85%
(Reading database ... 90%
(Reading database ... 95%
(Reading database ... 100%
(Reading database ... 4371 files and directories currently installed.)
#12 18.92 Preparing to unpack .../libgmp10_2%3a6.3.0+dfsg-2ubuntu6.1_arm64.deb ...
#12 18.93 Unpacking libgmp10:arm64 (2:6.3.0+dfsg-2ubuntu6.1) over (2:6.3.0+dfsg-2ubuntu6) ...
#12 18.96 Setting up libgmp10:arm64 (2:6.3.0+dfsg-2ubuntu6.1) ...
#12 18.97 (Reading database ...
(Reading database ... 5%
(Reading database ... 10%
(Reading database ... 15%
(Reading database ... 20%
(Reading database ... 25%
(Reading database ... 30%
(Reading database ... 35%
(Reading database ... 40%
(Reading database ... 45%
(Reading database ... 50%
(Reading database ... 55%
(Reading database ... 60%
(Reading database ... 65%
(Reading database ... 70%
(Reading database ... 75%
(Reading database ... 80%
(Reading database ... 85%
(Reading database ... 90%
(Reading database ... 95%
(Reading database ... 100%
(Reading database ... 4371 files and directories currently installed.)
#12 18.98 Preparing to unpack .../libunistring5_1.1-2build1.1_arm64.deb ...
#12 18.98 Unpacking libunistring5:arm64 (1.1-2build1.1) over (1.1-2build1) ...
#12 19.01 Setting up libunistring5:arm64 (1.1-2build1.1) ...
#12 19.03 (Reading database ...
(Reading database ... 5%
(Reading database ... 10%
(Reading database ... 15%
(Reading database ... 20%
(Reading database ... 25%
(Reading database ... 30%
(Reading database ... 35%
(Reading database ... 40%
(Reading database ... 45%
(Reading database ... 50%
(Reading database ... 55%
(Reading database ... 60%
(Reading database ... 65%
(Reading database ... 70%
(Reading database ... 75%
(Reading database ... 80%
(Reading database ... 85%
(Reading database ... 90%
(Reading database ... 95%
(Reading database ... 100%
(Reading database ... 4371 files and directories currently installed.)
#12 19.04 Preparing to unpack .../libidn2-0_2.3.7-2build1.1_arm64.deb ...
#12 19.04 Unpacking libidn2-0:arm64 (2.3.7-2build1.1) over (2.3.7-2build1) ...
#12 19.07 Setting up libidn2-0:arm64 (2.3.7-2build1.1) ...
#12 19.09 (Reading database ...
(Reading database ... 5%
(Reading database ... 10%
(Reading database ... 15%
(Reading database ... 20%
(Reading database ... 25%
(Reading database ... 30%
(Reading database ... 35%
(Reading database ... 40%
(Reading database ... 45%
(Reading database ... 50%
(Reading database ... 55%
(Reading database ... 60%
(Reading database ... 65%
(Reading database ... 70%
(Reading database ... 75%
(Reading database ... 80%
(Reading database ... 85%
(Reading database ... 90%
(Reading database ... 95%
(Reading database ... 100%
(Reading database ... 4371 files and directories currently installed.)
#12 19.09 Preparing to unpack .../libp11-kit0_0.25.3-4ubuntu2.2_arm64.deb ...
#12 19.10 Unpacking libp11-kit0:arm64 (0.25.3-4ubuntu2.2) over (0.25.3-4ubuntu2.1) ...
#12 19.13 Setting up libp11-kit0:arm64 (0.25.3-4ubuntu2.2) ...
#12 19.15 (Reading database ...
(Reading database ... 5%
(Reading database ... 10%
(Reading database ... 15%
(Reading database ... 20%
(Reading database ... 25%
(Reading database ... 30%
(Reading database ... 35%
(Reading database ... 40%
(Reading database ... 45%
(Reading database ... 50%
(Reading database ... 55%
(Reading database ... 60%
(Reading database ... 65%
(Reading database ... 70%
(Reading database ... 75%
(Reading database ... 80%
(Reading database ... 85%
(Reading database ... 90%
(Reading database ... 95%
(Reading database ... 100%
(Reading database ... 4371 files and directories currently installed.)
#12 19.15 Preparing to unpack .../libtasn1-6_4.19.0-3ubuntu0.24.04.2_arm64.deb ...
#12 19.15 Unpacking libtasn1-6:arm64 (4.19.0-3ubuntu0.24.04.2) over (4.19.0-3build1) ...
#12 19.17 Setting up libtasn1-6:arm64 (4.19.0-3ubuntu0.24.04.2) ...
#12 19.18 (Reading database ...
(Reading database ... 5%
(Reading database ... 10%
(Reading database ... 15%
(Reading database ... 20%
(Reading database ... 25%
(Reading database ... 30%
(Reading database ... 35%
(Reading database ... 40%
(Reading database ... 45%
(Reading database ... 50%
(Reading database ... 55%
(Reading database ... 60%
(Reading database ... 65%
(Reading database ... 70%
(Reading database ... 75%
(Reading database ... 80%
(Reading database ... 85%
(Reading database ... 90%
(Reading database ... 95%
(Reading database ... 100%
(Reading database ... 4371 files and directories currently installed.)
#12 19.19 Preparing to unpack .../libgnutls30t64_3.8.3-1.1ubuntu3.6_arm64.deb ...
#12 19.19 Unpacking libgnutls30t64:arm64 (3.8.3-1.1ubuntu3.6) over (3.8.3-1.1ubuntu3.2) ...
#12 19.22 Setting up libgnutls30t64:arm64 (3.8.3-1.1ubuntu3.6) ...
#12 19.24 (Reading database ...
(Reading database ... 5%
(Reading database ... 10%
(Reading database ... 15%
(Reading database ... 20%
(Reading database ... 25%
(Reading database ... 30%
(Reading database ... 35%
(Reading database ... 40%
(Reading database ... 45%
(Reading database ... 50%
(Reading database ... 55%
(Reading database ... 60%
(Reading database ... 65%
(Reading database ... 70%
(Reading database ... 75%
(Reading database ... 80%
(Reading database ... 85%
(Reading database ... 90%
(Reading database ... 95%
(Reading database ... 100%
(Reading database ... 4371 files and directories currently installed.)
#12 19.25 Preparing to unpack .../archives/apt_2.8.3_arm64.deb ...
#12 19.26 Unpacking apt (2.8.3) over (2.7.14build2) ...
#12 19.36 Setting up apt (2.8.3) ...
#12 19.48 (Reading database ...
(Reading database ... 5%
(Reading database ... 10%
(Reading database ... 15%
(Reading database ... 20%
(Reading database ... 25%
(Reading database ... 30%
(Reading database ... 35%
(Reading database ... 40%
(Reading database ... 45%
(Reading database ... 50%
(Reading database ... 55%
(Reading database ... 60%
(Reading database ... 65%
(Reading database ... 70%
(Reading database ... 75%
(Reading database ... 80%
(Reading database ... 85%
(Reading database ... 90%
(Reading database ... 95%
(Reading database ... 100%
(Reading database ... 4371 files and directories currently installed.)
#12 19.48 Preparing to unpack .../libaudit-common_1%3a3.1.2-2.1build1.1_all.deb ...
#12 19.48 Unpacking libaudit-common (1:3.1.2-2.1build1.1) over (1:3.1.2-2.1build1) ...
#12 19.50 Setting up libaudit-common (1:3.1.2-2.1build1.1) ...
#12 19.52 (Reading database ...
(Reading database ... 5%
(Reading database ... 10%
(Reading database ... 15%
(Reading database ... 20%
(Reading database ... 25%
(Reading database ... 30%
(Reading database ... 35%
(Reading database ... 40%
(Reading database ... 45%
(Reading database ... 50%
(Reading database ... 55%
(Reading database ... 60%
(Reading database ... 65%
(Reading database ... 70%
(Reading database ... 75%
(Reading database ... 80%
(Reading database ... 85%
(Reading database ... 90%
(Reading database ... 95%
(Reading database ... 100%
(Reading database ... 4371 files and directories currently installed.)
#12 19.52 Preparing to unpack .../libaudit1_1%3a3.1.2-2.1build1.1_arm64.deb ...
#12 19.53 Unpacking libaudit1:arm64 (1:3.1.2-2.1build1.1) over (1:3.1.2-2.1build1) ...
#12 19.55 Setting up libaudit1:arm64 (1:3.1.2-2.1build1.1) ...
#12 19.57 (Reading database ...
(Reading database ... 5%
(Reading database ... 10%
(Reading database ... 15%
(Reading database ... 20%
(Reading database ... 25%
(Reading database ... 30%
(Reading database ... 35%
(Reading database ... 40%
(Reading database ... 45%
(Reading database ... 50%
(Reading database ... 55%
(Reading database ... 60%
(Reading database ... 65%
(Reading database ... 70%
(Reading database ... 75%
(Reading database ... 80%
(Reading database ... 85%
(Reading database ... 90%
(Reading database ... 95%
(Reading database ... 100%
(Reading database ... 4371 files and directories currently installed.)
#12 19.57 Preparing to unpack .../libpam0g_1.5.3-5ubuntu5.7_arm64.deb ...
#12 19.57 Unpacking libpam0g:arm64 (1.5.3-5ubuntu5.7) over (1.5.3-5ubuntu5.1) ...
#12 19.60 Setting up libpam0g:arm64 (1.5.3-5ubuntu5.7) ...
#12 19.65 (Reading database ...
(Reading database ... 5%
(Reading database ... 10%
(Reading database ... 15%
(Reading database ... 20%
(Reading database ... 25%
(Reading database ... 30%
(Reading database ... 35%
(Reading database ... 40%
(Reading database ... 45%
(Reading database ... 50%
(Reading database ... 55%
(Reading database ... 60%
(Reading database ... 65%
(Reading database ... 70%
(Reading database ... 75%
(Reading database ... 80%
(Reading database ... 85%
(Reading database ... 90%
(Reading database ... 95%
(Reading database ... 100%
(Reading database ... 4371 files and directories currently installed.)
#12 19.65 Preparing to unpack .../libpcre2-8-0_10.42-4ubuntu2.1_arm64.deb ...
#12 19.65 Unpacking libpcre2-8-0:arm64 (10.42-4ubuntu2.1) over (10.42-4ubuntu2) ...
#12 19.68 Setting up libpcre2-8-0:arm64 (10.42-4ubuntu2.1) ...
#12 19.70 (Reading database ...
(Reading database ... 5%
(Reading database ... 10%
(Reading database ... 15%
(Reading database ... 20%
(Reading database ... 25%
(Reading database ... 30%
(Reading database ... 35%
(Reading database ... 40%
(Reading database ... 45%
(Reading database ... 50%
(Reading database ... 55%
(Reading database ... 60%
(Reading database ... 65%
(Reading database ... 70%
(Reading database ... 75%
(Reading database ... 80%
(Reading database ... 85%
(Reading database ... 90%
(Reading database ... 95%
(Reading database ... 100%
(Reading database ... 4371 files and directories currently installed.)
#12 19.70 Preparing to unpack .../libselinux1_3.5-2ubuntu2.1_arm64.deb ...
#12 19.70 Unpacking libselinux1:arm64 (3.5-2ubuntu2.1) over (3.5-2ubuntu2) ...
#12 19.72 Setting up libselinux1:arm64 (3.5-2ubuntu2.1) ...
#12 19.73 (Reading database ...
(Reading database ... 5%
(Reading database ... 10%
(Reading database ... 15%
(Reading database ... 20%
(Reading database ... 25%
(Reading database ... 30%
(Reading database ... 35%
(Reading database ... 40%
(Reading database ... 45%
(Reading database ... 50%
(Reading database ... 55%
(Reading database ... 60%
(Reading database ... 65%
(Reading database ... 70%
(Reading database ... 75%
(Reading database ... 80%
(Reading database ... 85%
(Reading database ... 90%
(Reading database ... 95%
(Reading database ... 100%
(Reading database ... 4371 files and directories currently installed.)
#12 19.73 Preparing to unpack .../libpam-modules-bin_1.5.3-5ubuntu5.7_arm64.deb ...
#12 19.74 Unpacking libpam-modules-bin (1.5.3-5ubuntu5.7) over (1.5.3-5ubuntu5.1) ...
#12 19.76 Setting up libpam-modules-bin (1.5.3-5ubuntu5.7) ...
#12 19.78 (Reading database ...
(Reading database ... 5%
(Reading database ... 10%
(Reading database ... 15%
(Reading database ... 20%
(Reading database ... 25%
(Reading database ... 30%
(Reading database ... 35%
(Reading database ... 40%
(Reading database ... 45%
(Reading database ... 50%
(Reading database ... 55%
(Reading database ... 60%
(Reading database ... 65%
(Reading database ... 70%
(Reading database ... 75%
(Reading database ... 80%
(Reading database ... 85%
(Reading database ... 90%
(Reading database ... 95%
(Reading database ... 100%
(Reading database ... 4371 files and directories currently installed.)
#12 19.78 Preparing to unpack .../libpam-modules_1.5.3-5ubuntu5.7_arm64.deb ...
#12 19.81 Unpacking libpam-modules:arm64 (1.5.3-5ubuntu5.7) over (1.5.3-5ubuntu5.1) ...
#12 19.87 Setting up libpam-modules:arm64 (1.5.3-5ubuntu5.7) ...
#12 19.88 Installing new version of config file /etc/security/namespace.init ...
#12 19.90 (Reading database ...
(Reading database ... 5%
(Reading database ... 10%
(Reading database ... 15%
(Reading database ... 20%
(Reading database ... 25%
(Reading database ... 30%
(Reading database ... 35%
(Reading database ... 40%
(Reading database ... 45%
(Reading database ... 50%
(Reading database ... 55%
(Reading database ... 60%
(Reading database ... 65%
(Reading database ... 70%
(Reading database ... 75%
(Reading database ... 80%
(Reading database ... 85%
(Reading database ... 90%
(Reading database ... 95%
(Reading database ... 100%
(Reading database ... 4371 files and directories currently installed.)
#12 19.90 Preparing to unpack .../mount_2.39.3-9ubuntu6.6_arm64.deb ...
#12 19.90 Unpacking mount (2.39.3-9ubuntu6.6) over (2.39.3-9ubuntu6.1) ...
#12 19.93 Preparing to unpack .../libacl1_2.3.2-1build1.1_arm64.deb ...
#12 19.93 Unpacking libacl1:arm64 (2.3.2-1build1.1) over (2.3.2-1build1) ...
#12 19.95 Setting up libacl1:arm64 (2.3.2-1build1.1) ...
#12 19.96 (Reading database ...
(Reading database ... 5%
(Reading database ... 10%
(Reading database ... 15%
(Reading database ... 20%
(Reading database ... 25%
(Reading database ... 30%
(Reading database ... 35%
(Reading database ... 40%
(Reading database ... 45%
(Reading database ... 50%
(Reading database ... 55%
(Reading database ... 60%
(Reading database ... 65%
(Reading database ... 70%
(Reading database ... 75%
(Reading database ... 80%
(Reading database ... 85%
(Reading database ... 90%
(Reading database ... 95%
(Reading database ... 100%
(Reading database ... 4371 files and directories currently installed.)
#12 19.96 Preparing to unpack .../libattr1_1%3a2.5.2-1ubuntu0.1_arm64.deb ...
#12 19.97 Unpacking libattr1:arm64 (1:2.5.2-1ubuntu0.1) over (1:2.5.2-1build1) ...
#12 19.98 Setting up libattr1:arm64 (1:2.5.2-1ubuntu0.1) ...
#12 20.00 (Reading database ...
(Reading database ... 5%
(Reading database ... 10%
(Reading database ... 15%
(Reading database ... 20%
(Reading database ... 25%
(Reading database ... 30%
(Reading database ... 35%
(Reading database ... 40%
(Reading database ... 45%
(Reading database ... 50%
(Reading database ... 55%
(Reading database ... 60%
(Reading database ... 65%
(Reading database ... 70%
(Reading database ... 75%
(Reading database ... 80%
(Reading database ... 85%
(Reading database ... 90%
(Reading database ... 95%
(Reading database ... 100%
(Reading database ... 4371 files and directories currently installed.)
#12 20.00 Preparing to unpack .../libblkid1_2.39.3-9ubuntu6.6_arm64.deb ...
#12 20.00 Unpacking libblkid1:arm64 (2.39.3-9ubuntu6.6) over (2.39.3-9ubuntu6.1) ...
#12 20.02 Setting up libblkid1:arm64 (2.39.3-9ubuntu6.6) ...
#12 20.04 (Reading database ...
(Reading database ... 5%
(Reading database ... 10%
(Reading database ... 15%
(Reading database ... 20%
(Reading database ... 25%
(Reading database ... 30%
(Reading database ... 35%
(Reading database ... 40%
(Reading database ... 45%
(Reading database ... 50%
(Reading database ... 55%
(Reading database ... 60%
(Reading database ... 65%
(Reading database ... 70%
(Reading database ... 75%
(Reading database ... 80%
(Reading database ... 85%
(Reading database ... 90%
(Reading database ... 95%
(Reading database ... 100%
(Reading database ... 4371 files and directories currently installed.)
#12 20.04 Preparing to unpack .../libmd0_1.1.0-2build1.1_arm64.deb ...
#12 20.04 Unpacking libmd0:arm64 (1.1.0-2build1.1) over (1.1.0-2build1) ...
#12 20.06 Setting up libmd0:arm64 (1.1.0-2build1.1) ...
#12 20.07 (Reading database ...
(Reading database ... 5%
(Reading database ... 10%
(Reading database ... 15%
(Reading database ... 20%
(Reading database ... 25%
(Reading database ... 30%
(Reading database ... 35%
(Reading database ... 40%
(Reading database ... 45%
(Reading database ... 50%
(Reading database ... 55%
(Reading database ... 60%
(Reading database ... 65%
(Reading database ... 70%
(Reading database ... 75%
(Reading database ... 80%
(Reading database ... 85%
(Reading database ... 90%
(Reading database ... 95%
(Reading database ... 100%
(Reading database ... 4371 files and directories currently installed.)
#12 20.07 Preparing to unpack .../libmount1_2.39.3-9ubuntu6.6_arm64.deb ...
#12 20.08 Unpacking libmount1:arm64 (2.39.3-9ubuntu6.6) over (2.39.3-9ubuntu6.1) ...
#12 20.09 Setting up libmount1:arm64 (2.39.3-9ubuntu6.6) ...
#12 20.11 (Reading database ...
(Reading database ... 5%
(Reading database ... 10%
(Reading database ... 15%
(Reading database ... 20%
(Reading database ... 25%
(Reading database ... 30%
(Reading database ... 35%
(Reading database ... 40%
(Reading database ... 45%
(Reading database ... 50%
(Reading database ... 55%
(Reading database ... 60%
(Reading database ... 65%
(Reading database ... 70%
(Reading database ... 75%
(Reading database ... 80%
(Reading database ... 85%
(Reading database ... 90%
(Reading database ... 95%
(Reading database ... 100%
(Reading database ... 4371 files and directories currently installed.)
#12 20.11 Preparing to unpack .../libpam-runtime_1.5.3-5ubuntu5.7_all.deb ...
#12 20.11 Unpacking libpam-runtime (1.5.3-5ubuntu5.7) over (1.5.3-5ubuntu5.1) ...
#12 20.14 Setting up libpam-runtime (1.5.3-5ubuntu5.7) ...
#12 20.20 (Reading database ...
(Reading database ... 5%
(Reading database ... 10%
(Reading database ... 15%
(Reading database ... 20%
(Reading database ... 25%
(Reading database ... 30%
(Reading database ... 35%
(Reading database ... 40%
(Reading database ... 45%
(Reading database ... 50%
(Reading database ... 55%
(Reading database ... 60%
(Reading database ... 65%
(Reading database ... 70%
(Reading database ... 75%
(Reading database ... 80%
(Reading database ... 85%
(Reading database ... 90%
(Reading database ... 95%
(Reading database ... 100%
(Reading database ... 4371 files and directories currently installed.)
#12 20.20 Preparing to unpack .../libsmartcols1_2.39.3-9ubuntu6.6_arm64.deb ...
#12 20.20 Unpacking libsmartcols1:arm64 (2.39.3-9ubuntu6.6) over (2.39.3-9ubuntu6.1) ...
#12 20.22 Setting up libsmartcols1:arm64 (2.39.3-9ubuntu6.6) ...
#12 20.23 (Reading database ...
(Reading database ... 5%
(Reading database ... 10%
(Reading database ... 15%
(Reading database ... 20%
(Reading database ... 25%
(Reading database ... 30%
(Reading database ... 35%
(Reading database ... 40%
(Reading database ... 45%
(Reading database ... 50%
(Reading database ... 55%
(Reading database ... 60%
(Reading database ... 65%
(Reading database ... 70%
(Reading database ... 75%
(Reading database ... 80%
(Reading database ... 85%
(Reading database ... 90%
(Reading database ... 95%
(Reading database ... 100%
(Reading database ... 4371 files and directories currently installed.)
#12 20.24 Preparing to unpack .../libssl3t64_3.0.13-0ubuntu3.15_arm64.deb ...
#12 20.24 Unpacking libssl3t64:arm64 (3.0.13-0ubuntu3.15) over (3.0.13-0ubuntu3.3) ...
#12 20.28 Setting up libssl3t64:arm64 (3.0.13-0ubuntu3.15) ...
#12 20.30 (Reading database ...
(Reading database ... 5%
(Reading database ... 10%
(Reading database ... 15%
(Reading database ... 20%
(Reading database ... 25%
(Reading database ... 30%
(Reading database ... 35%
(Reading database ... 40%
(Reading database ... 45%
(Reading database ... 50%
(Reading database ... 55%
(Reading database ... 60%
(Reading database ... 65%
(Reading database ... 70%
(Reading database ... 75%
(Reading database ... 80%
(Reading database ... 85%
(Reading database ... 90%
(Reading database ... 95%
(Reading database ... 100%
(Reading database ... 4371 files and directories currently installed.)
#12 20.30 Preparing to unpack .../libncursesw6_6.4+20240113-1ubuntu2.2_arm64.deb ...
#12 20.30 Unpacking libncursesw6:arm64 (6.4+20240113-1ubuntu2.2) over (6.4+20240113-1ubuntu2) ...
#12 20.32 Preparing to unpack .../libtinfo6_6.4+20240113-1ubuntu2.2_arm64.deb ...
#12 20.33 Unpacking libtinfo6:arm64 (6.4+20240113-1ubuntu2.2) over (6.4+20240113-1ubuntu2) ...
#12 20.34 Setting up libtinfo6:arm64 (6.4+20240113-1ubuntu2.2) ...
#12 20.36 (Reading database ...
(Reading database ... 5%
(Reading database ... 10%
(Reading database ... 15%
(Reading database ... 20%
(Reading database ... 25%
(Reading database ... 30%
(Reading database ... 35%
(Reading database ... 40%
(Reading database ... 45%
(Reading database ... 50%
(Reading database ... 55%
(Reading database ... 60%
(Reading database ... 65%
(Reading database ... 70%
(Reading database ... 75%
(Reading database ... 80%
(Reading database ... 85%
(Reading database ... 90%
(Reading database ... 95%
(Reading database ... 100%
(Reading database ... 4371 files and directories currently installed.)
#12 20.36 Preparing to unpack .../libuuid1_2.39.3-9ubuntu6.6_arm64.deb ...
#12 20.36 Unpacking libuuid1:arm64 (2.39.3-9ubuntu6.6) over (2.39.3-9ubuntu6.1) ...
#12 20.38 Setting up libuuid1:arm64 (2.39.3-9ubuntu6.6) ...
#12 20.39 (Reading database ...
(Reading database ... 5%
(Reading database ... 10%
(Reading database ... 15%
(Reading database ... 20%
(Reading database ... 25%
(Reading database ... 30%
(Reading database ... 35%
(Reading database ... 40%
(Reading database ... 45%
(Reading database ... 50%
(Reading database ... 55%
(Reading database ... 60%
(Reading database ... 65%
(Reading database ... 70%
(Reading database ... 75%
(Reading database ... 80%
(Reading database ... 85%
(Reading database ... 90%
(Reading database ... 95%
(Reading database ... 100%
(Reading database ... 4371 files and directories currently installed.)
#12 20.39 Preparing to unpack .../libproc2-0_2%3a4.0.4-4ubuntu3.3_arm64.deb ...
#12 20.40 Unpacking libproc2-0:arm64 (2:4.0.4-4ubuntu3.3) over (2:4.0.4-4ubuntu3) ...
#12 20.41 Preparing to unpack .../passwd_1%3a4.13+dfsg1-4ubuntu3.2_arm64.deb ...
#12 20.42 Unpacking passwd (1:4.13+dfsg1-4ubuntu3.2) over (1:4.13+dfsg1-4ubuntu3) ...
#12 20.48 Preparing to unpack .../procps_2%3a4.0.4-4ubuntu3.3_arm64.deb ...
#12 20.49 Unpacking procps (2:4.0.4-4ubuntu3.3) over (2:4.0.4-4ubuntu3) ...
#12 20.53 Setting up libproc2-0:arm64 (2:4.0.4-4ubuntu3.3) ...
#12 20.53 Setting up libncursesw6:arm64 (6.4+20240113-1ubuntu2.2) ...
#12 20.53 Setting up passwd (1:4.13+dfsg1-4ubuntu3.2) ...
#12 20.55 Setting up mount (2.39.3-9ubuntu6.6) ...
#12 20.55 Setting up procps (2:4.0.4-4ubuntu3.3) ...
#12 20.58 Processing triggers for libc-bin (2.39-0ubuntu8.9) ...
#12 20.59 Reading package lists...
#12 21.17 Building dependency tree...
#12 21.30 Reading state information...
#12 21.45 procps is already the newest version (2:4.0.4-4ubuntu3.3).
#12 21.45 util-linux is already the newest version (2.39.3-9ubuntu6.6).
#12 21.45 The following additional packages will be installed:
#12 21.45   augustus-data ca-certificates-java git-man java-common libarchive13t64
#12 21.45   libbamtools2.5.2 libboost-iostreams1.83.0 libbpp-core4t64 libbpp-seq12t64
#12 21.45   libbrotli1 libcolamd3 libcurl3t64-gnutls libcurl4t64 libdeflate0
#12 21.45   liberror-perl libexpat1 libgdbm-compat4t64 libgdbm6t64 libgsl27 libgslcblas0
#12 21.45   libgssapi-krb5-2 libhts3t64 libhtscodecs2 libicu74 libisal2 libjpeg-turbo8
#12 21.45   libjpeg8 libk5crypto3 libkeyutils1 libkrb5-3 libkrb5support0 liblcms2-2
#12 21.45   libldap2 libmpfr6 libmysql++3t64 libmysqlclient21 libnghttp2-14 libnspr4
#12 21.45   libnss3 libpcsclite1 libperl5.38t64 libpopt0 libpsl5t64 libreadline8t64
#12 21.45   librtmp1 libsasl2-2 libsasl2-modules-db libsensors-config libsensors5
#12 21.45   libsigsegv2 libsqlite3-0 libssh-4 libsuitesparseconfig7 libxml2 mysql-common
#12 21.45   openjdk-21-jre-headless openssl perl-modules-5.38 readline-common sysstat
#12 21.45   ucf xz-utils
#12 21.45 Suggested packages:
#12 21.45   cdbfasta diamond-aligner libfile-which-perl libparallel-forkmanager-perl
#12 21.45   libyaml-perl libdbd-mysql-perl python3-biopython default-jre gawk-doc
#12 21.45   gettext-base git-daemon-run | git-daemon-sysvinit git-doc git-email git-gui
#12 21.45   gitk gitweb git-cvs git-mediawiki git-svn lrzip gdbm-l10n gsl-ref-psdoc
#12 21.45   | gsl-doc-pdf | gsl-doc-info | gsl-ref-html krb5-doc krb5-user
#12 21.45   liblcms2-utils pcscd lm-sensors libnss-mdns fonts-dejavu-extra
#12 21.45   fonts-ipafont-gothic fonts-ipafont-mincho fonts-wqy-microhei
#12 21.45   | fonts-wqy-zenhei fonts-indic csh fish ksh tcsh zsh perl-doc
#12 21.45   libterm-readline-gnu-perl | libterm-readline-perl-perl make
#12 21.45   libtap-harness-archive-perl readline-doc openssh-client openssh-server
#12 21.45   python3 python3-braceexpand isag
#12 21.45 Recommended packages:
#12 21.45   samtools patch ssh-client krb5-locales libldap-common publicsuffix
#12 21.45   libsasl2-modules libcups2t64 libfontconfig1 libfreetype6 libharfbuzz0b
#12 21.45   libasound2t64 netbase systemd | cron | cron-daemon
#12 21.61 The following NEW packages will be installed:
#12 21.61   augustus augustus-data ca-certificates ca-certificates-java curl
#12 21.61   default-jre-headless fastp gawk git git-man java-common less
#12 21.61   libarchive-tools libarchive13t64 libbamtools2.5.2 libboost-iostreams1.83.0
#12 21.61   libbpp-core4t64 libbpp-phyl12t64 libbpp-seq12t64 libbrotli1 libcolamd3
#12 21.61   libcurl3t64-gnutls libcurl4t64 libdeflate0 liberror-perl libexpat1
#12 21.61   libgdbm-compat4t64 libgdbm6t64 libgomp1 libgsl27 libgslcblas0
#12 21.61   libgssapi-krb5-2 libhts3t64 libhtscodecs2 libicu74 libisal2 libjpeg-turbo8
#12 21.61   libjpeg8 libk5crypto3 libkeyutils1 libkrb5-3 libkrb5support0 liblcms2-2
#12 21.61   libldap2 libmpfr6 libmysql++3t64 libmysqlclient21 libnghttp2-14 libnspr4
#12 21.61   libnss3 libpcsclite1 libperl5.38t64 libpopt0 libpsl5t64 libreadline8t64
#12 21.61   librtmp1 libsasl2-2 libsasl2-modules-db libsensors-config libsensors5
#12 21.61   libsigsegv2 libsqlite3-0 libssh-4 libsuitesparseconfig7 libxml2 locales
#12 21.61   mysql-common openjdk-21-jre-headless openssl parallel perl perl-modules-5.38
#12 21.61   pigz readline-common rsync sysstat tini ucf unzip wget xz-utils zip
#12 22.18 0 upgraded, 82 newly installed, 0 to remove and 0 not upgraded.
#12 22.18 Need to get 118 MB of archives.
#12 22.18 After this operation, 551 MB of additional disk space will be used.
#12 22.18 Get:1 http://ports.ubuntu.com/ubuntu-ports noble/main arm64 libpopt0 arm64 1.19+dfsg-1build1 [28.4 kB]
#12 22.82 Get:2 http://ports.ubuntu.com/ubuntu-ports noble-updates/main arm64 rsync arm64 3.2.7-1ubuntu1.5 [437 kB]
#12 24.04 Get:3 http://ports.ubuntu.com/ubuntu-ports noble-updates/main arm64 libmpfr6 arm64 4.2.1-1build1.1 [329 kB]
#12 24.23 Get:4 http://ports.ubuntu.com/ubuntu-ports noble/main arm64 readline-common all 8.2-4build1 [56.5 kB]
#12 24.27 Get:5 http://ports.ubuntu.com/ubuntu-ports noble/main arm64 libreadline8t64 arm64 8.2-4build1 [153 kB]
#12 24.34 Get:6 http://ports.ubuntu.com/ubuntu-ports noble/main arm64 libsigsegv2 arm64 2.14-1ubuntu2 [14.9 kB]
#12 24.35 Get:7 http://ports.ubuntu.com/ubuntu-ports noble-updates/main arm64 gawk arm64 1:5.2.1-2ubuntu0.1 [447 kB]
#12 24.60 Get:8 http://ports.ubuntu.com/ubuntu-ports noble-updates/main arm64 perl-modules-5.38 all 5.38.2-3.2ubuntu0.4 [3110 kB]
#12 25.34 Get:9 http://ports.ubuntu.com/ubuntu-ports noble/main arm64 libgdbm6t64 arm64 1.23-5.1build1 [34.4 kB]
#12 25.34 Get:10 http://ports.ubuntu.com/ubuntu-ports noble/main arm64 libgdbm-compat4t64 arm64 1.23-5.1build1 [6578 B]
#12 25.34 Get:11 http://ports.ubuntu.com/ubuntu-ports noble-updates/main arm64 libperl5.38t64 arm64 5.38.2-3.2ubuntu0.4 [4785 kB]
#12 26.24 Get:12 http://ports.ubuntu.com/ubuntu-ports noble-updates/main arm64 perl arm64 5.38.2-3.2ubuntu0.4 [231 kB]
#12 26.25 Get:13 http://ports.ubuntu.com/ubuntu-ports noble/universe arm64 pigz arm64 2.8-1 [60.7 kB]
#12 26.25 Get:14 http://ports.ubuntu.com/ubuntu-ports noble-updates/main arm64 openssl arm64 3.0.13-0ubuntu3.15 [985 kB]
#12 26.28 Get:15 http://ports.ubuntu.com/ubuntu-ports noble-updates/main arm64 ca-certificates all 20260601~24.04.1 [139 kB]
#12 26.28 Get:16 http://ports.ubuntu.com/ubuntu-ports noble-updates/main arm64 less arm64 590-2ubuntu2.1 [142 kB]
#12 26.29 Get:17 http://ports.ubuntu.com/ubuntu-ports noble-updates/main arm64 libexpat1 arm64 2.6.1-2ubuntu0.4 [77.5 kB]
#12 26.29 Get:18 http://ports.ubuntu.com/ubuntu-ports noble-updates/main arm64 libkrb5support0 arm64 1.20.1-6ubuntu2.8 [35.1 kB]
#12 26.29 Get:19 http://ports.ubuntu.com/ubuntu-ports noble-updates/main arm64 libk5crypto3 arm64 1.20.1-6ubuntu2.8 [85.8 kB]
#12 26.29 Get:20 http://ports.ubuntu.com/ubuntu-ports noble/main arm64 libkeyutils1 arm64 1.6.3-3build1 [9654 B]
#12 26.52 Get:21 http://ports.ubuntu.com/ubuntu-ports noble-updates/main arm64 libkrb5-3 arm64 1.20.1-6ubuntu2.8 [349 kB]
#12 26.54 Get:22 http://ports.ubuntu.com/ubuntu-ports noble-updates/main arm64 libgssapi-krb5-2 arm64 1.20.1-6ubuntu2.8 [142 kB]
#12 26.55 Get:23 http://ports.ubuntu.com/ubuntu-ports noble-updates/main arm64 libicu74 arm64 74.2-1ubuntu3.1 [10.8 MB]
#12 27.49 Get:24 http://ports.ubuntu.com/ubuntu-ports noble-updates/main arm64 libsqlite3-0 arm64 3.45.1-1ubuntu2.7 [705 kB]
#12 27.52 Get:25 http://ports.ubuntu.com/ubuntu-ports noble-updates/main arm64 libxml2 arm64 2.9.14+dfsg-1.3ubuntu3.8 [736 kB]
#12 27.66 Get:26 http://ports.ubuntu.com/ubuntu-ports noble-updates/main arm64 locales all 2.39-0ubuntu8.9 [4232 kB]
#12 27.97 Get:27 http://ports.ubuntu.com/ubuntu-ports noble/main arm64 ucf all 3.0043+nmu1 [56.5 kB]
#12 27.98 Get:28 http://ports.ubuntu.com/ubuntu-ports noble-updates/main arm64 libnghttp2-14 arm64 1.59.0-1ubuntu0.4 [74.8 kB]
#12 27.98 Get:29 http://ports.ubuntu.com/ubuntu-ports noble/main arm64 libpsl5t64 arm64 0.21.2-1.1build1 [57.4 kB]
#12 27.99 Get:30 http://ports.ubuntu.com/ubuntu-ports noble/main arm64 libsensors-config all 1:3.6.0-9build1 [5546 B]
#12 27.99 Get:31 http://ports.ubuntu.com/ubuntu-ports noble/main arm64 libsensors5 arm64 1:3.6.0-9build1 [27.0 kB]
#12 27.99 Get:32 http://ports.ubuntu.com/ubuntu-ports noble-updates/main arm64 xz-utils arm64 5.6.1+really5.4.5-1ubuntu0.3 [268 kB]
#12 28.02 Get:33 http://ports.ubuntu.com/ubuntu-ports noble/main arm64 sysstat arm64 12.6.1-2 [480 kB]
#12 28.04 Get:34 http://ports.ubuntu.com/ubuntu-ports noble-updates/main arm64 wget arm64 1.21.4-1ubuntu4.5 [331 kB]
#12 28.06 Get:35 http://ports.ubuntu.com/ubuntu-ports noble/universe arm64 libbamtools2.5.2 arm64 2.5.2+dfsg-4 [134 kB]
#12 28.25 Get:36 http://ports.ubuntu.com/ubuntu-ports noble-updates/main arm64 libboost-iostreams1.83.0 arm64 1.83.0-2.1ubuntu3.2 [258 kB]
#12 28.27 Get:37 http://ports.ubuntu.com/ubuntu-ports noble-updates/main arm64 libgomp1 arm64 14.2.0-4ubuntu2~24.04.1 [145 kB]
#12 28.28 Get:38 http://ports.ubuntu.com/ubuntu-ports noble/main arm64 libsuitesparseconfig7 arm64 1:7.6.1+dfsg-1build1 [12.5 kB]
#12 28.28 Get:39 http://ports.ubuntu.com/ubuntu-ports noble/main arm64 libcolamd3 arm64 1:7.6.1+dfsg-1build1 [18.1 kB]
#12 28.28 Get:40 http://ports.ubuntu.com/ubuntu-ports noble/universe arm64 libgslcblas0 arm64 2.7.1+dfsg-6ubuntu2 [72.8 kB]
#12 28.28 Get:41 http://ports.ubuntu.com/ubuntu-ports noble/universe arm64 libgsl27 arm64 2.7.1+dfsg-6ubuntu2 [918 kB]
#12 28.35 Get:42 http://ports.ubuntu.com/ubuntu-ports noble/main arm64 libbrotli1 arm64 1.1.0-2build2 [339 kB]
#12 28.37 Get:43 http://ports.ubuntu.com/ubuntu-ports noble-updates/main arm64 libsasl2-modules-db arm64 2.1.28+dfsg1-5ubuntu3.1 [21.6 kB]
#12 28.37 Get:44 http://ports.ubuntu.com/ubuntu-ports noble-updates/main arm64 libsasl2-2 arm64 2.1.28+dfsg1-5ubuntu3.1 [54.7 kB]
#12 28.38 Get:45 http://ports.ubuntu.com/ubuntu-ports noble-updates/main arm64 libldap2 arm64 2.6.10+dfsg-0ubuntu0.24.04.1 [196 kB]
#12 28.54 Get:46 http://ports.ubuntu.com/ubuntu-ports noble/main arm64 librtmp1 arm64 2.4+20151223.gitfa8646d.1-2build7 [57.8 kB]
#12 28.55 Get:47 http://ports.ubuntu.com/ubuntu-ports noble-updates/main arm64 libssh-4 arm64 0.10.6-2ubuntu0.5 [192 kB]
#12 28.57 Get:48 http://ports.ubuntu.com/ubuntu-ports noble-updates/main arm64 libcurl3t64-gnutls arm64 8.5.0-2ubuntu10.13 [330 kB]
#12 28.59 Get:49 http://ports.ubuntu.com/ubuntu-ports noble-updates/main arm64 libdeflate0 arm64 1.19-1build1.1 [43.5 kB]
#12 28.59 Get:50 http://ports.ubuntu.com/ubuntu-ports noble/universe arm64 libhtscodecs2 arm64 1.6.0-1build1 [78.0 kB]
#12 28.62 Get:51 http://ports.ubuntu.com/ubuntu-ports noble/universe arm64 libhts3t64 arm64 1.19+ds-1.1build3 [429 kB]
#12 28.65 Get:52 http://ports.ubuntu.com/ubuntu-ports noble/main arm64 mysql-common all 5.8+1.1.0build1 [6746 B]
#12 28.65 Get:53 http://ports.ubuntu.com/ubuntu-ports noble-updates/main arm64 libmysqlclient21 arm64 8.0.46-0ubuntu0.24.04.4 [1246 kB]
#12 28.76 Get:54 http://ports.ubuntu.com/ubuntu-ports noble/universe arm64 libmysql++3t64 arm64 3.2.5-2.3 [97.2 kB]
#12 28.77 Get:55 http://ports.ubuntu.com/ubuntu-ports noble/universe arm64 augustus-data all 3.5.0+dfsg-4build5 [22.8 MB]
#12 ...

#13 [system 1/1] RUN bash /opt/pg/scripts/install_system_packages.sh development
#13 18.95 Unpacking libblkid1:arm64 (2.39.3-9ubuntu6.6) over (2.39.3-9ubuntu6.1) ...
#13 18.98 Setting up libblkid1:arm64 (2.39.3-9ubuntu6.6) ...
#13 18.99 (Reading database ...
(Reading database ... 5%
(Reading database ... 10%
(Reading database ... 15%
(Reading database ... 20%
(Reading database ... 25%
(Reading database ... 30%
(Reading database ... 35%
(Reading database ... 40%
(Reading database ... 45%
(Reading database ... 50%
(Reading database ... 55%
(Reading database ... 60%
(Reading database ... 65%
(Reading database ... 70%
(Reading database ... 75%
(Reading database ... 80%
(Reading database ... 85%
(Reading database ... 90%
(Reading database ... 95%
(Reading database ... 100%
(Reading database ... 4371 files and directories currently installed.)
#13 19.00 Preparing to unpack .../libmd0_1.1.0-2build1.1_arm64.deb ...
#13 19.00 Unpacking libmd0:arm64 (1.1.0-2build1.1) over (1.1.0-2build1) ...
#13 19.02 Setting up libmd0:arm64 (1.1.0-2build1.1) ...
#13 19.04 (Reading database ...
(Reading database ... 5%
(Reading database ... 10%
(Reading database ... 15%
(Reading database ... 20%
(Reading database ... 25%
(Reading database ... 30%
(Reading database ... 35%
(Reading database ... 40%
(Reading database ... 45%
(Reading database ... 50%
(Reading database ... 55%
(Reading database ... 60%
(Reading database ... 65%
(Reading database ... 70%
(Reading database ... 75%
(Reading database ... 80%
(Reading database ... 85%
(Reading database ... 90%
(Reading database ... 95%
(Reading database ... 100%
(Reading database ... 4371 files and directories currently installed.)
#13 19.05 Preparing to unpack .../libmount1_2.39.3-9ubuntu6.6_arm64.deb ...
#13 19.05 Unpacking libmount1:arm64 (2.39.3-9ubuntu6.6) over (2.39.3-9ubuntu6.1) ...
#13 19.08 Setting up libmount1:arm64 (2.39.3-9ubuntu6.6) ...
#13 19.10 (Reading database ...
(Reading database ... 5%
(Reading database ... 10%
(Reading database ... 15%
(Reading database ... 20%
(Reading database ... 25%
(Reading database ... 30%
(Reading database ... 35%
(Reading database ... 40%
(Reading database ... 45%
(Reading database ... 50%
(Reading database ... 55%
(Reading database ... 60%
(Reading database ... 65%
(Reading database ... 70%
(Reading database ... 75%
(Reading database ... 80%
(Reading database ... 85%
(Reading database ... 90%
(Reading database ... 95%
(Reading database ... 100%
(Reading database ... 4371 files and directories currently installed.)
#13 19.10 Preparing to unpack .../libpam-runtime_1.5.3-5ubuntu5.7_all.deb ...
#13 19.11 Unpacking libpam-runtime (1.5.3-5ubuntu5.7) over (1.5.3-5ubuntu5.1) ...
#13 19.14 Setting up libpam-runtime (1.5.3-5ubuntu5.7) ...
#13 19.21 (Reading database ...
(Reading database ... 5%
(Reading database ... 10%
(Reading database ... 15%
(Reading database ... 20%
(Reading database ... 25%
(Reading database ... 30%
(Reading database ... 35%
(Reading database ... 40%
(Reading database ... 45%
(Reading database ... 50%
(Reading database ... 55%
(Reading database ... 60%
(Reading database ... 65%
(Reading database ... 70%
(Reading database ... 75%
(Reading database ... 80%
(Reading database ... 85%
(Reading database ... 90%
(Reading database ... 95%
(Reading database ... 100%
(Reading database ... 4371 files and directories currently installed.)
#13 19.21 Preparing to unpack .../libsmartcols1_2.39.3-9ubuntu6.6_arm64.deb ...
#13 19.22 Unpacking libsmartcols1:arm64 (2.39.3-9ubuntu6.6) over (2.39.3-9ubuntu6.1) ...
#13 19.24 Setting up libsmartcols1:arm64 (2.39.3-9ubuntu6.6) ...
#13 19.25 (Reading database ...
(Reading database ... 5%
(Reading database ... 10%
(Reading database ... 15%
(Reading database ... 20%
(Reading database ... 25%
(Reading database ... 30%
(Reading database ... 35%
(Reading database ... 40%
(Reading database ... 45%
(Reading database ... 50%
(Reading database ... 55%
(Reading database ... 60%
(Reading database ... 65%
(Reading database ... 70%
(Reading database ... 75%
(Reading database ... 80%
(Reading database ... 85%
(Reading database ... 90%
(Reading database ... 95%
(Reading database ... 100%
(Reading database ... 4371 files and directories currently installed.)
#13 19.26 Preparing to unpack .../libssl3t64_3.0.13-0ubuntu3.15_arm64.deb ...
#13 19.26 Unpacking libssl3t64:arm64 (3.0.13-0ubuntu3.15) over (3.0.13-0ubuntu3.3) ...
#13 19.32 Setting up libssl3t64:arm64 (3.0.13-0ubuntu3.15) ...
#13 19.34 (Reading database ...
(Reading database ... 5%
(Reading database ... 10%
(Reading database ... 15%
(Reading database ... 20%
(Reading database ... 25%
(Reading database ... 30%
(Reading database ... 35%
(Reading database ... 40%
(Reading database ... 45%
(Reading database ... 50%
(Reading database ... 55%
(Reading database ... 60%
(Reading database ... 65%
(Reading database ... 70%
(Reading database ... 75%
(Reading database ... 80%
(Reading database ... 85%
(Reading database ... 90%
(Reading database ... 95%
(Reading database ... 100%
(Reading database ... 4371 files and directories currently installed.)
#13 19.34 Preparing to unpack .../libncursesw6_6.4+20240113-1ubuntu2.2_arm64.deb ...
#13 19.35 Unpacking libncursesw6:arm64 (6.4+20240113-1ubuntu2.2) over (6.4+20240113-1ubuntu2) ...
#13 19.38 Preparing to unpack .../libtinfo6_6.4+20240113-1ubuntu2.2_arm64.deb ...
#13 19.38 Unpacking libtinfo6:arm64 (6.4+20240113-1ubuntu2.2) over (6.4+20240113-1ubuntu2) ...
#13 19.40 Setting up libtinfo6:arm64 (6.4+20240113-1ubuntu2.2) ...
#13 19.41 (Reading database ...
(Reading database ... 5%
(Reading database ... 10%
(Reading database ... 15%
(Reading database ... 20%
(Reading database ... 25%
(Reading database ... 30%
(Reading database ... 35%
(Reading database ... 40%
(Reading database ... 45%
(Reading database ... 50%
(Reading database ... 55%
(Reading database ... 60%
(Reading database ... 65%
(Reading database ... 70%
(Reading database ... 75%
(Reading database ... 80%
(Reading database ... 85%
(Reading database ... 90%
(Reading database ... 95%
(Reading database ... 100%
(Reading database ... 4371 files and directories currently installed.)
#13 19.41 Preparing to unpack .../libuuid1_2.39.3-9ubuntu6.6_arm64.deb ...
#13 19.42 Unpacking libuuid1:arm64 (2.39.3-9ubuntu6.6) over (2.39.3-9ubuntu6.1) ...
#13 19.43 Setting up libuuid1:arm64 (2.39.3-9ubuntu6.6) ...
#13 19.44 (Reading database ...
(Reading database ... 5%
(Reading database ... 10%
(Reading database ... 15%
(Reading database ... 20%
(Reading database ... 25%
(Reading database ... 30%
(Reading database ... 35%
(Reading database ... 40%
(Reading database ... 45%
(Reading database ... 50%
(Reading database ... 55%
(Reading database ... 60%
(Reading database ... 65%
(Reading database ... 70%
(Reading database ... 75%
(Reading database ... 80%
(Reading database ... 85%
(Reading database ... 90%
(Reading database ... 95%
(Reading database ... 100%
(Reading database ... 4371 files and directories currently installed.)
#13 19.44 Preparing to unpack .../libproc2-0_2%3a4.0.4-4ubuntu3.3_arm64.deb ...
#13 19.45 Unpacking libproc2-0:arm64 (2:4.0.4-4ubuntu3.3) over (2:4.0.4-4ubuntu3) ...
#13 19.47 Preparing to unpack .../passwd_1%3a4.13+dfsg1-4ubuntu3.2_arm64.deb ...
#13 19.48 Unpacking passwd (1:4.13+dfsg1-4ubuntu3.2) over (1:4.13+dfsg1-4ubuntu3) ...
#13 19.55 Preparing to unpack .../procps_2%3a4.0.4-4ubuntu3.3_arm64.deb ...
#13 19.56 Unpacking procps (2:4.0.4-4ubuntu3.3) over (2:4.0.4-4ubuntu3) ...
#13 19.62 Setting up libproc2-0:arm64 (2:4.0.4-4ubuntu3.3) ...
#13 19.62 Setting up libncursesw6:arm64 (6.4+20240113-1ubuntu2.2) ...
#13 19.62 Setting up passwd (1:4.13+dfsg1-4ubuntu3.2) ...
#13 19.64 Setting up mount (2.39.3-9ubuntu6.6) ...
#13 19.64 Setting up procps (2:4.0.4-4ubuntu3.3) ...
#13 19.68 Processing triggers for libc-bin (2.39-0ubuntu8.9) ...
#13 19.71 Reading package lists...
#13 20.25 Building dependency tree...
#13 20.38 Reading state information...
#13 20.54 procps is already the newest version (2:4.0.4-4ubuntu3.3).
#13 20.54 util-linux is already the newest version (2.39.3-9ubuntu6.6).
#13 20.54 The following additional packages will be installed:
#13 20.54   augustus-data binutils binutils-aarch64-linux-gnu binutils-common bzip2
#13 20.54   ca-certificates-java cmake-data cpp cpp-13 cpp-13-aarch64-linux-gnu
#13 20.54   cpp-aarch64-linux-gnu dpkg-dev g++ g++-13 g++-13-aarch64-linux-gnu
#13 20.54   g++-aarch64-linux-gnu gcc gcc-13 gcc-13-aarch64-linux-gnu gcc-13-base
#13 20.54   gcc-aarch64-linux-gnu gfortran-13 gfortran-13-aarch64-linux-gnu
#13 20.54   gfortran-aarch64-linux-gnu git-man icu-devtools java-common libarchive13t64
#13 20.54   libasan8 libatomic1 libbamtools2.5.2 libbinutils libboost-iostreams1.83.0
#13 20.54   libboost1.83-dev libbpp-core-dev libbpp-core4t64 libbpp-seq-dev
#13 20.54   libbpp-seq12t64 libbrotli1 libc-dev-bin libc6-dev libcc1-0 libcolamd3
#13 20.54   libcrypt-dev libctf-nobfd0 libctf0 libcurl3t64-gnutls libcurl4t64
#13 20.54   libdeflate0 libdpkg-perl liberror-perl libexpat1 libgcc-13-dev
#13 20.54   libgdbm-compat4t64 libgdbm6t64 libgfortran-13-dev libgfortran5 libgprofng0
#13 20.54   libgsl27 libgslcblas0 libgssapi-krb5-2 libhts3t64 libhtscodecs2 libhwasan0
#13 20.54   libicu-dev libicu74 libisal2 libisl23 libitm1 libjansson4 libjpeg-turbo8
#13 20.54   libjpeg8 libjsoncpp25 libk5crypto3 libkeyutils1 libkrb5-3 libkrb5support0
#13 20.54   liblcms2-2 libldap2 liblsan0 libmpc3 libmpfr6 libmysql++3t64
#13 20.54   libmysqlclient21 libnghttp2-14 libnspr4 libnss3 libpcsclite1 libperl5.38t64
#13 20.54   libpkgconf3 libpopt0 libpsl5t64 libreadline8t64 librhash0 librtmp1
#13 20.54   libsasl2-2 libsasl2-modules-db libsensors-config libsensors5 libsframe1
#13 20.54   libsigsegv2 libsqlite3-0 libssh-4 libstdc++-13-dev libsuitesparseconfig7
#13 20.54   libtsan2 libubsan1 libuv1t64 libxml2 linux-libc-dev lto-disabled-list make
#13 20.54   mysql-common openjdk-21-jre-headless openssl patch perl-modules-5.38 pkgconf
#13 20.54   pkgconf-bin readline-common rpcsvc-proto sysstat ucf xz-utils
#13 20.54 Suggested packages:
#13 20.54   cdbfasta diamond-aligner libfile-which-perl libparallel-forkmanager-perl
#13 20.54   libyaml-perl libdbd-mysql-perl python3-biopython binutils-doc gprofng-gui
#13 20.54   bzip2-doc cmake-doc cmake-format elpa-cmake-mode ninja-build cpp-doc
#13 20.54   gcc-13-locales cpp-13-doc default-jre debian-keyring gcc-13-doc gawk-doc
#13 20.54   gcc-multilib manpages-dev autoconf automake libtool flex bison gdb gcc-doc
#13 20.54   gdb-aarch64-linux-gnu gfortran-doc gfortran-13-doc libcoarrays-dev
#13 20.54   gettext-base git-daemon-run | git-daemon-sysvinit git-doc git-email git-gui
#13 20.54   gitk gitweb git-cvs git-mediawiki git-svn lrzip libboost-doc
#13 20.54   libboost1.83-doc libboost-atomic1.83-dev libboost-chrono1.83-dev
#13 20.54   libboost-container1.83-dev libboost-context1.83-dev
#13 20.54   libboost-contract1.83-dev libboost-coroutine1.83-dev
#13 20.54   libboost-date-time1.83-dev libboost-exception1.83-dev libboost-fiber1.83-dev
#13 20.54   libboost-filesystem1.83-dev libboost-graph-parallel1.83-dev
#13 20.54   libboost-graph1.83-dev libboost-iostreams1.83-dev libboost-json1.83-dev
#13 20.54   libboost-locale1.83-dev libboost-log1.83-dev libboost-math1.83-dev
#13 20.54   libboost-mpi-python1.83-dev libboost-mpi1.83-dev libboost-nowide1.83-dev
#13 20.54   libboost-numpy1.83-dev libboost-program-options1.83-dev
#13 20.54   libboost-python1.83-dev libboost-random1.83-dev libboost-regex1.83-dev
#13 20.54   libboost-serialization1.83-dev libboost-stacktrace1.83-dev
#13 20.54   libboost-system1.83-dev libboost-test1.83-dev libboost-thread1.83-dev
#13 20.54   libboost-timer1.83-dev libboost-type-erasure1.83-dev libboost-url1.83-dev
#13 20.54   libboost-wave1.83-dev libboost1.83-tools-dev libmpfrc++-dev libntl-dev
#13 20.54   glibc-doc libcurl4-doc libidn-dev libkrb5-dev libldap2-dev librtmp-dev
#13 20.54   libssh2-1-dev gnupg | sq | sqop | pgpainless-cli | sequoia-chameleon-gnupg
#13 20.54   bzr libeigen3-doc gdbm-l10n gsl-ref-psdoc | gsl-doc-pdf | gsl-doc-info
#13 20.54   | gsl-ref-html krb5-doc krb5-user icu-doc liblcms2-utils pcscd lm-sensors
#13 20.54   libssl-doc libstdc++-13-doc make-doc libnss-mdns fonts-dejavu-extra
#13 20.54   fonts-ipafont-gothic fonts-ipafont-mincho fonts-wqy-microhei
#13 20.54   | fonts-wqy-zenhei fonts-indic csh fish ksh tcsh zsh ed diffutils-doc
#13 20.54   perl-doc libterm-readline-gnu-perl | libterm-readline-perl-perl
#13 20.54   libtap-harness-archive-perl readline-doc openssh-client openssh-server
#13 20.54   python3 python3-braceexpand isag
#13 20.54 Recommended packages:
#13 20.54   samtools fakeroot gnupg | sq | sqop | pgpainless-cli
#13 20.54   | sequoia-chameleon-gnupg libalgorithm-merge-perl ssh-client manpages
#13 20.54   manpages-dev libc-devtools libfile-fcntllock-perl liblocale-gettext-perl
#13 20.54   krb5-locales libldap-common publicsuffix libsasl2-modules libcups2t64
#13 20.54   libfontconfig1 libfreetype6 libharfbuzz0b libasound2t64 netbase systemd
#13 20.54   | cron | cron-daemon
#13 20.75 The following NEW packages will be installed:
#13 20.75   augustus augustus-data binutils binutils-aarch64-linux-gnu binutils-common
#13 20.75   build-essential bzip2 ca-certificates ca-certificates-java cmake cmake-data
#13 20.75   cpp cpp-13 cpp-13-aarch64-linux-gnu cpp-aarch64-linux-gnu curl
#13 20.75   default-jre-headless dpkg-dev fastp g++ g++-13 g++-13-aarch64-linux-gnu
#13 20.75   g++-aarch64-linux-gnu gawk gcc gcc-13 gcc-13-aarch64-linux-gnu gcc-13-base
#13 20.75   gcc-aarch64-linux-gnu gfortran gfortran-13 gfortran-13-aarch64-linux-gnu
#13 20.75   gfortran-aarch64-linux-gnu git git-man icu-devtools java-common less
#13 20.75   libarchive-tools libarchive13t64 libasan8 libatomic1 libbamtools2.5.2
#13 20.75   libbinutils libboost-dev libboost-iostreams1.83.0 libboost1.83-dev
#13 20.75   libbpp-core-dev libbpp-core4t64 libbpp-phyl-dev libbpp-phyl12t64
#13 20.75   libbpp-seq-dev libbpp-seq12t64 libbrotli1 libc-dev-bin libc6-dev libcc1-0
#13 20.75   libcolamd3 libcrypt-dev libctf-nobfd0 libctf0 libcurl3t64-gnutls
#13 20.75   libcurl4-openssl-dev libcurl4t64 libdeflate0 libdpkg-perl libeigen3-dev
#13 20.75   liberror-perl libexpat1 libgcc-13-dev libgdbm-compat4t64 libgdbm6t64
#13 20.75   libgfortran-13-dev libgfortran5 libgomp1 libgprofng0 libgsl27 libgslcblas0
#13 20.75   libgssapi-krb5-2 libhts3t64 libhtscodecs2 libhwasan0 libicu-dev libicu74
#13 20.75   libisal2 libisl23 libitm1 libjansson4 libjpeg-turbo8 libjpeg8 libjsoncpp25
#13 20.75   libk5crypto3 libkeyutils1 libkrb5-3 libkrb5support0 liblcms2-2 libldap2
#13 20.75   liblsan0 libmpc3 libmpfr6 libmysql++3t64 libmysqlclient21 libnghttp2-14
#13 20.75   libnspr4 libnss3 libpcsclite1 libperl5.38t64 libpkgconf3 libpopt0 libpsl5t64
#13 20.75   libreadline8t64 librhash0 librtmp1 libsasl2-2 libsasl2-modules-db
#13 20.75   libsensors-config libsensors5 libsframe1 libsigsegv2 libsqlite3-0 libssh-4
#13 20.75   libssl-dev libstdc++-13-dev libsuitesparseconfig7 libtsan2 libubsan1
#13 20.75   libuv1t64 libxml2 libxml2-dev linux-libc-dev locales lto-disabled-list make
#13 20.75   mysql-common openjdk-21-jre-headless openssl parallel patch perl
#13 20.75   perl-modules-5.38 pigz pkg-config pkgconf pkgconf-bin readline-common
#13 20.75   rpcsvc-proto rsync sysstat tini ucf unzip wget xz-utils zip zlib1g-dev
#13 21.34 0 upgraded, 155 newly installed, 0 to remove and 0 not upgraded.
#13 21.34 Need to get 241 MB of archives.
#13 21.34 After this operation, 1167 MB of additional disk space will be used.
#13 21.34 Get:1 http://ports.ubuntu.com/ubuntu-ports noble/main arm64 libpopt0 arm64 1.19+dfsg-1build1 [28.4 kB]
#13 21.97 Get:2 http://ports.ubuntu.com/ubuntu-ports noble-updates/main arm64 rsync arm64 3.2.7-1ubuntu1.5 [437 kB]
#13 23.16 Get:3 http://ports.ubuntu.com/ubuntu-ports noble-updates/main arm64 libmpfr6 arm64 4.2.1-1build1.1 [329 kB]
#13 23.35 Get:4 http://ports.ubuntu.com/ubuntu-ports noble/main arm64 readline-common all 8.2-4build1 [56.5 kB]
#13 23.38 Get:5 http://ports.ubuntu.com/ubuntu-ports noble/main arm64 libreadline8t64 arm64 8.2-4build1 [153 kB]
#13 23.48 Get:6 http://ports.ubuntu.com/ubuntu-ports noble/main arm64 libsigsegv2 arm64 2.14-1ubuntu2 [14.9 kB]
#13 23.49 Get:7 http://ports.ubuntu.com/ubuntu-ports noble-updates/main arm64 gawk arm64 1:5.2.1-2ubuntu0.1 [447 kB]
#13 23.71 Get:8 http://ports.ubuntu.com/ubuntu-ports noble-updates/main arm64 perl-modules-5.38 all 5.38.2-3.2ubuntu0.4 [3110 kB]
#13 24.24 Get:9 http://ports.ubuntu.com/ubuntu-ports noble/main arm64 libgdbm6t64 arm64 1.23-5.1build1 [34.4 kB]
#13 24.24 Get:10 http://ports.ubuntu.com/ubuntu-ports noble/main arm64 libgdbm-compat4t64 arm64 1.23-5.1build1 [6578 B]
#13 24.24 Get:11 http://ports.ubuntu.com/ubuntu-ports noble-updates/main arm64 libperl5.38t64 arm64 5.38.2-3.2ubuntu0.4 [4785 kB]
#13 24.55 Get:12 http://ports.ubuntu.com/ubuntu-ports noble-updates/main arm64 perl arm64 5.38.2-3.2ubuntu0.4 [231 kB]
#13 24.56 Get:13 http://ports.ubuntu.com/ubuntu-ports noble/universe arm64 pigz arm64 2.8-1 [60.7 kB]
#13 24.57 Get:14 http://ports.ubuntu.com/ubuntu-ports noble-updates/main arm64 openssl arm64 3.0.13-0ubuntu3.15 [985 kB]
#13 24.63 Get:15 http://ports.ubuntu.com/ubuntu-ports noble-updates/main arm64 ca-certificates all 20260601~24.04.1 [139 kB]
#13 24.64 Get:16 http://ports.ubuntu.com/ubuntu-ports noble-updates/main arm64 less arm64 590-2ubuntu2.1 [142 kB]
#13 24.65 Get:17 http://ports.ubuntu.com/ubuntu-ports noble-updates/main arm64 libexpat1 arm64 2.6.1-2ubuntu0.4 [77.5 kB]
#13 24.65 Get:18 http://ports.ubuntu.com/ubuntu-ports noble-updates/main arm64 libkrb5support0 arm64 1.20.1-6ubuntu2.8 [35.1 kB]
#13 24.65 Get:19 http://ports.ubuntu.com/ubuntu-ports noble-updates/main arm64 libk5crypto3 arm64 1.20.1-6ubuntu2.8 [85.8 kB]
#13 24.65 Get:20 http://ports.ubuntu.com/ubuntu-ports noble/main arm64 libkeyutils1 arm64 1.6.3-3build1 [9654 B]
#13 24.83 Get:21 http://ports.ubuntu.com/ubuntu-ports noble-updates/main arm64 libkrb5-3 arm64 1.20.1-6ubuntu2.8 [349 kB]
#13 24.84 Get:22 http://ports.ubuntu.com/ubuntu-ports noble-updates/main arm64 libgssapi-krb5-2 arm64 1.20.1-6ubuntu2.8 [142 kB]
#13 24.85 Get:23 http://ports.ubuntu.com/ubuntu-ports noble-updates/main arm64 libicu74 arm64 74.2-1ubuntu3.1 [10.8 MB]
#13 26.27 Get:24 http://ports.ubuntu.com/ubuntu-ports noble-updates/main arm64 libsqlite3-0 arm64 3.45.1-1ubuntu2.7 [705 kB]
#13 26.29 Get:25 http://ports.ubuntu.com/ubuntu-ports noble-updates/main arm64 libxml2 arm64 2.9.14+dfsg-1.3ubuntu3.8 [736 kB]
#13 26.29 Get:26 http://ports.ubuntu.com/ubuntu-ports noble-updates/main arm64 locales all 2.39-0ubuntu8.9 [4232 kB]
#13 26.73 Get:27 http://ports.ubuntu.com/ubuntu-ports noble/main arm64 ucf all 3.0043+nmu1 [56.5 kB]
#13 26.73 Get:28 http://ports.ubuntu.com/ubuntu-ports noble/main arm64 libjansson4 arm64 2.14-2build2 [34.4 kB]
#13 27.14 Get:29 http://ports.ubuntu.com/ubuntu-ports noble-updates/main arm64 libnghttp2-14 arm64 1.59.0-1ubuntu0.4 [74.8 kB]
#13 27.14 Get:30 http://ports.ubuntu.com/ubuntu-ports noble/main arm64 libpsl5t64 arm64 0.21.2-1.1build1 [57.4 kB]
#13 27.14 Get:31 http://ports.ubuntu.com/ubuntu-ports noble/main arm64 libsensors-config all 1:3.6.0-9build1 [5546 B]
#13 27.14 Get:32 http://ports.ubuntu.com/ubuntu-ports noble/main arm64 libsensors5 arm64 1:3.6.0-9build1 [27.0 kB]
#13 27.14 Get:33 http://ports.ubuntu.com/ubuntu-ports noble/main arm64 libuv1t64 arm64 1.48.0-1.1build1 [95.3 kB]
#13 27.14 Get:34 http://ports.ubuntu.com/ubuntu-ports noble-updates/main arm64 xz-utils arm64 5.6.1+really5.4.5-1ubuntu0.3 [268 kB]
#13 27.15 Get:35 http://ports.ubuntu.com/ubuntu-ports noble/main arm64 sysstat arm64 12.6.1-2 [480 kB]
#13 27.15 Get:36 http://ports.ubuntu.com/ubuntu-ports noble-updates/main arm64 wget arm64 1.21.4-1ubuntu4.5 [331 kB]
#13 27.15 Get:37 http://ports.ubuntu.com/ubuntu-ports noble/universe arm64 libbamtools2.5.2 arm64 2.5.2+dfsg-4 [134 kB]
#13 27.45 Get:38 http://ports.ubuntu.com/ubuntu-ports noble-updates/main arm64 libboost-iostreams1.83.0 arm64 1.83.0-2.1ubuntu3.2 [258 kB]
#13 27.49 Get:39 http://ports.ubuntu.com/ubuntu-ports noble-updates/main arm64 libgomp1 arm64 14.2.0-4ubuntu2~24.04.1 [145 kB]
#13 27.51 Get:40 http://ports.ubuntu.com/ubuntu-ports noble/main arm64 libsuitesparseconfig7 arm64 1:7.6.1+dfsg-1build1 [12.5 kB]
#13 27.51 Get:41 http://ports.ubuntu.com/ubuntu-ports noble/main arm64 libcolamd3 arm64 1:7.6.1+dfsg-1build1 [18.1 kB]
#13 27.51 Get:42 http://ports.ubuntu.com/ubuntu-ports noble/universe arm64 libgslcblas0 arm64 2.7.1+dfsg-6ubuntu2 [72.8 kB]
#13 27.52 Get:43 http://ports.ubuntu.com/ubuntu-ports noble/universe arm64 libgsl27 arm64 2.7.1+dfsg-6ubuntu2 [918 kB]
#13 27.56 Get:44 http://ports.ubuntu.com/ubuntu-ports noble/main arm64 libbrotli1 arm64 1.1.0-2build2 [339 kB]
#13 27.57 Get:45 http://ports.ubuntu.com/ubuntu-ports noble-updates/main arm64 libsasl2-modules-db arm64 2.1.28+dfsg1-5ubuntu3.1 [21.6 kB]
#13 27.57 Get:46 http://ports.ubuntu.com/ubuntu-ports noble-updates/main arm64 libsasl2-2 arm64 2.1.28+dfsg1-5ubuntu3.1 [54.7 kB]
#13 27.57 Get:47 http://ports.ubuntu.com/ubuntu-ports noble-updates/main arm64 libldap2 arm64 2.6.10+dfsg-0ubuntu0.24.04.1 [196 kB]
#13 27.77 Get:48 http://ports.ubuntu.com/ubuntu-ports noble/main arm64 librtmp1 arm64 2.4+20151223.gitfa8646d.1-2build7 [57.8 kB]
#13 27.78 Get:49 http://ports.ubuntu.com/ubuntu-ports noble-updates/main arm64 libssh-4 arm64 0.10.6-2ubuntu0.5 [192 kB]
#13 27.79 Get:50 http://ports.ubuntu.com/ubuntu-ports noble-updates/main arm64 libcurl3t64-gnutls arm64 8.5.0-2ubuntu10.13 [330 kB]
#13 27.82 Get:51 http://ports.ubuntu.com/ubuntu-ports noble-updates/main arm64 libdeflate0 arm64 1.19-1build1.1 [43.5 kB]
#13 27.82 Get:52 http://ports.ubuntu.com/ubuntu-ports noble/universe arm64 libhtscodecs2 arm64 1.6.0-1build1 [78.0 kB]
#13 27.83 Get:53 http://ports.ubuntu.com/ubuntu-ports noble/universe arm64 libhts3t64 arm64 1.19+ds-1.1build3 [429 kB]
#13 27.85 Get:54 http://ports.ubuntu.com/ubuntu-ports noble/main arm64 mysql-common all 5.8+1.1.0build1 [6746 B]
#13 27.85 Get:55 http://ports.ubuntu.com/ubuntu-ports noble-updates/main arm64 libmysqlclient21 arm64 8.0.46-0ubuntu0.24.04.4 [1246 kB]
#13 27.91 Get:56 http://ports.ubuntu.com/ubuntu-ports noble/universe arm64 libmysql++3t64 arm64 3.2.5-2.3 [97.2 kB]
#13 27.92 Get:57 http://ports.ubuntu.com/ubuntu-ports noble/universe arm64 augustus-data all 3.5.0+dfsg-4build5 [22.8 MB]
#13 29.49 Get:58 http://ports.ubuntu.com/ubuntu-ports noble/universe arm64 augustus arm64 3.5.0+dfsg-4build5 [1648 kB]
#13 29.61 Get:59 http://ports.ubuntu.com/ubuntu-ports noble-updates/main arm64 binutils-common arm64 2.42-4ubuntu2.10 [240 kB]
#13 29.64 Get:60 http://ports.ubuntu.com/ubuntu-ports noble-updates/main arm64 libsframe1 arm64 2.42-4ubuntu2.10 [15.4 kB]
#13 29.64 Get:61 http://ports.ubuntu.com/ubuntu-ports noble-updates/main arm64 libbinutils arm64 2.42-4ubuntu2.10 [766 kB]
#13 29.69 Get:62 http://ports.ubuntu.com/ubuntu-ports noble-updates/main arm64 libctf-nobfd0 arm64 2.42-4ubuntu2.10 [101 kB]
#13 29.69 Get:63 http://ports.ubuntu.com/ubuntu-ports noble-updates/main arm64 libctf0 arm64 2.42-4ubuntu2.10 [95.7 kB]
#13 29.70 Get:64 http://ports.ubuntu.com/ubuntu-ports noble-updates/main arm64 libgprofng0 arm64 2.42-4ubuntu2.10 [776 kB]
#13 29.76 Get:65 http://ports.ubuntu.com/ubuntu-ports noble-updates/main arm64 binutils-aarch64-linux-gnu arm64 2.42-4ubuntu2.10 [3304 kB]
#13 30.34 Get:66 http://ports.ubuntu.com/ubuntu-ports noble-updates/main arm64 binutils arm64 2.42-4ubuntu2.10 [18.1 kB]
#13 30.34 Get:67 http://ports.ubuntu.com/ubuntu-ports noble-updates/main arm64 libc-dev-bin arm64 2.39-0ubuntu8.9 [19.7 kB]
#13 30.34 Get:68 http://ports.ubuntu.com/ubuntu-ports noble-updates/main arm64 linux-libc-dev arm64 6.8.0-139.139 [1502 kB]
#13 30.35 Get:69 http://ports.ubuntu.com/ubuntu-ports noble/main arm64 libcrypt-dev arm64 1:4.4.36-4build1 [118 kB]
#13 30.35 Get:70 http://ports.ubuntu.com/ubuntu-ports noble/main arm64 rpcsvc-proto arm64 1.4.2-0ubuntu7 [64.8 kB]
#13 30.35 Get:71 http://ports.ubuntu.com/ubuntu-ports noble-updates/main arm64 libc6-dev arm64 2.39-0ubuntu8.9 [1596 kB]
#13 30.63 Get:72 http://ports.ubuntu.com/ubuntu-ports noble-updates/main arm64 gcc-13-base arm64 13.3.0-6ubuntu2~24.04.1 [51.6 kB]
#13 30.63 Get:73 http://ports.ubuntu.com/ubuntu-ports noble-updates/main arm64 libisl23 arm64 0.26-3build1.1 [669 kB]
#13 30.68 Get:74 http://ports.ubuntu.com/ubuntu-ports noble-updates/main arm64 libmpc3 arm64 1.3.1-1build1.1 [56.4 kB]
#13 30.68 Get:75 http://ports.ubuntu.com/ubuntu-ports noble-updates/main arm64 cpp-13-aarch64-linux-gnu arm64 13.3.0-6ubuntu2~24.04.1 [9560 kB]
#13 ...

#12 [runtime-system 1/1] RUN bash /opt/pg/scripts/install_system_packages.sh runtime
#12 30.85 Get:56 http://ports.ubuntu.com/ubuntu-ports noble/universe arm64 augustus arm64 3.5.0+dfsg-4build5 [1648 kB]
#12 30.98 Get:57 http://ports.ubuntu.com/ubuntu-ports noble/main arm64 ca-certificates-java all 20240118 [11.6 kB]
#12 30.98 Get:58 http://ports.ubuntu.com/ubuntu-ports noble-updates/main arm64 libcurl4t64 arm64 8.5.0-2ubuntu10.13 [336 kB]
#12 31.00 Get:59 http://ports.ubuntu.com/ubuntu-ports noble-updates/main arm64 curl arm64 8.5.0-2ubuntu10.13 [222 kB]
#12 31.01 Get:60 http://ports.ubuntu.com/ubuntu-ports noble/main arm64 java-common all 0.75+exp1 [6798 B]
#12 31.02 Get:61 http://ports.ubuntu.com/ubuntu-ports noble-updates/main arm64 liblcms2-2 arm64 2.14-2ubuntu0.1 [161 kB]
#12 31.03 Get:62 http://ports.ubuntu.com/ubuntu-ports noble/main arm64 libjpeg-turbo8 arm64 2.1.5-2ubuntu2 [163 kB]
#12 31.04 Get:63 http://ports.ubuntu.com/ubuntu-ports noble/main arm64 libjpeg8 arm64 8c-2ubuntu11 [2148 B]
#12 31.04 Get:64 http://ports.ubuntu.com/ubuntu-ports noble/main arm64 libnspr4 arm64 2:4.35-1.1build1 [114 kB]
#12 31.14 Get:65 http://ports.ubuntu.com/ubuntu-ports noble-updates/main arm64 libnss3 arm64 2:3.98-1ubuntu0.2 [1406 kB]
#12 31.89 Get:66 http://ports.ubuntu.com/ubuntu-ports noble/main arm64 libpcsclite1 arm64 2.0.3-1build1 [21.8 kB]
#12 31.89 Get:67 http://ports.ubuntu.com/ubuntu-ports noble-updates/main arm64 openjdk-21-jre-headless arm64 21.0.12+8-1~24.04 [45.8 MB]
#12 36.09 Get:68 http://ports.ubuntu.com/ubuntu-ports noble/main arm64 default-jre-headless arm64 2:1.21-75+exp1 [3096 B]
#12 36.09 Get:69 http://ports.ubuntu.com/ubuntu-ports noble/universe arm64 libisal2 arm64 2.31.0-0.1build1 [86.9 kB]
#12 36.09 Get:70 http://ports.ubuntu.com/ubuntu-ports noble/universe arm64 fastp arm64 0.23.4+dfsg-1 [149 kB]
#12 36.10 Get:71 http://ports.ubuntu.com/ubuntu-ports noble/main arm64 liberror-perl all 0.17029-2 [25.6 kB]
#12 36.10 Get:72 http://ports.ubuntu.com/ubuntu-ports noble-updates/main arm64 git-man all 1:2.43.0-1ubuntu7.3 [1100 kB]
#12 36.16 Get:73 http://ports.ubuntu.com/ubuntu-ports noble-updates/main arm64 git arm64 1:2.43.0-1ubuntu7.3 [3774 kB]
#12 36.42 Get:74 http://ports.ubuntu.com/ubuntu-ports noble-updates/main arm64 libarchive13t64 arm64 3.7.2-2ubuntu0.8 [378 kB]
#12 36.44 Get:75 http://ports.ubuntu.com/ubuntu-ports noble-updates/universe arm64 libarchive-tools arm64 3.7.2-2ubuntu0.8 [71.3 kB]
#12 36.44 Get:76 http://ports.ubuntu.com/ubuntu-ports noble/universe arm64 libbpp-core4t64 arm64 2.4.1-11.1build1 [502 kB]
#12 36.47 Get:77 http://ports.ubuntu.com/ubuntu-ports noble/universe arm64 libbpp-seq12t64 arm64 2.4.1-12build2 [398 kB]
#12 36.50 Get:78 http://ports.ubuntu.com/ubuntu-ports noble/universe arm64 libbpp-phyl12t64 arm64 2.4.1-9.1ubuntu3 [1771 kB]
#12 36.63 Get:79 http://ports.ubuntu.com/ubuntu-ports noble/universe arm64 tini arm64 0.19.0-1 [212 kB]
#12 36.65 Get:80 http://ports.ubuntu.com/ubuntu-ports noble-updates/main arm64 unzip arm64 6.0-28ubuntu4.1 [171 kB]
#12 36.66 Get:81 http://ports.ubuntu.com/ubuntu-ports noble-updates/main arm64 zip arm64 3.0-13ubuntu0.2 [171 kB]
#12 36.67 Get:82 http://ports.ubuntu.com/ubuntu-ports noble/universe arm64 parallel all 20231122+ds-1 [1944 kB]
#12 36.87 debconf: delaying package configuration, since apt-utils is not installed
#12 36.89 Fetched 118 MB in 15s (7756 kB/s)
#12 36.92 Selecting previously unselected package libpopt0:arm64.
#12 36.92 (Reading database ...
(Reading database ... 5%
(Reading database ... 10%
(Reading database ... 15%
(Reading database ... 20%
(Reading database ... 25%
(Reading database ... 30%
(Reading database ... 35%
(Reading database ... 40%
(Reading database ... 45%
(Reading database ... 50%
(Reading database ... 55%
(Reading database ... 60%
(Reading database ... 65%
(Reading database ... 70%
(Reading database ... 75%
(Reading database ... 80%
(Reading database ... 85%
(Reading database ... 90%
(Reading database ... 95%
(Reading database ... 100%
(Reading database ... 4372 files and directories currently installed.)
#12 36.92 Preparing to unpack .../0-libpopt0_1.19+dfsg-1build1_arm64.deb ...
#12 36.93 Unpacking libpopt0:arm64 (1.19+dfsg-1build1) ...
#12 36.94 Selecting previously unselected package rsync.
#12 36.94 Preparing to unpack .../1-rsync_3.2.7-1ubuntu1.5_arm64.deb ...
#12 36.94 Unpacking rsync (3.2.7-1ubuntu1.5) ...
#12 36.96 Selecting previously unselected package libmpfr6:arm64.
#12 36.96 Preparing to unpack .../2-libmpfr6_4.2.1-1build1.1_arm64.deb ...
#12 36.96 Unpacking libmpfr6:arm64 (4.2.1-1build1.1) ...
#12 36.97 Selecting previously unselected package readline-common.
#12 36.98 Preparing to unpack .../3-readline-common_8.2-4build1_all.deb ...
#12 36.98 Unpacking readline-common (8.2-4build1) ...
#12 36.99 Selecting previously unselected package libreadline8t64:arm64.
#12 36.99 Preparing to unpack .../4-libreadline8t64_8.2-4build1_arm64.deb ...
#12 36.99 Adding 'diversion of /lib/aarch64-linux-gnu/libhistory.so.8 to /lib/aarch64-linux-gnu/libhistory.so.8.usr-is-merged by libreadline8t64'
#12 36.99 Adding 'diversion of /lib/aarch64-linux-gnu/libhistory.so.8.2 to /lib/aarch64-linux-gnu/libhistory.so.8.2.usr-is-merged by libreadline8t64'
#12 37.00 Adding 'diversion of /lib/aarch64-linux-gnu/libreadline.so.8 to /lib/aarch64-linux-gnu/libreadline.so.8.usr-is-merged by libreadline8t64'
#12 37.00 Adding 'diversion of /lib/aarch64-linux-gnu/libreadline.so.8.2 to /lib/aarch64-linux-gnu/libreadline.so.8.2.usr-is-merged by libreadline8t64'
#12 37.00 Unpacking libreadline8t64:arm64 (8.2-4build1) ...
#12 37.01 Selecting previously unselected package libsigsegv2:arm64.
#12 37.01 Preparing to unpack .../5-libsigsegv2_2.14-1ubuntu2_arm64.deb ...
#12 37.02 Unpacking libsigsegv2:arm64 (2.14-1ubuntu2) ...
#12 37.03 Setting up libmpfr6:arm64 (4.2.1-1build1.1) ...
#12 37.03 Setting up readline-common (8.2-4build1) ...
#12 37.04 Setting up libreadline8t64:arm64 (8.2-4build1) ...
#12 37.04 Setting up libsigsegv2:arm64 (2.14-1ubuntu2) ...
#12 37.06 Selecting previously unselected package gawk.
#12 37.06 (Reading database ...
(Reading database ... 5%
(Reading database ... 10%
(Reading database ... 15%
(Reading database ... 20%
(Reading database ... 25%
(Reading database ... 30%
(Reading database ... 35%
(Reading database ... 40%
(Reading database ... 45%
(Reading database ... 50%
(Reading database ... 55%
(Reading database ... 60%
(Reading database ... 65%
(Reading database ... 70%
(Reading database ... 75%
(Reading database ... 80%
(Reading database ... 85%
(Reading database ... 90%
(Reading database ... 95%
(Reading database ... 100%
(Reading database ... 4459 files and directories currently installed.)
#12 37.06 Preparing to unpack .../00-gawk_1%3a5.2.1-2ubuntu0.1_arm64.deb ...
#12 37.06 Unpacking gawk (1:5.2.1-2ubuntu0.1) ...
#12 37.08 Selecting previously unselected package perl-modules-5.38.
#12 37.08 Preparing to unpack .../01-perl-modules-5.38_5.38.2-3.2ubuntu0.4_all.deb ...
#12 37.08 Unpacking perl-modules-5.38 (5.38.2-3.2ubuntu0.4) ...
#12 37.23 Selecting previously unselected package libgdbm6t64:arm64.
#12 37.23 Preparing to unpack .../02-libgdbm6t64_1.23-5.1build1_arm64.deb ...
#12 37.23 Unpacking libgdbm6t64:arm64 (1.23-5.1build1) ...
#12 37.24 Selecting previously unselected package libgdbm-compat4t64:arm64.
#12 37.24 Preparing to unpack .../03-libgdbm-compat4t64_1.23-5.1build1_arm64.deb ...
#12 37.24 Unpacking libgdbm-compat4t64:arm64 (1.23-5.1build1) ...
#12 37.25 Selecting previously unselected package libperl5.38t64:arm64.
#12 37.25 Preparing to unpack .../04-libperl5.38t64_5.38.2-3.2ubuntu0.4_arm64.deb ...
#12 37.26 Unpacking libperl5.38t64:arm64 (5.38.2-3.2ubuntu0.4) ...
#12 37.39 Selecting previously unselected package perl.
#12 37.39 Preparing to unpack .../05-perl_5.38.2-3.2ubuntu0.4_arm64.deb ...
#12 37.40 Unpacking perl (5.38.2-3.2ubuntu0.4) ...
#12 37.41 Selecting previously unselected package pigz.
#12 37.41 Preparing to unpack .../06-pigz_2.8-1_arm64.deb ...
#12 37.41 Unpacking pigz (2.8-1) ...
#12 37.42 Selecting previously unselected package openssl.
#12 37.42 Preparing to unpack .../07-openssl_3.0.13-0ubuntu3.15_arm64.deb ...
#12 37.43 Unpacking openssl (3.0.13-0ubuntu3.15) ...
#12 37.45 Selecting previously unselected package ca-certificates.
#12 37.45 Preparing to unpack .../08-ca-certificates_20260601~24.04.1_all.deb ...
#12 37.45 Unpacking ca-certificates (20260601~24.04.1) ...
#12 37.47 Selecting previously unselected package less.
#12 37.47 Preparing to unpack .../09-less_590-2ubuntu2.1_arm64.deb ...
#12 37.47 Unpacking less (590-2ubuntu2.1) ...
#12 37.48 Selecting previously unselected package libexpat1:arm64.
#12 37.49 Preparing to unpack .../10-libexpat1_2.6.1-2ubuntu0.4_arm64.deb ...
#12 37.49 Unpacking libexpat1:arm64 (2.6.1-2ubuntu0.4) ...
#12 37.50 Selecting previously unselected package libkrb5support0:arm64.
#12 37.50 Preparing to unpack .../11-libkrb5support0_1.20.1-6ubuntu2.8_arm64.deb ...
#12 37.50 Unpacking libkrb5support0:arm64 (1.20.1-6ubuntu2.8) ...
#12 37.51 Selecting previously unselected package libk5crypto3:arm64.
#12 37.51 Preparing to unpack .../12-libk5crypto3_1.20.1-6ubuntu2.8_arm64.deb ...
#12 37.51 Unpacking libk5crypto3:arm64 (1.20.1-6ubuntu2.8) ...
#12 37.53 Selecting previously unselected package libkeyutils1:arm64.
#12 37.53 Preparing to unpack .../13-libkeyutils1_1.6.3-3build1_arm64.deb ...
#12 37.53 Unpacking libkeyutils1:arm64 (1.6.3-3build1) ...
#12 37.54 Selecting previously unselected package libkrb5-3:arm64.
#12 37.54 Preparing to unpack .../14-libkrb5-3_1.20.1-6ubuntu2.8_arm64.deb ...
#12 37.54 Unpacking libkrb5-3:arm64 (1.20.1-6ubuntu2.8) ...
#12 37.56 Selecting previously unselected package libgssapi-krb5-2:arm64.
#12 37.56 Preparing to unpack .../15-libgssapi-krb5-2_1.20.1-6ubuntu2.8_arm64.deb ...
#12 37.56 Unpacking libgssapi-krb5-2:arm64 (1.20.1-6ubuntu2.8) ...
#12 37.57 Selecting previously unselected package libicu74:arm64.
#12 37.58 Preparing to unpack .../16-libicu74_74.2-1ubuntu3.1_arm64.deb ...
#12 37.58 Unpacking libicu74:arm64 (74.2-1ubuntu3.1) ...
#12 37.72 Selecting previously unselected package libsqlite3-0:arm64.
#12 37.72 Preparing to unpack .../17-libsqlite3-0_3.45.1-1ubuntu2.7_arm64.deb ...
#12 37.72 Unpacking libsqlite3-0:arm64 (3.45.1-1ubuntu2.7) ...
#12 37.74 Selecting previously unselected package libxml2:arm64.
#12 37.74 Preparing to unpack .../18-libxml2_2.9.14+dfsg-1.3ubuntu3.8_arm64.deb ...
#12 37.74 Unpacking libxml2:arm64 (2.9.14+dfsg-1.3ubuntu3.8) ...
#12 37.76 Selecting previously unselected package locales.
#12 37.76 Preparing to unpack .../19-locales_2.39-0ubuntu8.9_all.deb ...
#12 37.76 Unpacking locales (2.39-0ubuntu8.9) ...
#12 37.85 Selecting previously unselected package ucf.
#12 37.85 Preparing to unpack .../20-ucf_3.0043+nmu1_all.deb ...
#12 37.85 Moving old data out of the way
#12 37.86 Unpacking ucf (3.0043+nmu1) ...
#12 37.87 Selecting previously unselected package libnghttp2-14:arm64.
#12 37.87 Preparing to unpack .../21-libnghttp2-14_1.59.0-1ubuntu0.4_arm64.deb ...
#12 37.87 Unpacking libnghttp2-14:arm64 (1.59.0-1ubuntu0.4) ...
#12 37.88 Selecting previously unselected package libpsl5t64:arm64.
#12 37.88 Preparing to unpack .../22-libpsl5t64_0.21.2-1.1build1_arm64.deb ...
#12 37.89 Unpacking libpsl5t64:arm64 (0.21.2-1.1build1) ...
#12 37.90 Selecting previously unselected package libsensors-config.
#12 37.90 Preparing to unpack .../23-libsensors-config_1%3a3.6.0-9build1_all.deb ...
#12 37.90 Unpacking libsensors-config (1:3.6.0-9build1) ...
#12 37.91 Selecting previously unselected package libsensors5:arm64.
#12 37.91 Preparing to unpack .../24-libsensors5_1%3a3.6.0-9build1_arm64.deb ...
#12 37.92 Unpacking libsensors5:arm64 (1:3.6.0-9build1) ...
#12 37.93 Selecting previously unselected package xz-utils.
#12 37.93 Preparing to unpack .../25-xz-utils_5.6.1+really5.4.5-1ubuntu0.3_arm64.deb ...
#12 37.93 Unpacking xz-utils (5.6.1+really5.4.5-1ubuntu0.3) ...
#12 37.95 Selecting previously unselected package sysstat.
#12 37.95 Preparing to unpack .../26-sysstat_12.6.1-2_arm64.deb ...
#12 37.95 Unpacking sysstat (12.6.1-2) ...
#12 37.97 Selecting previously unselected package wget.
#12 37.97 Preparing to unpack .../27-wget_1.21.4-1ubuntu4.5_arm64.deb ...
#12 37.97 Unpacking wget (1.21.4-1ubuntu4.5) ...
#12 37.99 Selecting previously unselected package libbamtools2.5.2:arm64.
#12 37.99 Preparing to unpack .../28-libbamtools2.5.2_2.5.2+dfsg-4_arm64.deb ...
#12 37.99 Unpacking libbamtools2.5.2:arm64 (2.5.2+dfsg-4) ...
#12 38.00 Selecting previously unselected package libboost-iostreams1.83.0:arm64.
#12 38.00 Preparing to unpack .../29-libboost-iostreams1.83.0_1.83.0-2.1ubuntu3.2_arm64.deb ...
#12 38.00 Unpacking libboost-iostreams1.83.0:arm64 (1.83.0-2.1ubuntu3.2) ...
#12 38.02 Selecting previously unselected package libgomp1:arm64.
#12 38.02 Preparing to unpack .../30-libgomp1_14.2.0-4ubuntu2~24.04.1_arm64.deb ...
#12 38.03 Unpacking libgomp1:arm64 (14.2.0-4ubuntu2~24.04.1) ...
#12 38.04 Selecting previously unselected package libsuitesparseconfig7:arm64.
#12 38.04 Preparing to unpack .../31-libsuitesparseconfig7_1%3a7.6.1+dfsg-1build1_arm64.deb ...
#12 38.04 Unpacking libsuitesparseconfig7:arm64 (1:7.6.1+dfsg-1build1) ...
#12 38.05 Selecting previously unselected package libcolamd3:arm64.
#12 38.05 Preparing to unpack .../32-libcolamd3_1%3a7.6.1+dfsg-1build1_arm64.deb ...
#12 38.05 Unpacking libcolamd3:arm64 (1:7.6.1+dfsg-1build1) ...
#12 38.07 Selecting previously unselected package libgslcblas0:arm64.
#12 38.07 Preparing to unpack .../33-libgslcblas0_2.7.1+dfsg-6ubuntu2_arm64.deb ...
#12 38.07 Unpacking libgslcblas0:arm64 (2.7.1+dfsg-6ubuntu2) ...
#12 38.08 Selecting previously unselected package libgsl27:arm64.
#12 38.08 Preparing to unpack .../34-libgsl27_2.7.1+dfsg-6ubuntu2_arm64.deb ...
#12 38.08 Unpacking libgsl27:arm64 (2.7.1+dfsg-6ubuntu2) ...
#12 38.11 Selecting previously unselected package libbrotli1:arm64.
#12 38.11 Preparing to unpack .../35-libbrotli1_1.1.0-2build2_arm64.deb ...
#12 38.11 Unpacking libbrotli1:arm64 (1.1.0-2build2) ...
#12 38.12 Selecting previously unselected package libsasl2-modules-db:arm64.
#12 38.12 Preparing to unpack .../36-libsasl2-modules-db_2.1.28+dfsg1-5ubuntu3.1_arm64.deb ...
#12 38.13 Unpacking libsasl2-modules-db:arm64 (2.1.28+dfsg1-5ubuntu3.1) ...
#12 38.14 Selecting previously unselected package libsasl2-2:arm64.
#12 38.14 Preparing to unpack .../37-libsasl2-2_2.1.28+dfsg1-5ubuntu3.1_arm64.deb ...
#12 38.14 Unpacking libsasl2-2:arm64 (2.1.28+dfsg1-5ubuntu3.1) ...
#12 38.15 Selecting previously unselected package libldap2:arm64.
#12 38.15 Preparing to unpack .../38-libldap2_2.6.10+dfsg-0ubuntu0.24.04.1_arm64.deb ...
#12 38.15 Unpacking libldap2:arm64 (2.6.10+dfsg-0ubuntu0.24.04.1) ...
#12 38.17 Selecting previously unselected package librtmp1:arm64.
#12 38.17 Preparing to unpack .../39-librtmp1_2.4+20151223.gitfa8646d.1-2build7_arm64.deb ...
#12 38.17 Unpacking librtmp1:arm64 (2.4+20151223.gitfa8646d.1-2build7) ...
#12 38.18 Selecting previously unselected package libssh-4:arm64.
#12 38.18 Preparing to unpack .../40-libssh-4_0.10.6-2ubuntu0.5_arm64.deb ...
#12 38.18 Unpacking libssh-4:arm64 (0.10.6-2ubuntu0.5) ...
#12 38.19 Selecting previously unselected package libcurl3t64-gnutls:arm64.
#12 38.19 Preparing to unpack .../41-libcurl3t64-gnutls_8.5.0-2ubuntu10.13_arm64.deb ...
#12 38.20 Unpacking libcurl3t64-gnutls:arm64 (8.5.0-2ubuntu10.13) ...
#12 38.21 Selecting previously unselected package libdeflate0:arm64.
#12 38.21 Preparing to unpack .../42-libdeflate0_1.19-1build1.1_arm64.deb ...
#12 38.22 Unpacking libdeflate0:arm64 (1.19-1build1.1) ...
#12 38.23 Selecting previously unselected package libhtscodecs2:arm64.
#12 38.23 Preparing to unpack .../43-libhtscodecs2_1.6.0-1build1_arm64.deb ...
#12 38.23 Unpacking libhtscodecs2:arm64 (1.6.0-1build1) ...
#12 38.24 Selecting previously unselected package libhts3t64:arm64.
#12 38.24 Preparing to unpack .../44-libhts3t64_1.19+ds-1.1build3_arm64.deb ...
#12 38.24 Unpacking libhts3t64:arm64 (1.19+ds-1.1build3) ...
#12 38.26 Selecting previously unselected package mysql-common.
#12 38.26 Preparing to unpack .../45-mysql-common_5.8+1.1.0build1_all.deb ...
#12 38.26 Unpacking mysql-common (5.8+1.1.0build1) ...
#12 38.28 Selecting previously unselected package libmysqlclient21:arm64.
#12 38.28 Preparing to unpack .../46-libmysqlclient21_8.0.46-0ubuntu0.24.04.4_arm64.deb ...
#12 38.28 Unpacking libmysqlclient21:arm64 (8.0.46-0ubuntu0.24.04.4) ...
#12 38.31 Selecting previously unselected package libmysql++3t64:arm64.
#12 38.31 Preparing to unpack .../47-libmysql++3t64_3.2.5-2.3_arm64.deb ...
#12 38.31 Unpacking libmysql++3t64:arm64 (3.2.5-2.3) ...
#12 38.32 Selecting previously unselected package augustus-data.
#12 38.32 Preparing to unpack .../48-augustus-data_3.5.0+dfsg-4build5_all.deb ...
#12 38.33 Unpacking augustus-data (3.5.0+dfsg-4build5) ...
#12 38.90 Selecting previously unselected package augustus.
#12 38.90 Preparing to unpack .../49-augustus_3.5.0+dfsg-4build5_arm64.deb ...
#12 38.90 Unpacking augustus (3.5.0+dfsg-4build5) ...
#12 38.94 Selecting previously unselected package ca-certificates-java.
#12 38.94 Preparing to unpack .../50-ca-certificates-java_20240118_all.deb ...
#12 38.95 Unpacking ca-certificates-java (20240118) ...
#12 38.96 Selecting previously unselected package libcurl4t64:arm64.
#12 38.96 Preparing to unpack .../51-libcurl4t64_8.5.0-2ubuntu10.13_arm64.deb ...
#12 38.96 Unpacking libcurl4t64:arm64 (8.5.0-2ubuntu10.13) ...
#12 38.98 Selecting previously unselected package curl.
#12 38.98 Preparing to unpack .../52-curl_8.5.0-2ubuntu10.13_arm64.deb ...
#12 38.98 Unpacking curl (8.5.0-2ubuntu10.13) ...
#12 38.99 Selecting previously unselected package java-common.
#12 38.99 Preparing to unpack .../53-java-common_0.75+exp1_all.deb ...
#12 38.99 Unpacking java-common (0.75+exp1) ...
#12 39.00 Selecting previously unselected package liblcms2-2:arm64.
#12 39.00 Preparing to unpack .../54-liblcms2-2_2.14-2ubuntu0.1_arm64.deb ...
#12 39.01 Unpacking liblcms2-2:arm64 (2.14-2ubuntu0.1) ...
#12 39.02 Selecting previously unselected package libjpeg-turbo8:arm64.
#12 39.02 Preparing to unpack .../55-libjpeg-turbo8_2.1.5-2ubuntu2_arm64.deb ...
#12 39.02 Unpacking libjpeg-turbo8:arm64 (2.1.5-2ubuntu2) ...
#12 39.04 Selecting previously unselected package libjpeg8:arm64.
#12 39.04 Preparing to unpack .../56-libjpeg8_8c-2ubuntu11_arm64.deb ...
#12 39.04 Unpacking libjpeg8:arm64 (8c-2ubuntu11) ...
#12 39.05 Selecting previously unselected package libnspr4:arm64.
#12 39.05 Preparing to unpack .../57-libnspr4_2%3a4.35-1.1build1_arm64.deb ...
#12 39.05 Unpacking libnspr4:arm64 (2:4.35-1.1build1) ...
#12 39.07 Selecting previously unselected package libnss3:arm64.
#12 39.07 Preparing to unpack .../58-libnss3_2%3a3.98-1ubuntu0.2_arm64.deb ...
#12 39.07 Unpacking libnss3:arm64 (2:3.98-1ubuntu0.2) ...
#12 39.09 Selecting previously unselected package libpcsclite1:arm64.
#12 39.09 Preparing to unpack .../59-libpcsclite1_2.0.3-1build1_arm64.deb ...
#12 39.10 Unpacking libpcsclite1:arm64 (2.0.3-1build1) ...
#12 39.11 Selecting previously unselected package openjdk-21-jre-headless:arm64.
#12 39.11 Preparing to unpack .../60-openjdk-21-jre-headless_21.0.12+8-1~24.04_arm64.deb ...
#12 39.11 Unpacking openjdk-21-jre-headless:arm64 (21.0.12+8-1~24.04) ...
#12 39.84 Selecting previously unselected package default-jre-headless.
#12 39.84 Preparing to unpack .../61-default-jre-headless_2%3a1.21-75+exp1_arm64.deb ...
#12 39.85 Unpacking default-jre-headless (2:1.21-75+exp1) ...
#12 39.86 Selecting previously unselected package libisal2.
#12 39.86 Preparing to unpack .../62-libisal2_2.31.0-0.1build1_arm64.deb ...
#12 39.86 Unpacking libisal2 (2.31.0-0.1build1) ...
#12 39.87 Selecting previously unselected package fastp.
#12 39.87 Preparing to unpack .../63-fastp_0.23.4+dfsg-1_arm64.deb ...
#12 39.88 Unpacking fastp (0.23.4+dfsg-1) ...
#12 39.89 Selecting previously unselected package liberror-perl.
#12 39.89 Preparing to unpack .../64-liberror-perl_0.17029-2_all.deb ...
#12 39.89 Unpacking liberror-perl (0.17029-2) ...
#12 39.90 Selecting previously unselected package git-man.
#12 39.90 Preparing to unpack .../65-git-man_1%3a2.43.0-1ubuntu7.3_all.deb ...
#12 39.90 Unpacking git-man (1:2.43.0-1ubuntu7.3) ...
#12 39.92 Selecting previously unselected package git.
#12 39.92 Preparing to unpack .../66-git_1%3a2.43.0-1ubuntu7.3_arm64.deb ...
#12 39.92 Unpacking git (1:2.43.0-1ubuntu7.3) ...
#12 40.02 Selecting previously unselected package libarchive13t64:arm64.
#12 40.02 Preparing to unpack .../67-libarchive13t64_3.7.2-2ubuntu0.8_arm64.deb ...
#12 40.02 Unpacking libarchive13t64:arm64 (3.7.2-2ubuntu0.8) ...
#12 40.03 Selecting previously unselected package libarchive-tools.
#12 40.03 Preparing to unpack .../68-libarchive-tools_3.7.2-2ubuntu0.8_arm64.deb ...
#12 40.04 Unpacking libarchive-tools (3.7.2-2ubuntu0.8) ...
#12 40.05 Selecting previously unselected package libbpp-core4t64:arm64.
#12 40.05 Preparing to unpack .../69-libbpp-core4t64_2.4.1-11.1build1_arm64.deb ...
#12 40.05 Unpacking libbpp-core4t64:arm64 (2.4.1-11.1build1) ...
#12 40.07 Selecting previously unselected package libbpp-seq12t64:arm64.
#12 40.07 Preparing to unpack .../70-libbpp-seq12t64_2.4.1-12build2_arm64.deb ...
#12 40.07 Unpacking libbpp-seq12t64:arm64 (2.4.1-12build2) ...
#12 40.09 Selecting previously unselected package libbpp-phyl12t64:arm64.
#12 40.09 Preparing to unpack .../71-libbpp-phyl12t64_2.4.1-9.1ubuntu3_arm64.deb ...
#12 40.09 Unpacking libbpp-phyl12t64:arm64 (2.4.1-9.1ubuntu3) ...
#12 40.13 Selecting previously unselected package tini.
#12 40.13 Preparing to unpack .../72-tini_0.19.0-1_arm64.deb ...
#12 40.14 Unpacking tini (0.19.0-1) ...
#12 40.15 Selecting previously unselected package unzip.
#12 40.16 Preparing to unpack .../73-unzip_6.0-28ubuntu4.1_arm64.deb ...
#12 40.16 Unpacking unzip (6.0-28ubuntu4.1) ...
#12 40.17 Selecting previously unselected package zip.
#12 40.17 Preparing to unpack .../74-zip_3.0-13ubuntu0.2_arm64.deb ...
#12 40.17 Unpacking zip (3.0-13ubuntu0.2) ...
#12 40.19 Selecting previously unselected package parallel.
#12 40.19 Preparing to unpack .../75-parallel_20231122+ds-1_all.deb ...
#12 40.19 Adding 'diversion of /usr/bin/parallel to /usr/bin/parallel.moreutils by parallel'
#12 40.19 Adding 'diversion of /usr/share/man/man1/parallel.1.gz to /usr/share/man/man1/parallel.moreutils.1.gz by parallel'
#12 40.19 Unpacking parallel (20231122+ds-1) ...
#12 40.22 Setting up libhtscodecs2:arm64 (1.6.0-1build1) ...
#12 40.22 Setting up libexpat1:arm64 (2.6.1-2ubuntu0.4) ...
#12 40.22 Setting up liblcms2-2:arm64 (2.14-2ubuntu0.1) ...
#12 40.23 Setting up mysql-common (5.8+1.1.0build1) ...
#12 40.24 update-alternatives: using /etc/mysql/my.cnf.fallback to provide /etc/mysql/my.cnf (my.cnf) in auto mode
#12 40.24 Setting up libmysqlclient21:arm64 (8.0.46-0ubuntu0.24.04.4) ...
#12 40.25 Setting up libkeyutils1:arm64 (1.6.3-3build1) ...
#12 40.25 Setting up libgdbm6t64:arm64 (1.23-5.1build1) ...
#12 40.25 Setting up java-common (0.75+exp1) ...
#12 40.26 Setting up libgslcblas0:arm64 (2.7.1+dfsg-6ubuntu2) ...
#12 40.26 Setting up libgdbm-compat4t64:arm64 (1.23-5.1build1) ...
#12 40.27 Setting up gawk (1:5.2.1-2ubuntu0.1) ...
#12 40.28 Setting up libbpp-core4t64:arm64 (2.4.1-11.1build1) ...
#12 40.28 Setting up unzip (6.0-28ubuntu4.1) ...
#12 40.28 Setting up libbrotli1:arm64 (1.1.0-2build2) ...
#12 40.29 Setting up libsqlite3-0:arm64 (3.45.1-1ubuntu2.7) ...
#12 40.29 Setting up libisal2 (2.31.0-0.1build1) ...
#12 40.29 Setting up libsensors-config (1:3.6.0-9build1) ...
#12 40.30 Setting up libpsl5t64:arm64 (0.21.2-1.1build1) ...
#12 40.30 Setting up libnghttp2-14:arm64 (1.59.0-1ubuntu0.4) ...
#12 40.31 Setting up libdeflate0:arm64 (1.19-1build1.1) ...
#12 40.31 Setting up less (590-2ubuntu2.1) ...
#12 40.32 Setting up libgsl27:arm64 (2.7.1+dfsg-6ubuntu2) ...
#12 40.32 Setting up libgomp1:arm64 (14.2.0-4ubuntu2~24.04.1) ...
#12 40.32 Setting up locales (2.39-0ubuntu8.9) ...
#12 40.55 Generating locales (this might take a while)...
#12 40.56 Generation complete.
#12 40.57 Setting up augustus-data (3.5.0+dfsg-4build5) ...
#12 40.57 Setting up libkrb5support0:arm64 (1.20.1-6ubuntu2.8) ...
#12 40.57 Setting up libsasl2-modules-db:arm64 (2.1.28+dfsg1-5ubuntu3.1) ...
#12 40.58 Setting up fastp (0.23.4+dfsg-1) ...
#12 40.58 Setting up zip (3.0-13ubuntu0.2) ...
#12 40.59 Setting up libnspr4:arm64 (2:4.35-1.1build1) ...
#12 40.59 Setting up librtmp1:arm64 (2.4+20151223.gitfa8646d.1-2build7) ...
#12 40.59 Setting up libboost-iostreams1.83.0:arm64 (1.83.0-2.1ubuntu3.2) ...
#12 40.60 Setting up xz-utils (5.6.1+really5.4.5-1ubuntu0.3) ...
#12 40.60 update-alternatives: using /usr/bin/xz to provide /usr/bin/lzma (lzma) in auto mode
#12 40.60 update-alternatives: warning: skip creation of /usr/share/man/man1/lzma.1.gz because associated file /usr/share/man/man1/xz.1.gz (of link group lzma) doesn't exist
#12 40.60 update-alternatives: warning: skip creation of /usr/share/man/man1/unlzma.1.gz because associated file /usr/share/man/man1/unxz.1.gz (of link group lzma) doesn't exist
#12 40.60 update-alternatives: warning: skip creation of /usr/share/man/man1/lzcat.1.gz because associated file /usr/share/man/man1/xzcat.1.gz (of link group lzma) doesn't exist
#12 40.60 update-alternatives: warning: skip creation of /usr/share/man/man1/lzmore.1.gz because associated file /usr/share/man/man1/xzmore.1.gz (of link group lzma) doesn't exist
#12 40.60 update-alternatives: warning: skip creation of /usr/share/man/man1/lzless.1.gz because associated file /usr/share/man/man1/xzless.1.gz (of link group lzma) doesn't exist
#12 40.60 update-alternatives: warning: skip creation of /usr/share/man/man1/lzdiff.1.gz because associated file /usr/share/man/man1/xzdiff.1.gz (of link group lzma) doesn't exist
#12 40.60 update-alternatives: warning: skip creation of /usr/share/man/man1/lzcmp.1.gz because associated file /usr/share/man/man1/xzcmp.1.gz (of link group lzma) doesn't exist
#12 40.60 update-alternatives: warning: skip creation of /usr/share/man/man1/lzgrep.1.gz because associated file /usr/share/man/man1/xzgrep.1.gz (of link group lzma) doesn't exist
#12 40.60 update-alternatives: warning: skip creation of /usr/share/man/man1/lzegrep.1.gz because associated file /usr/share/man/man1/xzegrep.1.gz (of link group lzma) doesn't exist
#12 40.60 update-alternatives: warning: skip creation of /usr/share/man/man1/lzfgrep.1.gz because associated file /usr/share/man/man1/xzfgrep.1.gz (of link group lzma) doesn't exist
#12 40.61 Setting up perl-modules-5.38 (5.38.2-3.2ubuntu0.4) ...
#12 40.61 Setting up tini (0.19.0-1) ...
#12 40.61 Setting up libpcsclite1:arm64 (2.0.3-1build1) ...
#12 40.62 Setting up ucf (3.0043+nmu1) ...
#12 40.65 Setting up libsensors5:arm64 (1:3.6.0-9build1) ...
#12 40.66 Setting up libk5crypto3:arm64 (1.20.1-6ubuntu2.8) ...
#12 40.66 Setting up libjpeg-turbo8:arm64 (2.1.5-2ubuntu2) ...
#12 40.66 Setting up libbamtools2.5.2:arm64 (2.5.2+dfsg-4) ...
#12 40.67 Setting up libsasl2-2:arm64 (2.1.28+dfsg1-5ubuntu3.1) ...
#12 40.67 Setting up libicu74:arm64 (74.2-1ubuntu3.1) ...
#12 40.68 Setting up pigz (2.8-1) ...
#12 40.68 Setting up libsuitesparseconfig7:arm64 (1:7.6.1+dfsg-1build1) ...
#12 40.69 Setting up git-man (1:2.43.0-1ubuntu7.3) ...
#12 40.69 Setting up libkrb5-3:arm64 (1.20.1-6ubuntu2.8) ...
#12 40.70 Setting up libperl5.38t64:arm64 (5.38.2-3.2ubuntu0.4) ...
#12 40.70 Setting up openssl (3.0.13-0ubuntu3.15) ...
#12 40.70 Setting up libxml2:arm64 (2.9.14+dfsg-1.3ubuntu3.8) ...
#12 40.71 Setting up sysstat (12.6.1-2) ...
#12 40.76
#12 40.76 Creating config file /etc/default/sysstat with new version
#12 40.78 update-alternatives: using /usr/bin/sar.sysstat to provide /usr/bin/sar (sar) in auto mode
#12 40.78 update-alternatives: warning: skip creation of /usr/share/man/man1/sar.1.gz because associated file /usr/share/man/man1/sar.sysstat.1.gz (of link group sar) doesn't exist
#12 40.94 Setting up libldap2:arm64 (2.6.10+dfsg-0ubuntu0.24.04.1) ...
#12 40.94 Setting up libpopt0:arm64 (1.19+dfsg-1build1) ...
#12 40.95 Setting up libbpp-seq12t64:arm64 (2.4.1-12build2) ...
#12 40.95 Setting up libjpeg8:arm64 (8c-2ubuntu11) ...
#12 40.96 Setting up libmysql++3t64:arm64 (3.2.5-2.3) ...
#12 40.96 Setting up wget (1.21.4-1ubuntu4.5) ...
#12 40.97 Setting up libcolamd3:arm64 (1:7.6.1+dfsg-1build1) ...
#12 40.97 Setting up libbpp-phyl12t64:arm64 (2.4.1-9.1ubuntu3) ...
#12 40.97 Setting up libnss3:arm64 (2:3.98-1ubuntu0.2) ...
#12 40.98 Setting up ca-certificates (20260601~24.04.1) ...
#12 41.17 Updating certificates in /etc/ssl/certs...
#12 41.41 rehash: warning: skipping ca-certificates.crt,it does not contain exactly one certificate or CRL
#12 41.42 121 added, 0 removed; done.
#12 41.43 Setting up perl (5.38.2-3.2ubuntu0.4) ...
#12 41.44 Setting up libgssapi-krb5-2:arm64 (1.20.1-6ubuntu2.8) ...
#12 41.44 Setting up parallel (20231122+ds-1) ...
#12 41.44 Setting up libssh-4:arm64 (0.10.6-2ubuntu0.5) ...
#12 41.45 Setting up ca-certificates-java (20240118) ...
#12 41.45 No JRE found. Skipping Java certificates setup.
#12 41.46 Setting up libarchive13t64:arm64 (3.7.2-2ubuntu0.8) ...
#12 41.46 Setting up rsync (3.2.7-1ubuntu1.5) ...
#12 41.47 invoke-rc.d: could not determine current runlevel
#12 41.47 invoke-rc.d: policy-rc.d denied execution of start.
#12 41.51 Setting up libarchive-tools (3.7.2-2ubuntu0.8) ...
#12 41.51 Setting up openjdk-21-jre-headless:arm64 (21.0.12+8-1~24.04) ...
#12 41.55 update-alternatives: using /usr/lib/jvm/java-21-openjdk-arm64/bin/java to provide /usr/bin/java (java) in auto mode
#12 41.55 update-alternatives: using /usr/lib/jvm/java-21-openjdk-arm64/bin/jpackage to provide /usr/bin/jpackage (jpackage) in auto mode
#12 41.56 update-alternatives: using /usr/lib/jvm/java-21-openjdk-arm64/bin/keytool to provide /usr/bin/keytool (keytool) in auto mode
#12 41.56 update-alternatives: using /usr/lib/jvm/java-21-openjdk-arm64/bin/rmiregistry to provide /usr/bin/rmiregistry (rmiregistry) in auto mode
#12 41.56 update-alternatives: using /usr/lib/jvm/java-21-openjdk-arm64/lib/jexec to provide /usr/bin/jexec (jexec) in auto mode
#12 41.57 Setting up libcurl4t64:arm64 (8.5.0-2ubuntu10.13) ...
#12 41.57 Setting up libcurl3t64-gnutls:arm64 (8.5.0-2ubuntu10.13) ...
#12 41.58 Setting up liberror-perl (0.17029-2) ...
#12 41.58 Setting up git (1:2.43.0-1ubuntu7.3) ...
#12 41.59 Setting up libhts3t64:arm64 (1.19+ds-1.1build3) ...
#12 41.59 Setting up curl (8.5.0-2ubuntu10.13) ...
#12 41.59 Setting up augustus (3.5.0+dfsg-4build5) ...
#12 41.60 Processing triggers for libc-bin (2.39-0ubuntu8.9) ...
#12 41.61 Processing triggers for ca-certificates-java (20240118) ...
#12 41.73 Adding debian:ACCVRAIZ1.pem
#12 41.73 Adding debian:AC_RAIZ_FNMT-RCM.pem
#12 41.74 Adding debian:AC_RAIZ_FNMT-RCM_SERVIDORES_SEGUROS.pem
#12 41.74 Adding debian:ANF_Secure_Server_Root_CA.pem
#12 41.74 Adding debian:Actalis_Authentication_Root_CA.pem
#12 41.74 Adding debian:Amazon_Root_CA_1.pem
#12 41.74 Adding debian:Amazon_Root_CA_2.pem
#12 41.74 Adding debian:Amazon_Root_CA_3.pem
#12 41.74 Adding debian:Amazon_Root_CA_4.pem
#12 41.74 Adding debian:Atos_TrustedRoot_2011.pem
#12 41.74 Adding debian:Atos_TrustedRoot_Root_CA_ECC_TLS_2021.pem
#12 41.74 Adding debian:Atos_TrustedRoot_Root_CA_RSA_TLS_2021.pem
#12 41.74 Adding debian:Autoridad_de_Certificacion_Firmaprofesional_CIF_A62634068.pem
#12 41.74 Adding debian:BJCA_Global_Root_CA1.pem
#12 41.75 Adding debian:BJCA_Global_Root_CA2.pem
#12 41.75 Adding debian:Buypass_Class_2_Root_CA.pem
#12 41.75 Adding debian:Buypass_Class_3_Root_CA.pem
#12 41.75 Adding debian:CA_Disig_Root_R2.pem
#12 41.75 Adding debian:CFCA_EV_ROOT.pem
#12 41.75 Adding debian:COMODO_ECC_Certification_Authority.pem
#12 41.75 Adding debian:COMODO_RSA_Certification_Authority.pem
#12 41.75 Adding debian:Certainly_Root_E1.pem
#12 41.75 Adding debian:Certainly_Root_R1.pem
#12 41.75 Adding debian:Certigna_Root_CA.pem
#12 41.75 Adding debian:Certum_EC-384_CA.pem
#12 41.75 Adding debian:Certum_Trusted_Network_CA.pem
#12 41.75 Adding debian:Certum_Trusted_Network_CA_2.pem
#12 41.76 Adding debian:Certum_Trusted_Root_CA.pem
#12 41.76 Adding debian:D-TRUST_BR_Root_CA_1_2020.pem
#12 41.76 Adding debian:D-TRUST_BR_Root_CA_2_2023.pem
#12 41.76 Adding debian:D-TRUST_EV_Root_CA_1_2020.pem
#12 41.76 Adding debian:D-TRUST_EV_Root_CA_2_2023.pem
#12 41.76 Adding debian:D-TRUST_Root_Class_3_CA_2_2009.pem
#12 41.76 Adding debian:D-TRUST_Root_Class_3_CA_2_EV_2009.pem
#12 41.76 Adding debian:DigiCert_Assured_ID_Root_G2.pem
#12 41.76 Adding debian:DigiCert_Assured_ID_Root_G3.pem
#12 41.76 Adding debian:DigiCert_Global_Root_G2.pem
#12 41.76 Adding debian:DigiCert_Global_Root_G3.pem
#12 41.76 Adding debian:DigiCert_TLS_ECC_P384_Root_G5.pem
#12 41.76 Adding debian:DigiCert_TLS_RSA4096_Root_G5.pem
#12 41.77 Adding debian:DigiCert_Trusted_Root_G4.pem
#12 41.77 Adding debian:Entrust_Root_Certification_Authority.pem
#12 41.77 Adding debian:GDCA_TrustAUTH_R5_ROOT.pem
#12 41.77 Adding debian:GTS_Root_R1.pem
#12 41.77 Adding debian:GTS_Root_R3.pem
#12 41.77 Adding debian:GTS_Root_R4.pem
#12 41.77 Adding debian:GlobalSign_ECC_Root_CA_-_R4.pem
#12 41.77 Adding debian:GlobalSign_ECC_Root_CA_-_R5.pem
#12 41.77 Adding debian:GlobalSign_Root_CA_-_R3.pem
#12 41.77 Adding debian:GlobalSign_Root_CA_-_R6.pem
#12 41.77 Adding debian:GlobalSign_Root_E46.pem
#12 41.77 Adding debian:GlobalSign_Root_R46.pem
#12 41.77 Adding debian:Go_Daddy_Root_Certificate_Authority_-_G2.pem
#12 41.77 Adding debian:HARICA_TLS_ECC_Root_CA_2021.pem
#12 41.77 Adding debian:HARICA_TLS_RSA_Root_CA_2021.pem
#12 41.78 Adding debian:Hellenic_Academic_and_Research_Institutions_ECC_RootCA_2015.pem
#12 41.78 Adding debian:Hellenic_Academic_and_Research_Institutions_RootCA_2015.pem
#12 41.78 Adding debian:HiPKI_Root_CA_-_G1.pem
#12 41.78 Adding debian:Hongkong_Post_Root_CA_3.pem
#12 41.78 Adding debian:ISRG_Root_X1.pem
#12 41.78 Adding debian:ISRG_Root_X2.pem
#12 41.78 Adding debian:IdenTrust_Commercial_Root_CA_1.pem
#12 41.78 Adding debian:IdenTrust_Public_Sector_Root_CA_1.pem
#12 41.78 Adding debian:Izenpe.com.pem
#12 41.78 Adding debian:Microsec_e-Szigno_Root_CA_2009.pem
#12 41.78 Adding debian:Microsoft_ECC_Root_Certificate_Authority_2017.pem
#12 41.78 Adding debian:Microsoft_RSA_Root_Certificate_Authority_2017.pem
#12 41.78 Adding debian:NAVER_Global_Root_Certification_Authority.pem
#12 41.79 Adding debian:NetLock_Arany_=Class_Gold=_Főtanúsítvány.pem
#12 41.79 Adding debian:OISTE_Server_Root_ECC_G1.pem
#12 41.79 Adding debian:OISTE_Server_Root_RSA_G1.pem
#12 41.79 Adding debian:OISTE_WISeKey_Global_Root_GB_CA.pem
#12 41.79 Adding debian:OISTE_WISeKey_Global_Root_GC_CA.pem
#12 41.79 Adding debian:QuoVadis_Root_CA_1_G3.pem
#12 41.79 Adding debian:QuoVadis_Root_CA_2_G3.pem
#12 41.79 Adding debian:QuoVadis_Root_CA_3_G3.pem
#12 41.79 Adding debian:SSL.com_EV_Root_Certification_Authority_ECC.pem
#12 41.79 Adding debian:SSL.com_EV_Root_Certification_Authority_RSA_R2.pem
#12 41.79 Adding debian:SSL.com_Root_Certification_Authority_ECC.pem
#12 41.79 Adding debian:SSL.com_Root_Certification_Authority_RSA.pem
#12 41.79 Adding debian:SSL.com_TLS_ECC_Root_CA_2022.pem
#12 41.80 Adding debian:SSL.com_TLS_RSA_Root_CA_2022.pem
#12 41.80 Adding debian:SZAFIR_ROOT_CA2.pem
#12 41.80 Adding debian:Sectigo_Public_Server_Authentication_Root_E46.pem
#12 41.80 Adding debian:Sectigo_Public_Server_Authentication_Root_R46.pem
#12 41.80 Adding debian:SecureSign_Root_CA12.pem
#12 41.80 Adding debian:SecureSign_Root_CA14.pem
#12 41.80 Adding debian:SecureSign_Root_CA15.pem
#12 41.80 Adding debian:Security_Communication_ECC_RootCA1.pem
#12 41.80 Adding debian:Security_Communication_RootCA2.pem
#12 41.80 Adding debian:Starfield_Root_Certificate_Authority_-_G2.pem
#12 41.80 Adding debian:Starfield_Services_Root_Certificate_Authority_-_G2.pem
#12 41.80 Adding debian:SwissSign_RSA_TLS_Root_CA_2022_-_1.pem
#12 41.80 Adding debian:T-TeleSec_GlobalRoot_Class_2.pem
#12 41.80 Adding debian:T-TeleSec_GlobalRoot_Class_3.pem
#12 41.80 Adding debian:TUBITAK_Kamu_SM_SSL_Kok_Sertifikasi_-_Surum_1.pem
#12 41.80 Adding debian:TWCA_CYBER_Root_CA.pem
#12 41.81 Adding debian:TWCA_Global_Root_CA.pem
#12 41.81 Adding debian:TWCA_Root_Certification_Authority.pem
#12 41.81 Adding debian:Telekom_Security_TLS_ECC_Root_2020.pem
#12 41.81 Adding debian:Telekom_Security_TLS_RSA_Root_2023.pem
#12 41.81 Adding debian:Telia_Root_CA_v2.pem
#12 41.81 Adding debian:TrustAsia_Global_Root_CA_G3.pem
#12 41.81 Adding debian:TrustAsia_Global_Root_CA_G4.pem
#12 41.81 Adding debian:TrustAsia_TLS_ECC_Root_CA.pem
#12 41.81 Adding debian:TrustAsia_TLS_RSA_Root_CA.pem
#12 41.81 Adding debian:TunTrust_Root_CA.pem
#12 41.81 Adding debian:UCA_Extended_Validation_Root.pem
#12 41.81 Adding debian:UCA_Global_G2_Root.pem
#12 41.81 Adding debian:USERTrust_ECC_Certification_Authority.pem
#12 41.81 Adding debian:USERTrust_RSA_Certification_Authority.pem
#12 41.81 Adding debian:certSIGN_Root_CA_G2.pem
#12 41.82 Adding debian:e-Szigno_Root_CA_2017.pem
#12 41.82 Adding debian:e-Szigno_TLS_Root_CA_2023.pem
#12 41.82 Adding debian:ePKI_Root_Certification_Authority.pem
#12 41.82 Adding debian:emSign_ECC_Root_CA_-_C3.pem
#12 41.82 Adding debian:emSign_ECC_Root_CA_-_G3.pem
#12 41.82 Adding debian:emSign_Root_CA_-_C1.pem
#12 41.82 Adding debian:emSign_Root_CA_-_G1.pem
#12 41.82 Adding debian:vTrus_ECC_Root_CA.pem
#12 41.82 Adding debian:vTrus_Root_CA.pem
#12 41.84 done.
#12 41.84 Setting up default-jre-headless (2:1.21-75+exp1) ...
#12 41.85 Processing triggers for ca-certificates (20260601~24.04.1) ...
#12 41.85 Updating certificates in /etc/ssl/certs...
#12 42.05 0 added, 0 removed; done.
#12 42.05 Running hooks in /etc/ca-certificates/update.d...
#12 42.05 done.
#12 42.05 Processing triggers for ca-certificates-java (20240118) ...
#12 42.07 done.
#12 42.14 Generating locales (this might take a while)...
#12 42.14   en_US.UTF-8...
#12 ...

#13 [system 1/1] RUN bash /opt/pg/scripts/install_system_packages.sh development
#13 32.53 Get:76 http://ports.ubuntu.com/ubuntu-ports noble-updates/main arm64 cpp-13 arm64 13.3.0-6ubuntu2~24.04.1 [1038 B]
#13 32.53 Get:77 http://ports.ubuntu.com/ubuntu-ports noble/main arm64 cpp-aarch64-linux-gnu arm64 4:13.2.0-7ubuntu1 [5316 B]
#13 32.53 Get:78 http://ports.ubuntu.com/ubuntu-ports noble/main arm64 cpp arm64 4:13.2.0-7ubuntu1 [22.4 kB]
#13 32.53 Get:79 http://ports.ubuntu.com/ubuntu-ports noble-updates/main arm64 libcc1-0 arm64 14.2.0-4ubuntu2~24.04.1 [49.7 kB]
#13 32.54 Get:80 http://ports.ubuntu.com/ubuntu-ports noble-updates/main arm64 libitm1 arm64 14.2.0-4ubuntu2~24.04.1 [28.2 kB]
#13 32.54 Get:81 http://ports.ubuntu.com/ubuntu-ports noble-updates/main arm64 libatomic1 arm64 14.2.0-4ubuntu2~24.04.1 [11.6 kB]
#13 32.54 Get:82 http://ports.ubuntu.com/ubuntu-ports noble-updates/main arm64 libasan8 arm64 14.2.0-4ubuntu2~24.04.1 [2928 kB]
#13 32.73 Get:83 http://ports.ubuntu.com/ubuntu-ports noble-updates/main arm64 liblsan0 arm64 14.2.0-4ubuntu2~24.04.1 [1289 kB]
#13 32.84 Get:84 http://ports.ubuntu.com/ubuntu-ports noble-updates/main arm64 libtsan2 arm64 14.2.0-4ubuntu2~24.04.1 [2697 kB]
#13 33.02 Get:85 http://ports.ubuntu.com/ubuntu-ports noble-updates/main arm64 libubsan1 arm64 14.2.0-4ubuntu2~24.04.1 [1157 kB]
#13 33.09 Get:86 http://ports.ubuntu.com/ubuntu-ports noble-updates/main arm64 libhwasan0 arm64 14.2.0-4ubuntu2~24.04.1 [1605 kB]
#13 33.21 Get:87 http://ports.ubuntu.com/ubuntu-ports noble-updates/main arm64 libgcc-13-dev arm64 13.3.0-6ubuntu2~24.04.1 [2473 kB]
#13 33.38 Get:88 http://ports.ubuntu.com/ubuntu-ports noble-updates/main arm64 gcc-13-aarch64-linux-gnu arm64 13.3.0-6ubuntu2~24.04.1 [18.7 MB]
#13 34.73 Get:89 http://ports.ubuntu.com/ubuntu-ports noble-updates/main arm64 gcc-13 arm64 13.3.0-6ubuntu2~24.04.1 [484 kB]
#13 34.76 Get:90 http://ports.ubuntu.com/ubuntu-ports noble/main arm64 gcc-aarch64-linux-gnu arm64 4:13.2.0-7ubuntu1 [1198 B]
#13 34.76 Get:91 http://ports.ubuntu.com/ubuntu-ports noble/main arm64 gcc arm64 4:13.2.0-7ubuntu1 [5018 B]
#13 34.76 Get:92 http://ports.ubuntu.com/ubuntu-ports noble-updates/main arm64 libstdc++-13-dev arm64 13.3.0-6ubuntu2~24.04.1 [2397 kB]
#13 34.95 Get:93 http://ports.ubuntu.com/ubuntu-ports noble-updates/main arm64 g++-13-aarch64-linux-gnu arm64 13.3.0-6ubuntu2~24.04.1 [10.9 MB]
#13 35.73 Get:94 http://ports.ubuntu.com/ubuntu-ports noble-updates/main arm64 g++-13 arm64 13.3.0-6ubuntu2~24.04.1 [16.0 kB]
#13 35.73 Get:95 http://ports.ubuntu.com/ubuntu-ports noble/main arm64 g++-aarch64-linux-gnu arm64 4:13.2.0-7ubuntu1 [962 B]
#13 35.73 Get:96 http://ports.ubuntu.com/ubuntu-ports noble/main arm64 g++ arm64 4:13.2.0-7ubuntu1 [1082 B]
#13 35.73 Get:97 http://ports.ubuntu.com/ubuntu-ports noble/main arm64 make arm64 4.3-4.1build2 [178 kB]
#13 35.74 Get:98 http://ports.ubuntu.com/ubuntu-ports noble-updates/main arm64 libdpkg-perl all 1.22.6ubuntu6.6 [268 kB]
#13 35.76 Get:99 http://ports.ubuntu.com/ubuntu-ports noble-updates/main arm64 bzip2 arm64 1.0.8-5.1ubuntu0.1 [34.0 kB]
#13 35.76 Get:100 http://ports.ubuntu.com/ubuntu-ports noble/main arm64 patch arm64 2.7.6-7build3 [101 kB]
#13 35.77 Get:101 http://ports.ubuntu.com/ubuntu-ports noble/main arm64 lto-disabled-list all 47 [12.4 kB]
#13 36.34 Get:102 http://ports.ubuntu.com/ubuntu-ports noble-updates/main arm64 dpkg-dev all 1.22.6ubuntu6.6 [1074 kB]
#13 38.63 Get:103 http://ports.ubuntu.com/ubuntu-ports noble/main arm64 build-essential arm64 12.10ubuntu1 [4932 B]
#13 38.64 Get:104 http://ports.ubuntu.com/ubuntu-ports noble/main arm64 ca-certificates-java all 20240118 [11.6 kB]
#13 38.64 Get:105 http://ports.ubuntu.com/ubuntu-ports noble-updates/main arm64 libarchive13t64 arm64 3.7.2-2ubuntu0.8 [378 kB]
#13 38.71 Get:106 http://ports.ubuntu.com/ubuntu-ports noble-updates/main arm64 libcurl4t64 arm64 8.5.0-2ubuntu10.13 [336 kB]
#13 38.77 Get:107 http://ports.ubuntu.com/ubuntu-ports noble/main arm64 libjsoncpp25 arm64 1.9.5-6build1 [78.2 kB]
#13 38.78 Get:108 http://ports.ubuntu.com/ubuntu-ports noble/main arm64 librhash0 arm64 1.4.3-3build1 [126 kB]
#13 38.81 Get:109 http://ports.ubuntu.com/ubuntu-ports noble/main arm64 cmake-data all 3.28.3-1build7 [2155 kB]
#13 39.25 Get:110 http://ports.ubuntu.com/ubuntu-ports noble/main arm64 cmake arm64 3.28.3-1build7 [10.3 MB]
#13 39.98 Get:111 http://ports.ubuntu.com/ubuntu-ports noble-updates/main arm64 curl arm64 8.5.0-2ubuntu10.13 [222 kB]
#13 39.99 Get:112 http://ports.ubuntu.com/ubuntu-ports noble/main arm64 java-common all 0.75+exp1 [6798 B]
#13 40.00 Get:113 http://ports.ubuntu.com/ubuntu-ports noble-updates/main arm64 liblcms2-2 arm64 2.14-2ubuntu0.1 [161 kB]
#13 40.01 Get:114 http://ports.ubuntu.com/ubuntu-ports noble/main arm64 libjpeg-turbo8 arm64 2.1.5-2ubuntu2 [163 kB]
#13 40.03 Get:115 http://ports.ubuntu.com/ubuntu-ports noble/main arm64 libjpeg8 arm64 8c-2ubuntu11 [2148 B]
#13 40.03 Get:116 http://ports.ubuntu.com/ubuntu-ports noble/main arm64 libnspr4 arm64 2:4.35-1.1build1 [114 kB]
#13 40.04 Get:117 http://ports.ubuntu.com/ubuntu-ports noble-updates/main arm64 libnss3 arm64 2:3.98-1ubuntu0.2 [1406 kB]
#13 40.12 Get:118 http://ports.ubuntu.com/ubuntu-ports noble/main arm64 libpcsclite1 arm64 2.0.3-1build1 [21.8 kB]
#13 40.12 Get:119 http://ports.ubuntu.com/ubuntu-ports noble-updates/main arm64 openjdk-21-jre-headless arm64 21.0.12+8-1~24.04 [45.8 MB]
#13 ...

#12 [runtime-system 1/1] RUN bash /opt/pg/scripts/install_system_packages.sh runtime
#12 42.14   en_US.UTF-8... done
#12 42.93 Generation complete.
#12 DONE 43.1s

#13 [system 1/1] RUN bash /opt/pg/scripts/install_system_packages.sh development
#13 43.23 Get:120 http://ports.ubuntu.com/ubuntu-ports noble/main arm64 default-jre-headless arm64 2:1.21-75+exp1 [3096 B]
#13 43.23 Get:121 http://ports.ubuntu.com/ubuntu-ports noble/universe arm64 libisal2 arm64 2.31.0-0.1build1 [86.9 kB]
#13 43.24 Get:122 http://ports.ubuntu.com/ubuntu-ports noble/universe arm64 fastp arm64 0.23.4+dfsg-1 [149 kB]
#13 43.24 Get:123 http://ports.ubuntu.com/ubuntu-ports noble-updates/main arm64 libgfortran5 arm64 14.2.0-4ubuntu2~24.04.1 [439 kB]
#13 43.27 Get:124 http://ports.ubuntu.com/ubuntu-ports noble-updates/main arm64 libgfortran-13-dev arm64 13.3.0-6ubuntu2~24.04.1 [481 kB]
#13 43.30 Get:125 http://ports.ubuntu.com/ubuntu-ports noble-updates/main arm64 gfortran-13-aarch64-linux-gnu arm64 13.3.0-6ubuntu2~24.04.1 [10.3 MB]
#13 44.00 Get:126 http://ports.ubuntu.com/ubuntu-ports noble-updates/main arm64 gfortran-13 arm64 13.3.0-6ubuntu2~24.04.1 [13.9 kB]
#13 44.00 Get:127 http://ports.ubuntu.com/ubuntu-ports noble/main arm64 gfortran-aarch64-linux-gnu arm64 4:13.2.0-7ubuntu1 [1022 B]
#13 44.00 Get:128 http://ports.ubuntu.com/ubuntu-ports noble/main arm64 gfortran arm64 4:13.2.0-7ubuntu1 [1164 B]
#13 44.00 Get:129 http://ports.ubuntu.com/ubuntu-ports noble/main arm64 liberror-perl all 0.17029-2 [25.6 kB]
#13 44.00 Get:130 http://ports.ubuntu.com/ubuntu-ports noble-updates/main arm64 git-man all 1:2.43.0-1ubuntu7.3 [1100 kB]
#13 44.09 Get:131 http://ports.ubuntu.com/ubuntu-ports noble-updates/main arm64 git arm64 1:2.43.0-1ubuntu7.3 [3774 kB]
#13 44.34 Get:132 http://ports.ubuntu.com/ubuntu-ports noble-updates/main arm64 icu-devtools arm64 74.2-1ubuntu3.1 [209 kB]
#13 44.35 Get:133 http://ports.ubuntu.com/ubuntu-ports noble-updates/universe arm64 libarchive-tools arm64 3.7.2-2ubuntu0.8 [71.3 kB]
#13 44.35 Get:134 http://ports.ubuntu.com/ubuntu-ports noble-updates/main arm64 libboost1.83-dev arm64 1.83.0-2.1ubuntu3.2 [10.7 MB]
#13 45.07 Get:135 http://ports.ubuntu.com/ubuntu-ports noble/main arm64 libboost-dev arm64 1.83.0.1ubuntu2 [4308 B]
#13 45.07 Get:136 http://ports.ubuntu.com/ubuntu-ports noble/universe arm64 libbpp-core4t64 arm64 2.4.1-11.1build1 [502 kB]
#13 45.11 Get:137 http://ports.ubuntu.com/ubuntu-ports noble/universe arm64 libbpp-core-dev arm64 2.4.1-11.1build1 [1069 kB]
#13 45.18 Get:138 http://ports.ubuntu.com/ubuntu-ports noble/universe arm64 libbpp-seq12t64 arm64 2.4.1-12build2 [398 kB]
#13 45.21 Get:139 http://ports.ubuntu.com/ubuntu-ports noble/universe arm64 libbpp-phyl12t64 arm64 2.4.1-9.1ubuntu3 [1771 kB]
#13 45.32 Get:140 http://ports.ubuntu.com/ubuntu-ports noble/universe arm64 libbpp-seq-dev arm64 2.4.1-12build2 [819 kB]
#13 45.38 Get:141 http://ports.ubuntu.com/ubuntu-ports noble/universe arm64 libbpp-phyl-dev arm64 2.4.1-9.1ubuntu3 [3439 kB]
#13 45.62 Get:142 http://ports.ubuntu.com/ubuntu-ports noble-updates/main arm64 libcurl4-openssl-dev arm64 8.5.0-2ubuntu10.13 [455 kB]
#13 45.64 Get:143 http://ports.ubuntu.com/ubuntu-ports noble-updates/main arm64 libicu-dev arm64 74.2-1ubuntu3.1 [11.9 MB]
#13 46.46 Get:144 http://ports.ubuntu.com/ubuntu-ports noble/main arm64 libpkgconf3 arm64 1.8.1-2build1 [31.2 kB]
#13 46.46 Get:145 http://ports.ubuntu.com/ubuntu-ports noble-updates/main arm64 libssl-dev arm64 3.0.13-0ubuntu3.15 [2379 kB]
#13 46.61 Get:146 http://ports.ubuntu.com/ubuntu-ports noble-updates/main arm64 libxml2-dev arm64 2.9.14+dfsg-1.3ubuntu3.8 [800 kB]
#13 46.67 Get:147 http://ports.ubuntu.com/ubuntu-ports noble/main arm64 pkgconf-bin arm64 1.8.1-2build1 [20.5 kB]
#13 46.67 Get:148 http://ports.ubuntu.com/ubuntu-ports noble/main arm64 pkgconf arm64 1.8.1-2build1 [16.8 kB]
#13 46.67 Get:149 http://ports.ubuntu.com/ubuntu-ports noble/main arm64 pkg-config arm64 1.8.1-2build1 [7264 B]
#13 46.67 Get:150 http://ports.ubuntu.com/ubuntu-ports noble/universe arm64 tini arm64 0.19.0-1 [212 kB]
#13 46.69 Get:151 http://ports.ubuntu.com/ubuntu-ports noble-updates/main arm64 unzip arm64 6.0-28ubuntu4.1 [171 kB]
#13 46.70 Get:152 http://ports.ubuntu.com/ubuntu-ports noble-updates/main arm64 zip arm64 3.0-13ubuntu0.2 [171 kB]
#13 46.75 Get:153 http://ports.ubuntu.com/ubuntu-ports noble-updates/main arm64 zlib1g-dev arm64 1:1.3.dfsg-3.1ubuntu2.2 [894 kB]
#13 46.80 Get:154 http://ports.ubuntu.com/ubuntu-ports noble-updates/universe arm64 libeigen3-dev all 3.4.0-4build0.1 [1057 kB]
#13 46.89 Get:155 http://ports.ubuntu.com/ubuntu-ports noble/universe arm64 parallel all 20231122+ds-1 [1944 kB]
#13 47.08 debconf: delaying package configuration, since apt-utils is not installed
#13 47.09 Fetched 241 MB in 26s (9179 kB/s)
#13 47.12 Selecting previously unselected package libpopt0:arm64.
#13 47.12 (Reading database ...
(Reading database ... 5%
(Reading database ... 10%
(Reading database ... 15%
(Reading database ... 20%
(Reading database ... 25%
(Reading database ... 30%
(Reading database ... 35%
(Reading database ... 40%
(Reading database ... 45%
(Reading database ... 50%
(Reading database ... 55%
(Reading database ... 60%
(Reading database ... 65%
(Reading database ... 70%
(Reading database ... 75%
(Reading database ... 80%
(Reading database ... 85%
(Reading database ... 90%
(Reading database ... 95%
(Reading database ... 100%
(Reading database ... 4372 files and directories currently installed.)
#13 47.12 Preparing to unpack .../0-libpopt0_1.19+dfsg-1build1_arm64.deb ...
#13 47.13 Unpacking libpopt0:arm64 (1.19+dfsg-1build1) ...
#13 47.14 Selecting previously unselected package rsync.
#13 47.14 Preparing to unpack .../1-rsync_3.2.7-1ubuntu1.5_arm64.deb ...
#13 47.14 Unpacking rsync (3.2.7-1ubuntu1.5) ...
#13 47.16 Selecting previously unselected package libmpfr6:arm64.
#13 47.16 Preparing to unpack .../2-libmpfr6_4.2.1-1build1.1_arm64.deb ...
#13 47.16 Unpacking libmpfr6:arm64 (4.2.1-1build1.1) ...
#13 47.17 Selecting previously unselected package readline-common.
#13 47.18 Preparing to unpack .../3-readline-common_8.2-4build1_all.deb ...
#13 47.18 Unpacking readline-common (8.2-4build1) ...
#13 47.19 Selecting previously unselected package libreadline8t64:arm64.
#13 47.19 Preparing to unpack .../4-libreadline8t64_8.2-4build1_arm64.deb ...
#13 47.19 Adding 'diversion of /lib/aarch64-linux-gnu/libhistory.so.8 to /lib/aarch64-linux-gnu/libhistory.so.8.usr-is-merged by libreadline8t64'
#13 47.20 Adding 'diversion of /lib/aarch64-linux-gnu/libhistory.so.8.2 to /lib/aarch64-linux-gnu/libhistory.so.8.2.usr-is-merged by libreadline8t64'
#13 47.20 Adding 'diversion of /lib/aarch64-linux-gnu/libreadline.so.8 to /lib/aarch64-linux-gnu/libreadline.so.8.usr-is-merged by libreadline8t64'
#13 47.20 Adding 'diversion of /lib/aarch64-linux-gnu/libreadline.so.8.2 to /lib/aarch64-linux-gnu/libreadline.so.8.2.usr-is-merged by libreadline8t64'
#13 47.20 Unpacking libreadline8t64:arm64 (8.2-4build1) ...
#13 47.21 Selecting previously unselected package libsigsegv2:arm64.
#13 47.21 Preparing to unpack .../5-libsigsegv2_2.14-1ubuntu2_arm64.deb ...
#13 47.22 Unpacking libsigsegv2:arm64 (2.14-1ubuntu2) ...
#13 47.23 Setting up libmpfr6:arm64 (4.2.1-1build1.1) ...
#13 47.23 Setting up readline-common (8.2-4build1) ...
#13 47.23 Setting up libreadline8t64:arm64 (8.2-4build1) ...
#13 47.24 Setting up libsigsegv2:arm64 (2.14-1ubuntu2) ...
#13 47.26 Selecting previously unselected package gawk.
#13 47.26 (Reading database ...
(Reading database ... 5%
(Reading database ... 10%
(Reading database ... 15%
(Reading database ... 20%
(Reading database ... 25%
(Reading database ... 30%
(Reading database ... 35%
(Reading database ... 40%
(Reading database ... 45%
(Reading database ... 50%
(Reading database ... 55%
(Reading database ... 60%
(Reading database ... 65%
(Reading database ... 70%
(Reading database ... 75%
(Reading database ... 80%
(Reading database ... 85%
(Reading database ... 90%
(Reading database ... 95%
(Reading database ... 100%
(Reading database ... 4459 files and directories currently installed.)
#13 47.26 Preparing to unpack .../000-gawk_1%3a5.2.1-2ubuntu0.1_arm64.deb ...
#13 47.26 Unpacking gawk (1:5.2.1-2ubuntu0.1) ...
#13 47.28 Selecting previously unselected package perl-modules-5.38.
#13 47.28 Preparing to unpack .../001-perl-modules-5.38_5.38.2-3.2ubuntu0.4_all.deb ...
#13 47.28 Unpacking perl-modules-5.38 (5.38.2-3.2ubuntu0.4) ...
#13 47.42 Selecting previously unselected package libgdbm6t64:arm64.
#13 47.42 Preparing to unpack .../002-libgdbm6t64_1.23-5.1build1_arm64.deb ...
#13 47.43 Unpacking libgdbm6t64:arm64 (1.23-5.1build1) ...
#13 47.44 Selecting previously unselected package libgdbm-compat4t64:arm64.
#13 47.44 Preparing to unpack .../003-libgdbm-compat4t64_1.23-5.1build1_arm64.deb ...
#13 47.44 Unpacking libgdbm-compat4t64:arm64 (1.23-5.1build1) ...
#13 47.45 Selecting previously unselected package libperl5.38t64:arm64.
#13 47.45 Preparing to unpack .../004-libperl5.38t64_5.38.2-3.2ubuntu0.4_arm64.deb ...
#13 47.45 Unpacking libperl5.38t64:arm64 (5.38.2-3.2ubuntu0.4) ...
#13 47.59 Selecting previously unselected package perl.
#13 47.59 Preparing to unpack .../005-perl_5.38.2-3.2ubuntu0.4_arm64.deb ...
#13 47.60 Unpacking perl (5.38.2-3.2ubuntu0.4) ...
#13 47.61 Selecting previously unselected package pigz.
#13 47.61 Preparing to unpack .../006-pigz_2.8-1_arm64.deb ...
#13 47.61 Unpacking pigz (2.8-1) ...
#13 47.62 Selecting previously unselected package openssl.
#13 47.62 Preparing to unpack .../007-openssl_3.0.13-0ubuntu3.15_arm64.deb ...
#13 47.62 Unpacking openssl (3.0.13-0ubuntu3.15) ...
#13 47.64 Selecting previously unselected package ca-certificates.
#13 47.64 Preparing to unpack .../008-ca-certificates_20260601~24.04.1_all.deb ...
#13 47.65 Unpacking ca-certificates (20260601~24.04.1) ...
#13 47.67 Selecting previously unselected package less.
#13 47.67 Preparing to unpack .../009-less_590-2ubuntu2.1_arm64.deb ...
#13 47.67 Unpacking less (590-2ubuntu2.1) ...
#13 47.68 Selecting previously unselected package libexpat1:arm64.
#13 47.68 Preparing to unpack .../010-libexpat1_2.6.1-2ubuntu0.4_arm64.deb ...
#13 47.68 Unpacking libexpat1:arm64 (2.6.1-2ubuntu0.4) ...
#13 47.70 Selecting previously unselected package libkrb5support0:arm64.
#13 47.70 Preparing to unpack .../011-libkrb5support0_1.20.1-6ubuntu2.8_arm64.deb ...
#13 47.70 Unpacking libkrb5support0:arm64 (1.20.1-6ubuntu2.8) ...
#13 47.71 Selecting previously unselected package libk5crypto3:arm64.
#13 47.71 Preparing to unpack .../012-libk5crypto3_1.20.1-6ubuntu2.8_arm64.deb ...
#13 47.71 Unpacking libk5crypto3:arm64 (1.20.1-6ubuntu2.8) ...
#13 47.72 Selecting previously unselected package libkeyutils1:arm64.
#13 47.72 Preparing to unpack .../013-libkeyutils1_1.6.3-3build1_arm64.deb ...
#13 47.72 Unpacking libkeyutils1:arm64 (1.6.3-3build1) ...
#13 47.73 Selecting previously unselected package libkrb5-3:arm64.
#13 47.73 Preparing to unpack .../014-libkrb5-3_1.20.1-6ubuntu2.8_arm64.deb ...
#13 47.74 Unpacking libkrb5-3:arm64 (1.20.1-6ubuntu2.8) ...
#13 47.75 Selecting previously unselected package libgssapi-krb5-2:arm64.
#13 47.75 Preparing to unpack .../015-libgssapi-krb5-2_1.20.1-6ubuntu2.8_arm64.deb ...
#13 47.75 Unpacking libgssapi-krb5-2:arm64 (1.20.1-6ubuntu2.8) ...
#13 47.76 Selecting previously unselected package libicu74:arm64.
#13 47.76 Preparing to unpack .../016-libicu74_74.2-1ubuntu3.1_arm64.deb ...
#13 47.77 Unpacking libicu74:arm64 (74.2-1ubuntu3.1) ...
#13 47.91 Selecting previously unselected package libsqlite3-0:arm64.
#13 47.91 Preparing to unpack .../017-libsqlite3-0_3.45.1-1ubuntu2.7_arm64.deb ...
#13 47.91 Unpacking libsqlite3-0:arm64 (3.45.1-1ubuntu2.7) ...
#13 47.93 Selecting previously unselected package libxml2:arm64.
#13 47.93 Preparing to unpack .../018-libxml2_2.9.14+dfsg-1.3ubuntu3.8_arm64.deb ...
#13 47.93 Unpacking libxml2:arm64 (2.9.14+dfsg-1.3ubuntu3.8) ...
#13 47.95 Selecting previously unselected package locales.
#13 47.95 Preparing to unpack .../019-locales_2.39-0ubuntu8.9_all.deb ...
#13 47.95 Unpacking locales (2.39-0ubuntu8.9) ...
#13 48.03 Selecting previously unselected package ucf.
#13 48.03 Preparing to unpack .../020-ucf_3.0043+nmu1_all.deb ...
#13 48.03 Moving old data out of the way
#13 48.03 Unpacking ucf (3.0043+nmu1) ...
#13 48.05 Selecting previously unselected package libjansson4:arm64.
#13 48.05 Preparing to unpack .../021-libjansson4_2.14-2build2_arm64.deb ...
#13 48.05 Unpacking libjansson4:arm64 (2.14-2build2) ...
#13 48.06 Selecting previously unselected package libnghttp2-14:arm64.
#13 48.06 Preparing to unpack .../022-libnghttp2-14_1.59.0-1ubuntu0.4_arm64.deb ...
#13 48.06 Unpacking libnghttp2-14:arm64 (1.59.0-1ubuntu0.4) ...
#13 48.08 Selecting previously unselected package libpsl5t64:arm64.
#13 48.08 Preparing to unpack .../023-libpsl5t64_0.21.2-1.1build1_arm64.deb ...
#13 48.08 Unpacking libpsl5t64:arm64 (0.21.2-1.1build1) ...
#13 48.09 Selecting previously unselected package libsensors-config.
#13 48.09 Preparing to unpack .../024-libsensors-config_1%3a3.6.0-9build1_all.deb ...
#13 48.09 Unpacking libsensors-config (1:3.6.0-9build1) ...
#13 48.10 Selecting previously unselected package libsensors5:arm64.
#13 48.10 Preparing to unpack .../025-libsensors5_1%3a3.6.0-9build1_arm64.deb ...
#13 48.11 Unpacking libsensors5:arm64 (1:3.6.0-9build1) ...
#13 48.12 Selecting previously unselected package libuv1t64:arm64.
#13 48.12 Preparing to unpack .../026-libuv1t64_1.48.0-1.1build1_arm64.deb ...
#13 48.12 Unpacking libuv1t64:arm64 (1.48.0-1.1build1) ...
#13 48.13 Selecting previously unselected package xz-utils.
#13 48.14 Preparing to unpack .../027-xz-utils_5.6.1+really5.4.5-1ubuntu0.3_arm64.deb ...
#13 48.14 Unpacking xz-utils (5.6.1+really5.4.5-1ubuntu0.3) ...
#13 48.16 Selecting previously unselected package sysstat.
#13 48.16 Preparing to unpack .../028-sysstat_12.6.1-2_arm64.deb ...
#13 48.16 Unpacking sysstat (12.6.1-2) ...
#13 48.17 Selecting previously unselected package wget.
#13 48.18 Preparing to unpack .../029-wget_1.21.4-1ubuntu4.5_arm64.deb ...
#13 48.18 Unpacking wget (1.21.4-1ubuntu4.5) ...
#13 48.19 Selecting previously unselected package libbamtools2.5.2:arm64.
#13 48.19 Preparing to unpack .../030-libbamtools2.5.2_2.5.2+dfsg-4_arm64.deb ...
#13 48.19 Unpacking libbamtools2.5.2:arm64 (2.5.2+dfsg-4) ...
#13 48.20 Selecting previously unselected package libboost-iostreams1.83.0:arm64.
#13 48.20 Preparing to unpack .../031-libboost-iostreams1.83.0_1.83.0-2.1ubuntu3.2_arm64.deb ...
#13 48.20 Unpacking libboost-iostreams1.83.0:arm64 (1.83.0-2.1ubuntu3.2) ...
#13 48.22 Selecting previously unselected package libgomp1:arm64.
#13 48.22 Preparing to unpack .../032-libgomp1_14.2.0-4ubuntu2~24.04.1_arm64.deb ...
#13 48.22 Unpacking libgomp1:arm64 (14.2.0-4ubuntu2~24.04.1) ...
#13 48.24 Selecting previously unselected package libsuitesparseconfig7:arm64.
#13 48.24 Preparing to unpack .../033-libsuitesparseconfig7_1%3a7.6.1+dfsg-1build1_arm64.deb ...
#13 48.24 Unpacking libsuitesparseconfig7:arm64 (1:7.6.1+dfsg-1build1) ...
#13 48.25 Selecting previously unselected package libcolamd3:arm64.
#13 48.25 Preparing to unpack .../034-libcolamd3_1%3a7.6.1+dfsg-1build1_arm64.deb ...
#13 48.25 Unpacking libcolamd3:arm64 (1:7.6.1+dfsg-1build1) ...
#13 48.26 Selecting previously unselected package libgslcblas0:arm64.
#13 48.26 Preparing to unpack .../035-libgslcblas0_2.7.1+dfsg-6ubuntu2_arm64.deb ...
#13 48.26 Unpacking libgslcblas0:arm64 (2.7.1+dfsg-6ubuntu2) ...
#13 48.27 Selecting previously unselected package libgsl27:arm64.
#13 48.27 Preparing to unpack .../036-libgsl27_2.7.1+dfsg-6ubuntu2_arm64.deb ...
#13 48.28 Unpacking libgsl27:arm64 (2.7.1+dfsg-6ubuntu2) ...
#13 48.29 Selecting previously unselected package libbrotli1:arm64.
#13 48.29 Preparing to unpack .../037-libbrotli1_1.1.0-2build2_arm64.deb ...
#13 48.30 Unpacking libbrotli1:arm64 (1.1.0-2build2) ...
#13 48.31 Selecting previously unselected package libsasl2-modules-db:arm64.
#13 48.31 Preparing to unpack .../038-libsasl2-modules-db_2.1.28+dfsg1-5ubuntu3.1_arm64.deb ...
#13 48.31 Unpacking libsasl2-modules-db:arm64 (2.1.28+dfsg1-5ubuntu3.1) ...
#13 48.32 Selecting previously unselected package libsasl2-2:arm64.
#13 48.32 Preparing to unpack .../039-libsasl2-2_2.1.28+dfsg1-5ubuntu3.1_arm64.deb ...
#13 48.32 Unpacking libsasl2-2:arm64 (2.1.28+dfsg1-5ubuntu3.1) ...
#13 48.34 Selecting previously unselected package libldap2:arm64.
#13 48.34 Preparing to unpack .../040-libldap2_2.6.10+dfsg-0ubuntu0.24.04.1_arm64.deb ...
#13 48.34 Unpacking libldap2:arm64 (2.6.10+dfsg-0ubuntu0.24.04.1) ...
#13 48.35 Selecting previously unselected package librtmp1:arm64.
#13 48.35 Preparing to unpack .../041-librtmp1_2.4+20151223.gitfa8646d.1-2build7_arm64.deb ...
#13 48.35 Unpacking librtmp1:arm64 (2.4+20151223.gitfa8646d.1-2build7) ...
#13 48.36 Selecting previously unselected package libssh-4:arm64.
#13 48.36 Preparing to unpack .../042-libssh-4_0.10.6-2ubuntu0.5_arm64.deb ...
#13 48.37 Unpacking libssh-4:arm64 (0.10.6-2ubuntu0.5) ...
#13 48.38 Selecting previously unselected package libcurl3t64-gnutls:arm64.
#13 48.38 Preparing to unpack .../043-libcurl3t64-gnutls_8.5.0-2ubuntu10.13_arm64.deb ...
#13 48.38 Unpacking libcurl3t64-gnutls:arm64 (8.5.0-2ubuntu10.13) ...
#13 48.39 Selecting previously unselected package libdeflate0:arm64.
#13 48.39 Preparing to unpack .../044-libdeflate0_1.19-1build1.1_arm64.deb ...
#13 48.40 Unpacking libdeflate0:arm64 (1.19-1build1.1) ...
#13 48.41 Selecting previously unselected package libhtscodecs2:arm64.
#13 48.41 Preparing to unpack .../045-libhtscodecs2_1.6.0-1build1_arm64.deb ...
#13 48.41 Unpacking libhtscodecs2:arm64 (1.6.0-1build1) ...
#13 48.42 Selecting previously unselected package libhts3t64:arm64.
#13 48.42 Preparing to unpack .../046-libhts3t64_1.19+ds-1.1build3_arm64.deb ...
#13 48.42 Unpacking libhts3t64:arm64 (1.19+ds-1.1build3) ...
#13 48.44 Selecting previously unselected package mysql-common.
#13 48.44 Preparing to unpack .../047-mysql-common_5.8+1.1.0build1_all.deb ...
#13 48.45 Unpacking mysql-common (5.8+1.1.0build1) ...
#13 48.46 Selecting previously unselected package libmysqlclient21:arm64.
#13 48.46 Preparing to unpack .../048-libmysqlclient21_8.0.46-0ubuntu0.24.04.4_arm64.deb ...
#13 48.46 Unpacking libmysqlclient21:arm64 (8.0.46-0ubuntu0.24.04.4) ...
#13 48.49 Selecting previously unselected package libmysql++3t64:arm64.
#13 48.49 Preparing to unpack .../049-libmysql++3t64_3.2.5-2.3_arm64.deb ...
#13 48.49 Unpacking libmysql++3t64:arm64 (3.2.5-2.3) ...
#13 48.50 Selecting previously unselected package augustus-data.
#13 48.50 Preparing to unpack .../050-augustus-data_3.5.0+dfsg-4build5_all.deb ...
#13 48.50 Unpacking augustus-data (3.5.0+dfsg-4build5) ...
#13 48.98 Selecting previously unselected package augustus.
#13 48.98 Preparing to unpack .../051-augustus_3.5.0+dfsg-4build5_arm64.deb ...
#13 48.98 Unpacking augustus (3.5.0+dfsg-4build5) ...
#13 49.02 Selecting previously unselected package binutils-common:arm64.
#13 49.02 Preparing to unpack .../052-binutils-common_2.42-4ubuntu2.10_arm64.deb ...
#13 49.02 Unpacking binutils-common:arm64 (2.42-4ubuntu2.10) ...
#13 49.03 Selecting previously unselected package libsframe1:arm64.
#13 49.03 Preparing to unpack .../053-libsframe1_2.42-4ubuntu2.10_arm64.deb ...
#13 49.03 Unpacking libsframe1:arm64 (2.42-4ubuntu2.10) ...
#13 49.04 Selecting previously unselected package libbinutils:arm64.
#13 49.04 Preparing to unpack .../054-libbinutils_2.42-4ubuntu2.10_arm64.deb ...
#13 49.04 Unpacking libbinutils:arm64 (2.42-4ubuntu2.10) ...
#13 49.06 Selecting previously unselected package libctf-nobfd0:arm64.
#13 49.07 Preparing to unpack .../055-libctf-nobfd0_2.42-4ubuntu2.10_arm64.deb ...
#13 49.07 Unpacking libctf-nobfd0:arm64 (2.42-4ubuntu2.10) ...
#13 49.08 Selecting previously unselected package libctf0:arm64.
#13 49.08 Preparing to unpack .../056-libctf0_2.42-4ubuntu2.10_arm64.deb ...
#13 49.08 Unpacking libctf0:arm64 (2.42-4ubuntu2.10) ...
#13 49.09 Selecting previously unselected package libgprofng0:arm64.
#13 49.09 Preparing to unpack .../057-libgprofng0_2.42-4ubuntu2.10_arm64.deb ...
#13 49.10 Unpacking libgprofng0:arm64 (2.42-4ubuntu2.10) ...
#13 49.11 Selecting previously unselected package binutils-aarch64-linux-gnu.
#13 49.11 Preparing to unpack .../058-binutils-aarch64-linux-gnu_2.42-4ubuntu2.10_arm64.deb ...
#13 49.12 Unpacking binutils-aarch64-linux-gnu (2.42-4ubuntu2.10) ...
#13 49.20 Selecting previously unselected package binutils.
#13 49.20 Preparing to unpack .../059-binutils_2.42-4ubuntu2.10_arm64.deb ...
#13 49.20 Unpacking binutils (2.42-4ubuntu2.10) ...
#13 49.21 Selecting previously unselected package libc-dev-bin.
#13 49.21 Preparing to unpack .../060-libc-dev-bin_2.39-0ubuntu8.9_arm64.deb ...
#13 49.21 Unpacking libc-dev-bin (2.39-0ubuntu8.9) ...
#13 49.22 Selecting previously unselected package linux-libc-dev:arm64.
#13 49.22 Preparing to unpack .../061-linux-libc-dev_6.8.0-139.139_arm64.deb ...
#13 49.22 Unpacking linux-libc-dev:arm64 (6.8.0-139.139) ...
#13 49.41 Selecting previously unselected package libcrypt-dev:arm64.
#13 49.41 Preparing to unpack .../062-libcrypt-dev_1%3a4.4.36-4build1_arm64.deb ...
#13 49.42 Unpacking libcrypt-dev:arm64 (1:4.4.36-4build1) ...
#13 49.43 Selecting previously unselected package rpcsvc-proto.
#13 49.43 Preparing to unpack .../063-rpcsvc-proto_1.4.2-0ubuntu7_arm64.deb ...
#13 49.43 Unpacking rpcsvc-proto (1.4.2-0ubuntu7) ...
#13 49.44 Selecting previously unselected package libc6-dev:arm64.
#13 49.44 Preparing to unpack .../064-libc6-dev_2.39-0ubuntu8.9_arm64.deb ...
#13 49.44 Unpacking libc6-dev:arm64 (2.39-0ubuntu8.9) ...
#13 49.51 Selecting previously unselected package gcc-13-base:arm64.
#13 49.51 Preparing to unpack .../065-gcc-13-base_13.3.0-6ubuntu2~24.04.1_arm64.deb ...
#13 49.51 Unpacking gcc-13-base:arm64 (13.3.0-6ubuntu2~24.04.1) ...
#13 49.52 Selecting previously unselected package libisl23:arm64.
#13 49.52 Preparing to unpack .../066-libisl23_0.26-3build1.1_arm64.deb ...
#13 49.52 Unpacking libisl23:arm64 (0.26-3build1.1) ...
#13 49.54 Selecting previously unselected package libmpc3:arm64.
#13 49.54 Preparing to unpack .../067-libmpc3_1.3.1-1build1.1_arm64.deb ...
#13 49.54 Unpacking libmpc3:arm64 (1.3.1-1build1.1) ...
#13 49.55 Selecting previously unselected package cpp-13-aarch64-linux-gnu.
#13 49.55 Preparing to unpack .../068-cpp-13-aarch64-linux-gnu_13.3.0-6ubuntu2~24.04.1_arm64.deb ...
#13 49.55 Unpacking cpp-13-aarch64-linux-gnu (13.3.0-6ubuntu2~24.04.1) ...
#13 49.67 Selecting previously unselected package cpp-13.
#13 49.67 Preparing to unpack .../069-cpp-13_13.3.0-6ubuntu2~24.04.1_arm64.deb ...
#13 49.67 Unpacking cpp-13 (13.3.0-6ubuntu2~24.04.1) ...
#13 49.68 Selecting previously unselected package cpp-aarch64-linux-gnu.
#13 49.68 Preparing to unpack .../070-cpp-aarch64-linux-gnu_4%3a13.2.0-7ubuntu1_arm64.deb ...
#13 49.68 Unpacking cpp-aarch64-linux-gnu (4:13.2.0-7ubuntu1) ...
#13 49.69 Selecting previously unselected package cpp.
#13 49.69 Preparing to unpack .../071-cpp_4%3a13.2.0-7ubuntu1_arm64.deb ...
#13 49.70 Unpacking cpp (4:13.2.0-7ubuntu1) ...
#13 49.71 Selecting previously unselected package libcc1-0:arm64.
#13 49.71 Preparing to unpack .../072-libcc1-0_14.2.0-4ubuntu2~24.04.1_arm64.deb ...
#13 49.71 Unpacking libcc1-0:arm64 (14.2.0-4ubuntu2~24.04.1) ...
#13 49.72 Selecting previously unselected package libitm1:arm64.
#13 49.72 Preparing to unpack .../073-libitm1_14.2.0-4ubuntu2~24.04.1_arm64.deb ...
#13 49.72 Unpacking libitm1:arm64 (14.2.0-4ubuntu2~24.04.1) ...
#13 49.74 Selecting previously unselected package libatomic1:arm64.
#13 49.74 Preparing to unpack .../074-libatomic1_14.2.0-4ubuntu2~24.04.1_arm64.deb ...
#13 49.74 Unpacking libatomic1:arm64 (14.2.0-4ubuntu2~24.04.1) ...
#13 49.75 Selecting previously unselected package libasan8:arm64.
#13 49.75 Preparing to unpack .../075-libasan8_14.2.0-4ubuntu2~24.04.1_arm64.deb ...
#13 49.75 Unpacking libasan8:arm64 (14.2.0-4ubuntu2~24.04.1) ...
#13 49.80 Selecting previously unselected package liblsan0:arm64.
#13 49.80 Preparing to unpack .../076-liblsan0_14.2.0-4ubuntu2~24.04.1_arm64.deb ...
#13 49.80 Unpacking liblsan0:arm64 (14.2.0-4ubuntu2~24.04.1) ...
#13 49.83 Selecting previously unselected package libtsan2:arm64.
#13 49.83 Preparing to unpack .../077-libtsan2_14.2.0-4ubuntu2~24.04.1_arm64.deb ...
#13 49.83 Unpacking libtsan2:arm64 (14.2.0-4ubuntu2~24.04.1) ...
#13 49.88 Selecting previously unselected package libubsan1:arm64.
#13 49.88 Preparing to unpack .../078-libubsan1_14.2.0-4ubuntu2~24.04.1_arm64.deb ...
#13 49.88 Unpacking libubsan1:arm64 (14.2.0-4ubuntu2~24.04.1) ...
#13 49.91 Selecting previously unselected package libhwasan0:arm64.
#13 49.91 Preparing to unpack .../079-libhwasan0_14.2.0-4ubuntu2~24.04.1_arm64.deb ...
#13 49.91 Unpacking libhwasan0:arm64 (14.2.0-4ubuntu2~24.04.1) ...
#13 49.94 Selecting previously unselected package libgcc-13-dev:arm64.
#13 49.94 Preparing to unpack .../080-libgcc-13-dev_13.3.0-6ubuntu2~24.04.1_arm64.deb ...
#13 49.94 Unpacking libgcc-13-dev:arm64 (13.3.0-6ubuntu2~24.04.1) ...
#13 50.00 Selecting previously unselected package gcc-13-aarch64-linux-gnu.
#13 50.00 Preparing to unpack .../081-gcc-13-aarch64-linux-gnu_13.3.0-6ubuntu2~24.04.1_arm64.deb ...
#13 50.00 Unpacking gcc-13-aarch64-linux-gnu (13.3.0-6ubuntu2~24.04.1) ...
#13 50.19 Selecting previously unselected package gcc-13.
#13 50.19 Preparing to unpack .../082-gcc-13_13.3.0-6ubuntu2~24.04.1_arm64.deb ...
#13 50.19 Unpacking gcc-13 (13.3.0-6ubuntu2~24.04.1) ...
#13 50.20 Selecting previously unselected package gcc-aarch64-linux-gnu.
#13 50.20 Preparing to unpack .../083-gcc-aarch64-linux-gnu_4%3a13.2.0-7ubuntu1_arm64.deb ...
#13 50.20 Unpacking gcc-aarch64-linux-gnu (4:13.2.0-7ubuntu1) ...
#13 50.22 Selecting previously unselected package gcc.
#13 50.22 Preparing to unpack .../084-gcc_4%3a13.2.0-7ubuntu1_arm64.deb ...
#13 50.22 Unpacking gcc (4:13.2.0-7ubuntu1) ...
#13 50.23 Selecting previously unselected package libstdc++-13-dev:arm64.
#13 50.23 Preparing to unpack .../085-libstdc++-13-dev_13.3.0-6ubuntu2~24.04.1_arm64.deb ...
#13 50.23 Unpacking libstdc++-13-dev:arm64 (13.3.0-6ubuntu2~24.04.1) ...
#13 50.40 Selecting previously unselected package g++-13-aarch64-linux-gnu.
#13 50.41 Preparing to unpack .../086-g++-13-aarch64-linux-gnu_13.3.0-6ubuntu2~24.04.1_arm64.deb ...
#13 50.41 Unpacking g++-13-aarch64-linux-gnu (13.3.0-6ubuntu2~24.04.1) ...
#13 50.51 Selecting previously unselected package g++-13.
#13 50.51 Preparing to unpack .../087-g++-13_13.3.0-6ubuntu2~24.04.1_arm64.deb ...
#13 50.51 Unpacking g++-13 (13.3.0-6ubuntu2~24.04.1) ...
#13 50.52 Selecting previously unselected package g++-aarch64-linux-gnu.
#13 50.52 Preparing to unpack .../088-g++-aarch64-linux-gnu_4%3a13.2.0-7ubuntu1_arm64.deb ...
#13 50.53 Unpacking g++-aarch64-linux-gnu (4:13.2.0-7ubuntu1) ...
#13 50.53 Selecting previously unselected package g++.
#13 50.54 Preparing to unpack .../089-g++_4%3a13.2.0-7ubuntu1_arm64.deb ...
#13 50.54 Unpacking g++ (4:13.2.0-7ubuntu1) ...
#13 50.55 Selecting previously unselected package make.
#13 50.55 Preparing to unpack .../090-make_4.3-4.1build2_arm64.deb ...
#13 50.55 Unpacking make (4.3-4.1build2) ...
#13 50.56 Selecting previously unselected package libdpkg-perl.
#13 50.56 Preparing to unpack .../091-libdpkg-perl_1.22.6ubuntu6.6_all.deb ...
#13 50.56 Unpacking libdpkg-perl (1.22.6ubuntu6.6) ...
#13 50.58 Selecting previously unselected package bzip2.
#13 50.58 Preparing to unpack .../092-bzip2_1.0.8-5.1ubuntu0.1_arm64.deb ...
#13 50.58 Unpacking bzip2 (1.0.8-5.1ubuntu0.1) ...
#13 50.59 Selecting previously unselected package patch.
#13 50.59 Preparing to unpack .../093-patch_2.7.6-7build3_arm64.deb ...
#13 50.59 Unpacking patch (2.7.6-7build3) ...
#13 50.60 Selecting previously unselected package lto-disabled-list.
#13 50.60 Preparing to unpack .../094-lto-disabled-list_47_all.deb ...
#13 50.61 Unpacking lto-disabled-list (47) ...
#13 50.61 Selecting previously unselected package dpkg-dev.
#13 50.62 Preparing to unpack .../095-dpkg-dev_1.22.6ubuntu6.6_all.deb ...
#13 50.62 Unpacking dpkg-dev (1.22.6ubuntu6.6) ...
#13 50.63 Selecting previously unselected package build-essential.
#13 50.63 Preparing to unpack .../096-build-essential_12.10ubuntu1_arm64.deb ...
#13 50.64 Unpacking build-essential (12.10ubuntu1) ...
#13 50.65 Selecting previously unselected package ca-certificates-java.
#13 50.65 Preparing to unpack .../097-ca-certificates-java_20240118_all.deb ...
#13 50.65 Unpacking ca-certificates-java (20240118) ...
#13 50.66 Selecting previously unselected package libarchive13t64:arm64.
#13 50.67 Preparing to unpack .../098-libarchive13t64_3.7.2-2ubuntu0.8_arm64.deb ...
#13 50.67 Unpacking libarchive13t64:arm64 (3.7.2-2ubuntu0.8) ...
#13 50.68 Selecting previously unselected package libcurl4t64:arm64.
#13 50.68 Preparing to unpack .../099-libcurl4t64_8.5.0-2ubuntu10.13_arm64.deb ...
#13 50.68 Unpacking libcurl4t64:arm64 (8.5.0-2ubuntu10.13) ...
#13 50.70 Selecting previously unselected package libjsoncpp25:arm64.
#13 50.70 Preparing to unpack .../100-libjsoncpp25_1.9.5-6build1_arm64.deb ...
#13 50.70 Unpacking libjsoncpp25:arm64 (1.9.5-6build1) ...
#13 50.71 Selecting previously unselected package librhash0:arm64.
#13 50.71 Preparing to unpack .../101-librhash0_1.4.3-3build1_arm64.deb ...
#13 50.71 Unpacking librhash0:arm64 (1.4.3-3build1) ...
#13 50.73 Selecting previously unselected package cmake-data.
#13 50.73 Preparing to unpack .../102-cmake-data_3.28.3-1build7_all.deb ...
#13 50.73 Unpacking cmake-data (3.28.3-1build7) ...
#13 50.91 Selecting previously unselected package cmake.
#13 50.91 Preparing to unpack .../103-cmake_3.28.3-1build7_arm64.deb ...
#13 50.91 Unpacking cmake (3.28.3-1build7) ...
#13 51.03 Selecting previously unselected package curl.
#13 51.03 Preparing to unpack .../104-curl_8.5.0-2ubuntu10.13_arm64.deb ...
#13 51.03 Unpacking curl (8.5.0-2ubuntu10.13) ...
#13 51.04 Selecting previously unselected package java-common.
#13 51.04 Preparing to unpack .../105-java-common_0.75+exp1_all.deb ...
#13 51.04 Unpacking java-common (0.75+exp1) ...
#13 51.06 Selecting previously unselected package liblcms2-2:arm64.
#13 51.06 Preparing to unpack .../106-liblcms2-2_2.14-2ubuntu0.1_arm64.deb ...
#13 51.06 Unpacking liblcms2-2:arm64 (2.14-2ubuntu0.1) ...
#13 51.07 Selecting previously unselected package libjpeg-turbo8:arm64.
#13 51.07 Preparing to unpack .../107-libjpeg-turbo8_2.1.5-2ubuntu2_arm64.deb ...
#13 51.07 Unpacking libjpeg-turbo8:arm64 (2.1.5-2ubuntu2) ...
#13 51.08 Selecting previously unselected package libjpeg8:arm64.
#13 51.09 Preparing to unpack .../108-libjpeg8_8c-2ubuntu11_arm64.deb ...
#13 51.09 Unpacking libjpeg8:arm64 (8c-2ubuntu11) ...
#13 51.10 Selecting previously unselected package libnspr4:arm64.
#13 51.10 Preparing to unpack .../109-libnspr4_2%3a4.35-1.1build1_arm64.deb ...
#13 51.10 Unpacking libnspr4:arm64 (2:4.35-1.1build1) ...
#13 51.11 Selecting previously unselected package libnss3:arm64.
#13 51.11 Preparing to unpack .../110-libnss3_2%3a3.98-1ubuntu0.2_arm64.deb ...
#13 51.11 Unpacking libnss3:arm64 (2:3.98-1ubuntu0.2) ...
#13 51.14 Selecting previously unselected package libpcsclite1:arm64.
#13 51.14 Preparing to unpack .../111-libpcsclite1_2.0.3-1build1_arm64.deb ...
#13 51.14 Unpacking libpcsclite1:arm64 (2.0.3-1build1) ...
#13 51.15 Selecting previously unselected package openjdk-21-jre-headless:arm64.
#13 51.15 Preparing to unpack .../112-openjdk-21-jre-headless_21.0.12+8-1~24.04_arm64.deb ...
#13 51.15 Unpacking openjdk-21-jre-headless:arm64 (21.0.12+8-1~24.04) ...
#13 51.92 Selecting previously unselected package default-jre-headless.
#13 51.93 Preparing to unpack .../113-default-jre-headless_2%3a1.21-75+exp1_arm64.deb ...
#13 51.93 Unpacking default-jre-headless (2:1.21-75+exp1) ...
#13 51.94 Selecting previously unselected package libisal2.
#13 51.94 Preparing to unpack .../114-libisal2_2.31.0-0.1build1_arm64.deb ...
#13 51.94 Unpacking libisal2 (2.31.0-0.1build1) ...
#13 51.96 Selecting previously unselected package fastp.
#13 51.96 Preparing to unpack .../115-fastp_0.23.4+dfsg-1_arm64.deb ...
#13 51.96 Unpacking fastp (0.23.4+dfsg-1) ...
#13 51.97 Selecting previously unselected package libgfortran5:arm64.
#13 51.97 Preparing to unpack .../116-libgfortran5_14.2.0-4ubuntu2~24.04.1_arm64.deb ...
#13 51.97 Unpacking libgfortran5:arm64 (14.2.0-4ubuntu2~24.04.1) ...
#13 51.98 Selecting previously unselected package libgfortran-13-dev:arm64.
#13 51.99 Preparing to unpack .../117-libgfortran-13-dev_13.3.0-6ubuntu2~24.04.1_arm64.deb ...
#13 51.99 Unpacking libgfortran-13-dev:arm64 (13.3.0-6ubuntu2~24.04.1) ...
#13 52.01 Selecting previously unselected package gfortran-13-aarch64-linux-gnu.
#13 52.01 Preparing to unpack .../118-gfortran-13-aarch64-linux-gnu_13.3.0-6ubuntu2~24.04.1_arm64.deb ...
#13 52.01 Unpacking gfortran-13-aarch64-linux-gnu (13.3.0-6ubuntu2~24.04.1) ...
#13 52.13 Selecting previously unselected package gfortran-13.
#13 52.13 Preparing to unpack .../119-gfortran-13_13.3.0-6ubuntu2~24.04.1_arm64.deb ...
#13 52.13 Unpacking gfortran-13 (13.3.0-6ubuntu2~24.04.1) ...
#13 52.14 Selecting previously unselected package gfortran-aarch64-linux-gnu.
#13 52.14 Preparing to unpack .../120-gfortran-aarch64-linux-gnu_4%3a13.2.0-7ubuntu1_arm64.deb ...
#13 52.14 Unpacking gfortran-aarch64-linux-gnu (4:13.2.0-7ubuntu1) ...
#13 52.15 Selecting previously unselected package gfortran.
#13 52.15 Preparing to unpack .../121-gfortran_4%3a13.2.0-7ubuntu1_arm64.deb ...
#13 52.16 Unpacking gfortran (4:13.2.0-7ubuntu1) ...
#13 52.16 Selecting previously unselected package liberror-perl.
#13 52.17 Preparing to unpack .../122-liberror-perl_0.17029-2_all.deb ...
#13 52.17 Unpacking liberror-perl (0.17029-2) ...
#13 52.18 Selecting previously unselected package git-man.
#13 52.18 Preparing to unpack .../123-git-man_1%3a2.43.0-1ubuntu7.3_all.deb ...
#13 52.18 Unpacking git-man (1:2.43.0-1ubuntu7.3) ...
#13 52.19 Selecting previously unselected package git.
#13 52.20 Preparing to unpack .../124-git_1%3a2.43.0-1ubuntu7.3_arm64.deb ...
#13 52.20 Unpacking git (1:2.43.0-1ubuntu7.3) ...
#13 52.28 Selecting previously unselected package icu-devtools.
#13 52.28 Preparing to unpack .../125-icu-devtools_74.2-1ubuntu3.1_arm64.deb ...
#13 52.29 Unpacking icu-devtools (74.2-1ubuntu3.1) ...
#13 52.30 Selecting previously unselected package libarchive-tools.
#13 52.30 Preparing to unpack .../126-libarchive-tools_3.7.2-2ubuntu0.8_arm64.deb ...
#13 52.30 Unpacking libarchive-tools (3.7.2-2ubuntu0.8) ...
#13 52.31 Selecting previously unselected package libboost1.83-dev:arm64.
#13 52.31 Preparing to unpack .../127-libboost1.83-dev_1.83.0-2.1ubuntu3.2_arm64.deb ...
#13 52.31 Unpacking libboost1.83-dev:arm64 (1.83.0-2.1ubuntu3.2) ...
#13 53.47 Selecting previously unselected package libboost-dev:arm64.
#13 53.48 Preparing to unpack .../128-libboost-dev_1.83.0.1ubuntu2_arm64.deb ...
#13 53.48 Unpacking libboost-dev:arm64 (1.83.0.1ubuntu2) ...
#13 53.49 Selecting previously unselected package libbpp-core4t64:arm64.
#13 53.50 Preparing to unpack .../129-libbpp-core4t64_2.4.1-11.1build1_arm64.deb ...
#13 53.50 Unpacking libbpp-core4t64:arm64 (2.4.1-11.1build1) ...
#13 53.51 Selecting previously unselected package libbpp-core-dev:arm64.
#13 53.52 Preparing to unpack .../130-libbpp-core-dev_2.4.1-11.1build1_arm64.deb ...
#13 53.52 Unpacking libbpp-core-dev:arm64 (2.4.1-11.1build1) ...
#13 53.56 Selecting previously unselected package libbpp-seq12t64:arm64.
#13 53.57 Preparing to unpack .../131-libbpp-seq12t64_2.4.1-12build2_arm64.deb ...
#13 53.57 Unpacking libbpp-seq12t64:arm64 (2.4.1-12build2) ...
#13 53.58 Selecting previously unselected package libbpp-phyl12t64:arm64.
#13 53.59 Preparing to unpack .../132-libbpp-phyl12t64_2.4.1-9.1ubuntu3_arm64.deb ...
#13 53.59 Unpacking libbpp-phyl12t64:arm64 (2.4.1-9.1ubuntu3) ...
#13 53.64 Selecting previously unselected package libbpp-seq-dev:arm64.
#13 53.64 Preparing to unpack .../133-libbpp-seq-dev_2.4.1-12build2_arm64.deb ...
#13 53.64 Unpacking libbpp-seq-dev:arm64 (2.4.1-12build2) ...
#13 53.68 Selecting previously unselected package libbpp-phyl-dev:arm64.
#13 53.68 Preparing to unpack .../134-libbpp-phyl-dev_2.4.1-9.1ubuntu3_arm64.deb ...
#13 53.68 Unpacking libbpp-phyl-dev:arm64 (2.4.1-9.1ubuntu3) ...
#13 53.81 Selecting previously unselected package libcurl4-openssl-dev:arm64.
#13 53.82 Preparing to unpack .../135-libcurl4-openssl-dev_8.5.0-2ubuntu10.13_arm64.deb ...
#13 53.82 Unpacking libcurl4-openssl-dev:arm64 (8.5.0-2ubuntu10.13) ...
#13 53.84 Selecting previously unselected package libicu-dev:arm64.
#13 53.84 Preparing to unpack .../136-libicu-dev_74.2-1ubuntu3.1_arm64.deb ...
#13 53.84 Unpacking libicu-dev:arm64 (74.2-1ubuntu3.1) ...
#13 54.11 Selecting previously unselected package libpkgconf3:arm64.
#13 54.11 Preparing to unpack .../137-libpkgconf3_1.8.1-2build1_arm64.deb ...
#13 54.11 Unpacking libpkgconf3:arm64 (1.8.1-2build1) ...
#13 54.12 Selecting previously unselected package libssl-dev:arm64.
#13 54.12 Preparing to unpack .../138-libssl-dev_3.0.13-0ubuntu3.15_arm64.deb ...
#13 54.13 Unpacking libssl-dev:arm64 (3.0.13-0ubuntu3.15) ...
#13 54.18 Selecting previously unselected package libxml2-dev:arm64.
#13 54.19 Preparing to unpack .../139-libxml2-dev_2.9.14+dfsg-1.3ubuntu3.8_arm64.deb ...
#13 54.19 Unpacking libxml2-dev:arm64 (2.9.14+dfsg-1.3ubuntu3.8) ...
#13 54.21 Selecting previously unselected package pkgconf-bin.
#13 54.21 Preparing to unpack .../140-pkgconf-bin_1.8.1-2build1_arm64.deb ...
#13 54.21 Unpacking pkgconf-bin (1.8.1-2build1) ...
#13 54.23 Selecting previously unselected package pkgconf:arm64.
#13 54.23 Preparing to unpack .../141-pkgconf_1.8.1-2build1_arm64.deb ...
#13 54.23 Unpacking pkgconf:arm64 (1.8.1-2build1) ...
#13 54.24 Selecting previously unselected package pkg-config:arm64.
#13 54.24 Preparing to unpack .../142-pkg-config_1.8.1-2build1_arm64.deb ...
#13 54.24 Unpacking pkg-config:arm64 (1.8.1-2build1) ...
#13 54.25 Selecting previously unselected package tini.
#13 54.25 Preparing to unpack .../143-tini_0.19.0-1_arm64.deb ...
#13 54.26 Unpacking tini (0.19.0-1) ...
#13 54.28 Selecting previously unselected package unzip.
#13 54.28 Preparing to unpack .../144-unzip_6.0-28ubuntu4.1_arm64.deb ...
#13 54.28 Unpacking unzip (6.0-28ubuntu4.1) ...
#13 54.29 Selecting previously unselected package zip.
#13 54.29 Preparing to unpack .../145-zip_3.0-13ubuntu0.2_arm64.deb ...
#13 54.30 Unpacking zip (3.0-13ubuntu0.2) ...
#13 54.31 Selecting previously unselected package zlib1g-dev:arm64.
#13 54.31 Preparing to unpack .../146-zlib1g-dev_1%3a1.3.dfsg-3.1ubuntu2.2_arm64.deb ...
#13 54.31 Unpacking zlib1g-dev:arm64 (1:1.3.dfsg-3.1ubuntu2.2) ...
#13 54.32 Selecting previously unselected package libeigen3-dev.
#13 54.33 Preparing to unpack .../147-libeigen3-dev_3.4.0-4build0.1_all.deb ...
#13 54.33 Unpacking libeigen3-dev (3.4.0-4build0.1) ...
#13 54.39 Selecting previously unselected package parallel.
#13 54.40 Preparing to unpack .../148-parallel_20231122+ds-1_all.deb ...
#13 54.40 Adding 'diversion of /usr/bin/parallel to /usr/bin/parallel.moreutils by parallel'
#13 54.40 Adding 'diversion of /usr/share/man/man1/parallel.1.gz to /usr/share/man/man1/parallel.moreutils.1.gz by parallel'
#13 54.41 Unpacking parallel (20231122+ds-1) ...
#13 54.43 Setting up libhtscodecs2:arm64 (1.6.0-1build1) ...
#13 54.43 Setting up libexpat1:arm64 (2.6.1-2ubuntu0.4) ...
#13 54.43 Setting up liblcms2-2:arm64 (2.14-2ubuntu0.1) ...
#13 54.44 Setting up mysql-common (5.8+1.1.0build1) ...
#13 54.45 update-alternatives: using /etc/mysql/my.cnf.fallback to provide /etc/mysql/my.cnf (my.cnf) in auto mode
#13 54.45 Setting up libmysqlclient21:arm64 (8.0.46-0ubuntu0.24.04.4) ...
#13 54.45 Setting up libkeyutils1:arm64 (1.6.3-3build1) ...
#13 54.46 Setting up lto-disabled-list (47) ...
#13 54.46 Setting up libgdbm6t64:arm64 (1.23-5.1build1) ...
#13 54.47 Setting up java-common (0.75+exp1) ...
#13 54.47 Setting up libgslcblas0:arm64 (2.7.1+dfsg-6ubuntu2) ...
#13 54.48 Setting up libgdbm-compat4t64:arm64 (1.23-5.1build1) ...
#13 54.48 Setting up gawk (1:5.2.1-2ubuntu0.1) ...
#13 54.49 Setting up libbpp-core4t64:arm64 (2.4.1-11.1build1) ...
#13 54.49 Setting up unzip (6.0-28ubuntu4.1) ...
#13 54.50 Setting up libbrotli1:arm64 (1.1.0-2build2) ...
#13 54.50 Setting up libsqlite3-0:arm64 (3.45.1-1ubuntu2.7) ...
#13 54.50 Setting up libisal2 (2.31.0-0.1build1) ...
#13 54.51 Setting up libuv1t64:arm64 (1.48.0-1.1build1) ...
#13 54.51 Setting up binutils-common:arm64 (2.42-4ubuntu2.10) ...
#13 54.52 Setting up libsensors-config (1:3.6.0-9build1) ...
#13 54.52 Setting up libpsl5t64:arm64 (0.21.2-1.1build1) ...
#13 54.53 Setting up libnghttp2-14:arm64 (1.59.0-1ubuntu0.4) ...
#13 54.53 Setting up libdeflate0:arm64 (1.19-1build1.1) ...
#13 54.53 Setting up less (590-2ubuntu2.1) ...
#13 54.54 Setting up linux-libc-dev:arm64 (6.8.0-139.139) ...
#13 54.54 Setting up libctf-nobfd0:arm64 (2.42-4ubuntu2.10) ...
#13 54.55 Setting up libgsl27:arm64 (2.7.1+dfsg-6ubuntu2) ...
#13 54.55 Setting up libgomp1:arm64 (14.2.0-4ubuntu2~24.04.1) ...
#13 54.56 Setting up bzip2 (1.0.8-5.1ubuntu0.1) ...
#13 54.56 Setting up locales (2.39-0ubuntu8.9) ...
#13 54.78 Generating locales (this might take a while)...
#13 54.78 Generation complete.
#13 54.79 Setting up libsframe1:arm64 (2.42-4ubuntu2.10) ...
#13 54.79 Setting up augustus-data (3.5.0+dfsg-4build5) ...
#13 54.80 Setting up libjansson4:arm64 (2.14-2build2) ...
#13 54.80 Setting up libkrb5support0:arm64 (1.20.1-6ubuntu2.8) ...
#13 54.80 Setting up libsasl2-modules-db:arm64 (2.1.28+dfsg1-5ubuntu3.1) ...
#13 54.81 Setting up fastp (0.23.4+dfsg-1) ...
#13 54.81 Setting up libbpp-core-dev:arm64 (2.4.1-11.1build1) ...
#13 54.82 Setting up zip (3.0-13ubuntu0.2) ...
#13 54.82 Setting up libpkgconf3:arm64 (1.8.1-2build1) ...
#13 54.82 Setting up rpcsvc-proto (1.4.2-0ubuntu7) ...
#13 54.83 Setting up gcc-13-base:arm64 (13.3.0-6ubuntu2~24.04.1) ...
#13 54.83 Setting up make (4.3-4.1build2) ...
#13 54.83 Setting up libnspr4:arm64 (2:4.35-1.1build1) ...
#13 54.84 Setting up librtmp1:arm64 (2.4+20151223.gitfa8646d.1-2build7) ...
#13 54.84 Setting up libboost-iostreams1.83.0:arm64 (1.83.0-2.1ubuntu3.2) ...
#13 54.85 Setting up xz-utils (5.6.1+really5.4.5-1ubuntu0.3) ...
#13 54.85 update-alternatives: using /usr/bin/xz to provide /usr/bin/lzma (lzma) in auto mode
#13 54.85 update-alternatives: warning: skip creation of /usr/share/man/man1/lzma.1.gz because associated file /usr/share/man/man1/xz.1.gz (of link group lzma) doesn't exist
#13 54.85 update-alternatives: warning: skip creation of /usr/share/man/man1/unlzma.1.gz because associated file /usr/share/man/man1/unxz.1.gz (of link group lzma) doesn't exist
#13 54.85 update-alternatives: warning: skip creation of /usr/share/man/man1/lzcat.1.gz because associated file /usr/share/man/man1/xzcat.1.gz (of link group lzma) doesn't exist
#13 54.85 update-alternatives: warning: skip creation of /usr/share/man/man1/lzmore.1.gz because associated file /usr/share/man/man1/xzmore.1.gz (of link group lzma) doesn't exist
#13 54.85 update-alternatives: warning: skip creation of /usr/share/man/man1/lzless.1.gz because associated file /usr/share/man/man1/xzless.1.gz (of link group lzma) doesn't exist
#13 54.85 update-alternatives: warning: skip creation of /usr/share/man/man1/lzdiff.1.gz because associated file /usr/share/man/man1/xzdiff.1.gz (of link group lzma) doesn't exist
#13 54.85 update-alternatives: warning: skip creation of /usr/share/man/man1/lzcmp.1.gz because associated file /usr/share/man/man1/xzcmp.1.gz (of link group lzma) doesn't exist
#13 54.85 update-alternatives: warning: skip creation of /usr/share/man/man1/lzgrep.1.gz because associated file /usr/share/man/man1/xzgrep.1.gz (of link group lzma) doesn't exist
#13 54.85 update-alternatives: warning: skip creation of /usr/share/man/man1/lzegrep.1.gz because associated file /usr/share/man/man1/xzegrep.1.gz (of link group lzma) doesn't exist
#13 54.85 update-alternatives: warning: skip creation of /usr/share/man/man1/lzfgrep.1.gz because associated file /usr/share/man/man1/xzfgrep.1.gz (of link group lzma) doesn't exist
#13 54.85 Setting up perl-modules-5.38 (5.38.2-3.2ubuntu0.4) ...
#13 54.86 Setting up libssl-dev:arm64 (3.0.13-0ubuntu3.15) ...
#13 54.86 Setting up libmpc3:arm64 (1.3.1-1build1.1) ...
#13 54.86 Setting up libatomic1:arm64 (14.2.0-4ubuntu2~24.04.1) ...
#13 54.87 Setting up tini (0.19.0-1) ...
#13 54.87 Setting up patch (2.7.6-7build3) ...
#13 54.87 Setting up libjsoncpp25:arm64 (1.9.5-6build1) ...
#13 54.88 Setting up libpcsclite1:arm64 (2.0.3-1build1) ...
#13 54.88 Setting up ucf (3.0043+nmu1) ...
#13 54.92 Setting up pkgconf-bin (1.8.1-2build1) ...
#13 54.92 Setting up libsensors5:arm64 (1:3.6.0-9build1) ...
#13 54.92 Setting up libk5crypto3:arm64 (1.20.1-6ubuntu2.8) ...
#13 54.93 Setting up libjpeg-turbo8:arm64 (2.1.5-2ubuntu2) ...
#13 54.93 Setting up libbamtools2.5.2:arm64 (2.5.2+dfsg-4) ...
#13 54.93 Setting up libsasl2-2:arm64 (2.1.28+dfsg1-5ubuntu3.1) ...
#13 54.94 Setting up libgfortran5:arm64 (14.2.0-4ubuntu2~24.04.1) ...
#13 54.94 Setting up libubsan1:arm64 (14.2.0-4ubuntu2~24.04.1) ...
#13 54.95 Setting up libicu74:arm64 (74.2-1ubuntu3.1) ...
#13 54.95 Setting up libhwasan0:arm64 (14.2.0-4ubuntu2~24.04.1) ...
#13 54.95 Setting up pigz (2.8-1) ...
#13 54.96 Setting up librhash0:arm64 (1.4.3-3build1) ...
#13 54.96 Setting up libcrypt-dev:arm64 (1:4.4.36-4build1) ...
#13 54.97 Setting up libasan8:arm64 (14.2.0-4ubuntu2~24.04.1) ...
#13 54.97 Setting up libsuitesparseconfig7:arm64 (1:7.6.1+dfsg-1build1) ...
#13 54.97 Setting up git-man (1:2.43.0-1ubuntu7.3) ...
#13 54.98 Setting up cmake-data (3.28.3-1build7) ...
#13 54.98 Setting up libkrb5-3:arm64 (1.20.1-6ubuntu2.8) ...
#13 54.99 Setting up libperl5.38t64:arm64 (5.38.2-3.2ubuntu0.4) ...
#13 54.99 Setting up libtsan2:arm64 (14.2.0-4ubuntu2~24.04.1) ...
#13 54.99 Setting up libbinutils:arm64 (2.42-4ubuntu2.10) ...
#13 55.00 Setting up libisl23:arm64 (0.26-3build1.1) ...
#13 55.00 Setting up libc-dev-bin (2.39-0ubuntu8.9) ...
#13 55.01 Setting up openssl (3.0.13-0ubuntu3.15) ...
#13 55.01 Setting up libxml2:arm64 (2.9.14+dfsg-1.3ubuntu3.8) ...
#13 55.02 Setting up sysstat (12.6.1-2) ...
#13 55.07
#13 55.07 Creating config file /etc/default/sysstat with new version
#13 55.09 update-alternatives: using /usr/bin/sar.sysstat to provide /usr/bin/sar (sar) in auto mode
#13 55.09 update-alternatives: warning: skip creation of /usr/share/man/man1/sar.1.gz because associated file /usr/share/man/man1/sar.sysstat.1.gz (of link group sar) doesn't exist
#13 55.23 Setting up libcc1-0:arm64 (14.2.0-4ubuntu2~24.04.1) ...
#13 55.24 Setting up libldap2:arm64 (2.6.10+dfsg-0ubuntu0.24.04.1) ...
#13 55.24 Setting up liblsan0:arm64 (14.2.0-4ubuntu2~24.04.1) ...
#13 55.24 Setting up libitm1:arm64 (14.2.0-4ubuntu2~24.04.1) ...
#13 55.25 Setting up libpopt0:arm64 (1.19+dfsg-1build1) ...
#13 55.25 Setting up libbpp-seq12t64:arm64 (2.4.1-12build2) ...
#13 55.25 Setting up libctf0:arm64 (2.42-4ubuntu2.10) ...
#13 55.26 Setting up libjpeg8:arm64 (8c-2ubuntu11) ...
#13 55.26 Setting up libmysql++3t64:arm64 (3.2.5-2.3) ...
#13 55.26 Setting up libbpp-seq-dev:arm64 (2.4.1-12build2) ...
#13 55.27 Setting up wget (1.21.4-1ubuntu4.5) ...
#13 55.27 Setting up cpp-13-aarch64-linux-gnu (13.3.0-6ubuntu2~24.04.1) ...
#13 55.28 Setting up libcolamd3:arm64 (1:7.6.1+dfsg-1build1) ...
#13 55.28 Setting up libbpp-phyl12t64:arm64 (2.4.1-9.1ubuntu3) ...
#13 55.28 Setting up libnss3:arm64 (2:3.98-1ubuntu0.2) ...
#13 55.29 Setting up pkgconf:arm64 (1.8.1-2build1) ...
#13 55.29 Setting up ca-certificates (20260601~24.04.1) ...
#13 55.46 Updating certificates in /etc/ssl/certs...
#13 55.69 rehash: warning: skipping ca-certificates.crt,it does not contain exactly one certificate or CRL
#13 55.69 121 added, 0 removed; done.
#13 55.71 Setting up perl (5.38.2-3.2ubuntu0.4) ...
#13 55.71 Setting up cpp-aarch64-linux-gnu (4:13.2.0-7ubuntu1) ...
#13 55.72 Setting up libgprofng0:arm64 (2.42-4ubuntu2.10) ...
#13 55.72 Setting up libbpp-phyl-dev:arm64 (2.4.1-9.1ubuntu3) ...
#13 55.72 Setting up libeigen3-dev (3.4.0-4build0.1) ...
#13 55.73 Setting up libgssapi-krb5-2:arm64 (1.20.1-6ubuntu2.8) ...
#13 55.73 Setting up icu-devtools (74.2-1ubuntu3.1) ...
#13 55.74 Setting up pkg-config:arm64 (1.8.1-2build1) ...
#13 55.74 Setting up libdpkg-perl (1.22.6ubuntu6.6) ...
#13 55.74 Setting up parallel (20231122+ds-1) ...
#13 55.75 Setting up libssh-4:arm64 (0.10.6-2ubuntu0.5) ...
#13 55.75 Setting up libgcc-13-dev:arm64 (13.3.0-6ubuntu2~24.04.1) ...
#13 55.75 Setting up libc6-dev:arm64 (2.39-0ubuntu8.9) ...
#13 55.76 Setting up ca-certificates-java (20240118) ...
#13 55.77 No JRE found. Skipping Java certificates setup.
#13 55.77 Setting up libgfortran-13-dev:arm64 (13.3.0-6ubuntu2~24.04.1) ...
#13 55.77 Setting up libarchive13t64:arm64 (3.7.2-2ubuntu0.8) ...
#13 55.77 Setting up libicu-dev:arm64 (74.2-1ubuntu3.1) ...
#13 55.78 Setting up rsync (3.2.7-1ubuntu1.5) ...
#13 55.79 invoke-rc.d: could not determine current runlevel
#13 55.79 invoke-rc.d: policy-rc.d denied execution of start.
#13 55.82 Setting up libstdc++-13-dev:arm64 (13.3.0-6ubuntu2~24.04.1) ...
#13 55.83 Setting up libarchive-tools (3.7.2-2ubuntu0.8) ...
#13 55.83 Setting up libboost1.83-dev:arm64 (1.83.0-2.1ubuntu3.2) ...
#13 55.84 Setting up openjdk-21-jre-headless:arm64 (21.0.12+8-1~24.04) ...
#13 55.87 update-alternatives: using /usr/lib/jvm/java-21-openjdk-arm64/bin/java to provide /usr/bin/java (java) in auto mode
#13 55.87 update-alternatives: using /usr/lib/jvm/java-21-openjdk-arm64/bin/jpackage to provide /usr/bin/jpackage (jpackage) in auto mode
#13 55.88 update-alternatives: using /usr/lib/jvm/java-21-openjdk-arm64/bin/keytool to provide /usr/bin/keytool (keytool) in auto mode
#13 55.88 update-alternatives: using /usr/lib/jvm/java-21-openjdk-arm64/bin/rmiregistry to provide /usr/bin/rmiregistry (rmiregistry) in auto mode
#13 55.88 update-alternatives: using /usr/lib/jvm/java-21-openjdk-arm64/lib/jexec to provide /usr/bin/jexec (jexec) in auto mode
#13 55.88 Setting up cpp-13 (13.3.0-6ubuntu2~24.04.1) ...
#13 55.89 Setting up libcurl4t64:arm64 (8.5.0-2ubuntu10.13) ...
#13 55.89 Setting up libcurl3t64-gnutls:arm64 (8.5.0-2ubuntu10.13) ...
#13 55.90 Setting up binutils-aarch64-linux-gnu (2.42-4ubuntu2.10) ...
#13 55.90 Setting up binutils (2.42-4ubuntu2.10) ...
#13 55.91 Setting up gcc-13-aarch64-linux-gnu (13.3.0-6ubuntu2~24.04.1) ...
#13 55.91 Setting up dpkg-dev (1.22.6ubuntu6.6) ...
#13 55.92 Setting up liberror-perl (0.17029-2) ...
#13 55.92 Setting up libxml2-dev:arm64 (2.9.14+dfsg-1.3ubuntu3.8) ...
#13 55.92 Setting up libcurl4-openssl-dev:arm64 (8.5.0-2ubuntu10.13) ...
#13 55.93 Setting up gcc-13 (13.3.0-6ubuntu2~24.04.1) ...
#13 55.93 Setting up git (1:2.43.0-1ubuntu7.3) ...
#13 55.94 Setting up zlib1g-dev:arm64 (1:1.3.dfsg-3.1ubuntu2.2) ...
#13 55.94 Setting up cpp (4:13.2.0-7ubuntu1) ...
#13 55.95 Setting up cmake (3.28.3-1build7) ...
#13 55.95 Setting up libhts3t64:arm64 (1.19+ds-1.1build3) ...
#13 55.96 Setting up libboost-dev:arm64 (1.83.0.1ubuntu2) ...
#13 55.96 Setting up curl (8.5.0-2ubuntu10.13) ...
#13 55.96 Setting up augustus (3.5.0+dfsg-4build5) ...
#13 55.97 Setting up g++-13-aarch64-linux-gnu (13.3.0-6ubuntu2~24.04.1) ...
#13 55.97 Setting up gcc-aarch64-linux-gnu (4:13.2.0-7ubuntu1) ...
#13 55.98 Setting up g++-13 (13.3.0-6ubuntu2~24.04.1) ...
#13 55.98 Setting up gfortran-13-aarch64-linux-gnu (13.3.0-6ubuntu2~24.04.1) ...
#13 55.98 Setting up gcc (4:13.2.0-7ubuntu1) ...
#13 55.99 Setting up gfortran-13 (13.3.0-6ubuntu2~24.04.1) ...
#13 55.99 Setting up g++-aarch64-linux-gnu (4:13.2.0-7ubuntu1) ...
#13 56.00 Setting up gfortran-aarch64-linux-gnu (4:13.2.0-7ubuntu1) ...
#13 56.00 Setting up gfortran (4:13.2.0-7ubuntu1) ...
#13 56.00 update-alternatives: using /usr/bin/gfortran to provide /usr/bin/f95 (f95) in auto mode
#13 56.00 update-alternatives: warning: skip creation of /usr/share/man/man1/f95.1.gz because associated file /usr/share/man/man1/gfortran.1.gz (of link group f95) doesn't exist
#13 56.01 update-alternatives: using /usr/bin/gfortran to provide /usr/bin/f77 (f77) in auto mode
#13 56.01 update-alternatives: warning: skip creation of /usr/share/man/man1/f77.1.gz because associated file /usr/share/man/man1/gfortran.1.gz (of link group f77) doesn't exist
#13 56.01 Setting up g++ (4:13.2.0-7ubuntu1) ...
#13 56.01 update-alternatives: using /usr/bin/g++ to provide /usr/bin/c++ (c++) in auto mode
#13 56.01 update-alternatives: warning: skip creation of /usr/share/man/man1/c++.1.gz because associated file /usr/share/man/man1/g++.1.gz (of link group c++) doesn't exist
#13 56.01 Setting up build-essential (12.10ubuntu1) ...
#13 56.02 Processing triggers for libc-bin (2.39-0ubuntu8.9) ...
#13 56.03 Processing triggers for ca-certificates-java (20240118) ...
#13 56.15 Adding debian:ACCVRAIZ1.pem
#13 56.15 Adding debian:AC_RAIZ_FNMT-RCM.pem
#13 56.16 Adding debian:AC_RAIZ_FNMT-RCM_SERVIDORES_SEGUROS.pem
#13 56.16 Adding debian:ANF_Secure_Server_Root_CA.pem
#13 56.16 Adding debian:Actalis_Authentication_Root_CA.pem
#13 56.16 Adding debian:Amazon_Root_CA_1.pem
#13 56.16 Adding debian:Amazon_Root_CA_2.pem
#13 56.16 Adding debian:Amazon_Root_CA_3.pem
#13 56.16 Adding debian:Amazon_Root_CA_4.pem
#13 56.17 Adding debian:Atos_TrustedRoot_2011.pem
#13 56.17 Adding debian:Atos_TrustedRoot_Root_CA_ECC_TLS_2021.pem
#13 56.17 Adding debian:Atos_TrustedRoot_Root_CA_RSA_TLS_2021.pem
#13 56.17 Adding debian:Autoridad_de_Certificacion_Firmaprofesional_CIF_A62634068.pem
#13 56.17 Adding debian:BJCA_Global_Root_CA1.pem
#13 56.17 Adding debian:BJCA_Global_Root_CA2.pem
#13 56.17 Adding debian:Buypass_Class_2_Root_CA.pem
#13 56.17 Adding debian:Buypass_Class_3_Root_CA.pem
#13 56.17 Adding debian:CA_Disig_Root_R2.pem
#13 56.17 Adding debian:CFCA_EV_ROOT.pem
#13 56.17 Adding debian:COMODO_ECC_Certification_Authority.pem
#13 56.18 Adding debian:COMODO_RSA_Certification_Authority.pem
#13 56.18 Adding debian:Certainly_Root_E1.pem
#13 56.18 Adding debian:Certainly_Root_R1.pem
#13 56.18 Adding debian:Certigna_Root_CA.pem
#13 56.18 Adding debian:Certum_EC-384_CA.pem
#13 56.18 Adding debian:Certum_Trusted_Network_CA.pem
#13 56.18 Adding debian:Certum_Trusted_Network_CA_2.pem
#13 56.18 Adding debian:Certum_Trusted_Root_CA.pem
#13 56.18 Adding debian:D-TRUST_BR_Root_CA_1_2020.pem
#13 56.18 Adding debian:D-TRUST_BR_Root_CA_2_2023.pem
#13 56.18 Adding debian:D-TRUST_EV_Root_CA_1_2020.pem
#13 56.18 Adding debian:D-TRUST_EV_Root_CA_2_2023.pem
#13 56.19 Adding debian:D-TRUST_Root_Class_3_CA_2_2009.pem
#13 56.19 Adding debian:D-TRUST_Root_Class_3_CA_2_EV_2009.pem
#13 56.19 Adding debian:DigiCert_Assured_ID_Root_G2.pem
#13 56.19 Adding debian:DigiCert_Assured_ID_Root_G3.pem
#13 56.19 Adding debian:DigiCert_Global_Root_G2.pem
#13 56.19 Adding debian:DigiCert_Global_Root_G3.pem
#13 56.19 Adding debian:DigiCert_TLS_ECC_P384_Root_G5.pem
#13 56.19 Adding debian:DigiCert_TLS_RSA4096_Root_G5.pem
#13 56.19 Adding debian:DigiCert_Trusted_Root_G4.pem
#13 56.19 Adding debian:Entrust_Root_Certification_Authority.pem
#13 56.19 Adding debian:GDCA_TrustAUTH_R5_ROOT.pem
#13 56.19 Adding debian:GTS_Root_R1.pem
#13 56.19 Adding debian:GTS_Root_R3.pem
#13 56.20 Adding debian:GTS_Root_R4.pem
#13 56.20 Adding debian:GlobalSign_ECC_Root_CA_-_R4.pem
#13 56.20 Adding debian:GlobalSign_ECC_Root_CA_-_R5.pem
#13 56.20 Adding debian:GlobalSign_Root_CA_-_R3.pem
#13 56.20 Adding debian:GlobalSign_Root_CA_-_R6.pem
#13 56.20 Adding debian:GlobalSign_Root_E46.pem
#13 56.20 Adding debian:GlobalSign_Root_R46.pem
#13 56.20 Adding debian:Go_Daddy_Root_Certificate_Authority_-_G2.pem
#13 56.20 Adding debian:HARICA_TLS_ECC_Root_CA_2021.pem
#13 56.20 Adding debian:HARICA_TLS_RSA_Root_CA_2021.pem
#13 56.20 Adding debian:Hellenic_Academic_and_Research_Institutions_ECC_RootCA_2015.pem
#13 56.20 Adding debian:Hellenic_Academic_and_Research_Institutions_RootCA_2015.pem
#13 56.20 Adding debian:HiPKI_Root_CA_-_G1.pem
#13 56.20 Adding debian:Hongkong_Post_Root_CA_3.pem
#13 56.20 Adding debian:ISRG_Root_X1.pem
#13 56.21 Adding debian:ISRG_Root_X2.pem
#13 56.21 Adding debian:IdenTrust_Commercial_Root_CA_1.pem
#13 56.21 Adding debian:IdenTrust_Public_Sector_Root_CA_1.pem
#13 56.21 Adding debian:Izenpe.com.pem
#13 56.21 Adding debian:Microsec_e-Szigno_Root_CA_2009.pem
#13 56.21 Adding debian:Microsoft_ECC_Root_Certificate_Authority_2017.pem
#13 56.21 Adding debian:Microsoft_RSA_Root_Certificate_Authority_2017.pem
#13 56.21 Adding debian:NAVER_Global_Root_Certification_Authority.pem
#13 56.21 Adding debian:NetLock_Arany_=Class_Gold=_Főtanúsítvány.pem
#13 56.21 Adding debian:OISTE_Server_Root_ECC_G1.pem
#13 56.21 Adding debian:OISTE_Server_Root_RSA_G1.pem
#13 56.21 Adding debian:OISTE_WISeKey_Global_Root_GB_CA.pem
#13 56.21 Adding debian:OISTE_WISeKey_Global_Root_GC_CA.pem
#13 56.21 Adding debian:QuoVadis_Root_CA_1_G3.pem
#13 56.22 Adding debian:QuoVadis_Root_CA_2_G3.pem
#13 56.22 Adding debian:QuoVadis_Root_CA_3_G3.pem
#13 56.22 Adding debian:SSL.com_EV_Root_Certification_Authority_ECC.pem
#13 56.22 Adding debian:SSL.com_EV_Root_Certification_Authority_RSA_R2.pem
#13 56.22 Adding debian:SSL.com_Root_Certification_Authority_ECC.pem
#13 56.22 Adding debian:SSL.com_Root_Certification_Authority_RSA.pem
#13 56.22 Adding debian:SSL.com_TLS_ECC_Root_CA_2022.pem
#13 56.22 Adding debian:SSL.com_TLS_RSA_Root_CA_2022.pem
#13 56.22 Adding debian:SZAFIR_ROOT_CA2.pem
#13 56.22 Adding debian:Sectigo_Public_Server_Authentication_Root_E46.pem
#13 56.22 Adding debian:Sectigo_Public_Server_Authentication_Root_R46.pem
#13 56.22 Adding debian:SecureSign_Root_CA12.pem
#13 56.22 Adding debian:SecureSign_Root_CA14.pem
#13 56.22 Adding debian:SecureSign_Root_CA15.pem
#13 56.22 Adding debian:Security_Communication_ECC_RootCA1.pem
#13 56.22 Adding debian:Security_Communication_RootCA2.pem
#13 56.23 Adding debian:Starfield_Root_Certificate_Authority_-_G2.pem
#13 56.23 Adding debian:Starfield_Services_Root_Certificate_Authority_-_G2.pem
#13 56.23 Adding debian:SwissSign_RSA_TLS_Root_CA_2022_-_1.pem
#13 56.23 Adding debian:T-TeleSec_GlobalRoot_Class_2.pem
#13 56.23 Adding debian:T-TeleSec_GlobalRoot_Class_3.pem
#13 56.23 Adding debian:TUBITAK_Kamu_SM_SSL_Kok_Sertifikasi_-_Surum_1.pem
#13 56.23 Adding debian:TWCA_CYBER_Root_CA.pem
#13 56.23 Adding debian:TWCA_Global_Root_CA.pem
#13 56.23 Adding debian:TWCA_Root_Certification_Authority.pem
#13 56.23 Adding debian:Telekom_Security_TLS_ECC_Root_2020.pem
#13 56.23 Adding debian:Telekom_Security_TLS_RSA_Root_2023.pem
#13 56.23 Adding debian:Telia_Root_CA_v2.pem
#13 56.23 Adding debian:TrustAsia_Global_Root_CA_G3.pem
#13 56.23 Adding debian:TrustAsia_Global_Root_CA_G4.pem
#13 56.23 Adding debian:TrustAsia_TLS_ECC_Root_CA.pem
#13 56.24 Adding debian:TrustAsia_TLS_RSA_Root_CA.pem
#13 56.24 Adding debian:TunTrust_Root_CA.pem
#13 56.24 Adding debian:UCA_Extended_Validation_Root.pem
#13 56.24 Adding debian:UCA_Global_G2_Root.pem
#13 56.24 Adding debian:USERTrust_ECC_Certification_Authority.pem
#13 56.24 Adding debian:USERTrust_RSA_Certification_Authority.pem
#13 56.24 Adding debian:certSIGN_Root_CA_G2.pem
#13 56.24 Adding debian:e-Szigno_Root_CA_2017.pem
#13 56.24 Adding debian:e-Szigno_TLS_Root_CA_2023.pem
#13 56.24 Adding debian:ePKI_Root_Certification_Authority.pem
#13 56.24 Adding debian:emSign_ECC_Root_CA_-_C3.pem
#13 56.24 Adding debian:emSign_ECC_Root_CA_-_G3.pem
#13 56.24 Adding debian:emSign_Root_CA_-_C1.pem
#13 56.24 Adding debian:emSign_Root_CA_-_G1.pem
#13 56.24 Adding debian:vTrus_ECC_Root_CA.pem
#13 56.24 Adding debian:vTrus_Root_CA.pem
#13 56.26 done.
#13 56.27 Setting up default-jre-headless (2:1.21-75+exp1) ...
#13 56.27 Processing triggers for ca-certificates (20260601~24.04.1) ...
#13 56.28 Updating certificates in /etc/ssl/certs...
#13 56.46 0 added, 0 removed; done.
#13 56.46 Running hooks in /etc/ca-certificates/update.d...
#13 56.47 done.
#13 56.47 Processing triggers for ca-certificates-java (20240118) ...
#13 56.49 done.
#13 56.51 Generating locales (this might take a while)...
#13 56.51   en_US.UTF-8... done
#13 57.32 Generation complete.
#13 DONE 57.5s

#14 [dependencies  1/13] COPY container/env /opt/pg/env
#14 DONE 0.1s

#15 [dependencies  2/13] COPY container/scripts/install_env.sh /opt/pg/scripts/install_env.sh
#15 DONE 0.0s

#16 [dependencies  3/13] RUN --mount=type=cache,target=/opt/conda/pkgs,sharing=locked  --mount=type=cache,target=/root/.mamba/pkgs,sharing=locked  chmod +x /opt/pg/scripts/install_env.sh  && export USE_DEFAULTS_CHANNEL=0 STRICT_CHANNEL_PRIORITY=1 MAMBA_NO_LOW_SPEED_LIMIT=1  && base_required="/opt/pg/env/base.required.txt"  && optional_file="/opt/pg/env/base.arm64.optional.txt"  && reconciled_required="/tmp/pg.base.required.txt"  && if [[ -f "/opt/pg/env/base.arm64.required.txt" ]]; then base_required="/opt/pg/env/base.arm64.required.txt"; fi  && if [[ ! -f "${optional_file}" ]]; then optional_file="/dev/null"; fi  && sed -e 's/[[:space:]]*#.*$//' -e '/^[[:space:]]*$/d' "${base_required}" /opt/pg/env/base.r.required.txt | awk '!seen[$0]++' > "${reconciled_required}"  && /opt/pg/scripts/install_env.sh base "${reconciled_required}" "${optional_file}" python=3.12  && rm -f "${reconciled_required}"
#16 0.111 [install_env] env MAMBA_NO_LOW_SPEED_LIMIT=1
#16 0.126 [install_env] micromamba config remote_connect_timeout_secs=30
#16 0.138 [install_env] micromamba config remote_max_retries=10
#16 0.148 [install_env] micromamba config remote_backoff_factor=2
#16 0.158 [install_env] micromamba config local_repodata_ttl=3600
#16 0.169 [install_env] micromamba config repodata_use_zst=false
#16 0.340 [install_env] Updating env 'base' with 68 required package(s)
#16 0.340 [install_env] install required specs into 'base' (attempt 1/10)
#16 18.20
#16 18.20 Transaction
#16 18.20
#16 18.20   Prefix: /opt/conda
#16 18.20
#16 18.20   Updating specs:
#16 18.20
#16 18.20    - python=3.12
#16 18.20    - python
#16 18.20    - pip
#16 18.20    - pytest
#16 18.20    - pytest-xdist
#16 18.20    - biopython
#16 18.20    - cython
#16 18.20    - matplotlib
#16 18.20    - numpy[version='>=1.26.4,<2']
#16 18.20    - pandas
#16 18.20    - pypdf
#16 18.20    - reportlab
#16 18.20    - requests
#16 18.20    - scikit-learn
#16 18.20    - scipy
#16 18.20    - sqlalchemy
#16 18.20    - statsmodels
#16 18.20    - tenacity
#16 18.20    - tqdm
#16 18.20    - pytorch[version='>=2.6']
#16 18.20    - blast
#16 18.20    - clipkit
#16 18.20    - diamond
#16 18.20    - generax
#16 18.20    - grampa
#16 18.20    - hyphy
#16 18.20    - jcvi
#16 18.20    - kallisto
#16 18.20    - mafft
#16 18.20    - meme
#16 18.20    - minimap2
#16 18.20    - mmseqs2
#16 18.20    - ntcard
#16 18.20    - orthofinder
#16 18.20    - oarfish
#16 18.20    - astral-tree
#16 18.20    - paml
#16 18.20    - pigz
#16 18.20    - racon
#16 18.20    - rnabloom
#16 18.20    - samtools
#16 18.20    - spades
#16 18.20    - pymol-open-source
#16 18.20    - corset
#16 18.20    - seqkit
#16 18.20    - sra-tools[version='>=3']
#16 18.20    - trimal
#16 18.20    - hmmer
#16 18.20    - metaeuk
#16 18.20    - prodigal
#16 18.20    - r-base
#16 18.20    - r-ape
#16 18.20    - r-aplot
#16 18.20    - r-cowplot
#16 18.20    - r-ggimage
#16 18.20    - r-ggrepel
#16 18.20    - bioconductor-ggtree
#16 18.20    - r-igraph
#16 18.20    - r-missmda
#16 18.20    - r-nlme
#16 18.20    - r-phangorn
#16 18.20    - r-phytools
#16 18.20    - r-posterior
#16 18.20    - r-rcpp
#16 18.20    - r-rtsne
#16 18.20    - r-svglite
#16 18.20    - bioconductor-treeio
#16 18.20    - r-viridis
#16 18.20    - r-xml2
#16 18.20
#16 18.20
#16 18.23   Package                               Version  Build                         Channel          Size
#16 18.23 ──────────────────────────────────────────────────────────────────────────────────────────────────────
#16 18.23   Install:
#16 18.23 ──────────────────────────────────────────────────────────────────────────────────────────────────────
#16 18.23
#16 18.23   + nomkl                                   1.0  h5ca1d4c_0                    conda-forge       4kB
#16 18.23   + _r-mutex                              1.0.1  anacondar_1                   conda-forge       4kB
#16 18.23   + ca-certificates                   2026.7.22  hbd8a1cb_0                    conda-forge     132kB
#16 18.23   + python_abi                             3.12  9_cp312                       conda-forge       7kB
#16 18.23   + font-ttf-dejavu-sans-mono              2.37  hab24e00_0                    conda-forge     397kB
#16 18.23   + libgcc-devel_linux-aarch64           16.2.0  hc0c2482_104                  conda-forge       2MB
#16 18.23   + libstdcxx-devel_linux-aarch64        16.2.0  h082e5f6_104                  conda-forge      20MB
#16 18.23   + tzdata                                2026c  h151e31d_0                    conda-forge     119kB
#16 18.23   + pybind11-abi                             11  hc364b38_1                    conda-forge      15kB
#16 18.23   + kernel-headers_linux-aarch64         6.12.0  h05a177a_6                    conda-forge       2MB
#16 18.23   + font-ttf-inconsolata                  3.000  h77eed37_0                    conda-forge      97kB
#16 18.23   + font-ttf-source-code-pro              2.038  h77eed37_0                    conda-forge     701kB
#16 18.23   + font-ttf-ubuntu                        0.83  h77eed37_3                    conda-forge       2MB
#16 18.23   + sysroot_linux-aarch64                  2.39  h934ec21_6                    conda-forge      41MB
#16 18.23   + fonts-conda-forge                         1  hc364b38_1                    conda-forge       4kB
#16 18.23   + fonts-conda-ecosystem                     1  0                             conda-forge       4kB
#16 18.23   + seqkit                               2.13.0  h8865c2f_0                    bioconda          6MB
#16 18.23   + libgomp                              16.2.0  h8acb6b2_4                    conda-forge     618kB
#16 18.23   + libzlib                               1.3.2  hdc9db2a_3                    conda-forge      70kB
#16 18.23   + mpi                                     1.0  openmpi                       conda-forge       4kB
#16 18.23   + llvm-openmp                          23.1.1  hde6636f_0                    conda-forge       6MB
#16 18.23   + libglvnd                              1.7.0  hd24410f_5                    conda-forge     147kB
#16 18.23   + hicolor-icon-theme                     0.17  h8af1aa0_3                    conda-forge      18kB
#16 18.23   + pandoc                                 3.11  h8af1aa0_0                    conda-forge      24MB
#16 18.23   + zstd                                  1.5.7  h9d15635_7                    conda-forge     615kB
#16 18.23   + zlib                                  1.3.2  hdc9db2a_3                    conda-forge     100kB
#16 18.23   + _openmp_mutex                           4.5  8_kmp_llvm                    conda-forge       8kB
#16 18.23   + libopengl                             1.7.0  hd24410f_5                    conda-forge      58kB
#16 18.23   + libegl                                1.7.0  hd24410f_5                    conda-forge      54kB
#16 18.23   + ld_impl_linux-aarch64                2.46.1  default_h1979696_102          conda-forge     905kB
#16 18.23   + libgcc                               16.2.0  h205dda4_4                    conda-forge     628kB
#16 18.23   + binutils_impl_linux-aarch64          2.46.1  default_h5f4c503_102          conda-forge       5MB
#16 18.23   + pkg-config                           0.29.2  hfbd14cd_1013                 conda-forge     338kB
#16 18.23   + xorg-libice                           1.1.2  h80f16a2_0                    conda-forge      64kB
#16 18.23   + xorg-libxau                          1.0.12  h5bc82ec_2                    conda-forge      20kB
#16 18.23   + xorg-xorgproto                       2025.1  h29ee22c_3                    conda-forge     596kB
#16 18.23   + libpciaccess                           0.19  he30d5cf_1                    conda-forge      31kB
#16 18.23   + libev                                  4.33  h80f16a2_3                    conda-forge      46kB
#16 18.23   + libcap                                 2.78  hfcc8634_1                    conda-forge     109kB
#16 18.23   + libogg                                1.3.5  h86ecc28_1                    conda-forge     221kB
#16 18.23   + libopus                               1.6.1  h29ee22c_1                    conda-forge     393kB
#16 18.23   + rav1e                                 0.8.1  h9d4cc37_0                    conda-forge       5MB
#16 18.23   + pthread-stubs                           0.4  h5bc82ec_1004                 conda-forge      10kB
#16 18.23   + giflib                                5.2.2  h5dd31e5_1                    conda-forge      83kB
#16 18.23   + alsa-lib                           1.2.16.1  h5bc82ec_1                    conda-forge     630kB
#16 18.23   + libwebp-base                          1.6.0  ha2e29f5_1                    conda-forge     358kB
#16 18.23   + libnsl                                2.0.1  h86ecc28_1                    conda-forge      35kB
#16 18.23   + libffi                                3.7.0  hdaad0be_1                    conda-forge      63kB
#16 18.23   + tk                                   8.6.13  noxft_hf03c496_4              conda-forge       4MB
#16 18.23   + libjpeg-turbo                         3.2.0  he30d5cf_1                    conda-forge     717kB
#16 18.23   + sed                                    4.10  he1c5539_0                    conda-forge     289kB
#16 18.23   + make                                  4.4.1  he30d5cf_3                    conda-forge     532kB
#16 18.23   + libuv                                1.52.1  h80f16a2_1                    conda-forge     457kB
#16 18.23   + fribidi                              1.0.16  h5bc82ec_2                    conda-forge      63kB
#16 18.23   + libbrotlicommon                       1.2.0  h384ecca_4                    conda-forge      80kB
#16 18.23   + xorg-xextproto                        7.3.0  h57736b2_1004                 conda-forge      31kB
#16 18.23   + xorg-libxdmcp                         1.1.5  he30d5cf_2                    conda-forge      22kB
#16 18.23   + libdeflate                             1.25  hfa851ae_1                    conda-forge      72kB
#16 18.23   + c-ares                               1.34.8  h29ee22c_2                    conda-forge     241kB
#16 18.23   + libgfortran5                         16.2.0  hc864f27_4                    conda-forge       1MB
#16 18.23   + keyutils                              1.6.3  h5bc82ec_1                    conda-forge     130kB
#16 18.23   + libgettextpo                         0.25.1  h5ad3122_0                    conda-forge     225kB
#16 18.23   + libpng                               1.6.58  hf9b7768_1                    conda-forge     333kB
#16 18.23   + liblzma                               5.8.3  he30d5cf_1                    conda-forge     126kB
#16 18.23   + libiconv                               1.18  h1ea5142_3                    conda-forge     786kB
#16 18.23   + openssl                               3.6.4  he6ad1d5_0                    conda-forge       4MB
#16 18.23   + libsqlite                            3.53.4  hd26f1b6_1                    conda-forge     969kB
#16 18.23   + libmagic                               5.48  h1abf092_1                    conda-forge     484kB
#16 18.23   + libexpat                              2.8.1  hfae3067_1                    conda-forge      78kB
#16 18.23   + ncurses                                 6.6  h2b6f883_1                    conda-forge     955kB
#16 18.23   + libstdcxx                            16.2.0  hef695bb_4                    conda-forge       6MB
#16 18.23   + libgcc-ng                            16.2.0  he9431aa_4                    conda-forge      28kB
#16 18.23   + bzip2                                 1.0.8  h4777abc_10                   conda-forge     195kB
#16 18.23   + pigz                                    2.8  h1abf092_2                    conda-forge      85kB
#16 18.23   + libxcrypt                            4.4.38  h80f16a2_0                    conda-forge     134kB
#16 18.23   + libuuid                              2.42.3  hd6fdeab_0                    conda-forge      43kB
#16 18.23   + libdrm                              2.4.129  h5bc82ec_0                    conda-forge     347kB
#16 18.23   + libsystemd0                           261.2  hd1ea486_1                    conda-forge     802kB
#16 18.23   + bwidget                              1.10.1  h22914b5_3                    conda-forge     135kB
#16 18.23   + libbrotlienc                          1.2.0  hb247b97_4                    conda-forge     348kB
#16 18.23   + libbrotlidec                          1.2.0  h011f0d3_4                    conda-forge      34kB
#16 18.23   + libxcb                               1.17.0  h3f04742_2                    conda-forge     402kB
#16 18.23   + libgfortran                          16.2.0  he9431aa_4                    conda-forge      28kB
#16 18.23   + libfreetype6                         2.14.3  h9cc7050_2                    conda-forge     445kB
#16 18.23   + liblzma-devel                         5.8.3  he30d5cf_1                    conda-forge     491kB
#16 18.23   + libevent                             2.1.12  h5c01fa6_2                    conda-forge     440kB
#16 18.23   + libssh2                              1.11.1  h7572e3e_1                    conda-forge     316kB
#16 18.23   + libopenssl-static                     3.6.4  h5bc82ec_0                    conda-forge       3MB
#16 18.23   + expat                                 2.8.1  hfae3067_1                    conda-forge     141kB
#16 18.23   + readline                                8.3  ha7194a6_1                    conda-forge     364kB
#16 18.23   + libedit                        3.1.20250104  pl5321hc48eb74_1              conda-forge     149kB
#16 18.23   + x265                                    3.5  hfb1330e_4                    conda-forge     840kB
#16 18.23   + libglu                                9.0.3  h5ad3122_1                    conda-forge     311kB
#16 18.23   + graphite2                            1.3.15  h7ac5ae9_1                    conda-forge     119kB
#16 18.23   + ghostscript                         10.08.0  h4154aff_0                    conda-forge      66MB
#16 18.23   + libhwy                                1.4.0  h996897a_1                    conda-forge     968kB
#16 18.23   + mpg123                               1.33.7  h922aec4_1                    conda-forge     573kB
#16 18.23   + libflac                               1.5.0  he9c94f4_1                    conda-forge     397kB
#16 18.23   + wayland                              1.26.0  h637a836_2                    conda-forge     340kB
#16 18.23   + nspr                                   4.40  h3ad9384_0                    conda-forge     237kB
#16 18.23   + mysql-common                          9.0.1  h3f5c77f_6                    conda-forge     619kB
#16 18.23   + libvorbis                             1.3.7  h7ac5ae9_2                    conda-forge     289kB
#16 18.23   + zfp                                   1.0.1  h05c1e92_5                    conda-forge     249kB
#16 18.23   + snappy                                1.2.2  he774c54_1                    conda-forge      47kB
#16 18.23   + lz4-c                                1.10.0  hfb11796_2                    conda-forge     219kB
#16 18.23   + svt-av1                               4.0.1  hfae3067_0                    conda-forge       2MB
#16 18.23   + charls                                2.4.4  hfae3067_0                    conda-forge     168kB
#16 18.23   + libnghttp2                           1.68.1  ha4b982d_1                    conda-forge     735kB
#16 18.23   + double-conversion                     3.3.1  h5ad3122_0                    conda-forge      67kB
#16 18.23   + glm                                   1.0.3  hfb11796_1                    conda-forge     364kB
#16 18.23   + fmt                                  12.1.0  h166da81_1                    conda-forge     197kB
#16 18.23   + libabseil                        20260526.0  cxx17_hc5e897d_2              conda-forge       1MB
#16 18.23   + lerc                                  4.2.0  h52b7260_0                    conda-forge     245kB
#16 18.23   + libsanitizer                         16.2.0  h73cac2c_4                    conda-forge       7MB
#16 18.23   + pixman                               0.46.4  h7ac5ae9_3                    conda-forge     305kB
#16 18.23   + libaec                                1.1.5  hff7e48a_0                    conda-forge      38kB
#16 18.23   + zlib-ng                               2.2.5  h92288e7_1                    conda-forge     110kB
#16 18.23   + libasprintf                          0.25.1  h5e0f5ae_0                    conda-forge      53kB
#16 18.23   + gmp                                   6.3.0  h4d6b352_3                    conda-forge     457kB
#16 18.23   + libstdcxx-ng                         16.2.0  hdbbeba8_4                    conda-forge      28kB
#16 18.23   + ossuuid                               1.6.2  h5ad3122_1001                 conda-forge      78kB
#16 18.23   + sleef                                 3.9.0  h5bb93e2_0                    conda-forge       1MB
#16 18.23   + onednn                                 3.12  omp_h605b386_0                conda-forge       7MB
#16 18.23   + libpython                           3.12.14  hc3dd739_3_cpython            conda-forge       8MB
#16 18.23   + libntlm                                 1.4  hf897c2e_1002                 conda-forge      39kB
#16 18.23   + libunistring                         0.9.10  hf897c2e_0                    conda-forge       1MB
#16 18.23   + jbig                                    2.1  hf897c2e_2003                 conda-forge      45kB
#16 18.23   + dav1d                                 1.2.1  h31becfc_0                    conda-forge     347kB
#16 18.23   + jxrlib                                  1.1  h31becfc_3                    conda-forge     238kB
#16 18.23   + pcre2                                 10.44  hf4ec17f_2                    conda-forge     900kB
#16 18.23   + libzip                               1.11.2  h3e8f909_0                    conda-forge     118kB
#16 18.23   + perl                                 5.32.1  7_h31becfc_perl5              conda-forge      13MB
#16 18.23   + xorg-libsm                            1.2.6  hf23e593_1                    conda-forge      31kB
#16 18.23   + brotli-bin                            1.2.0  hdc3483e_4                    conda-forge      21kB
#16 18.23   + brunsli                                 0.1  h099923c_2                    conda-forge     166kB
#16 18.23   + xcb-util                              0.4.1  hca56bd8_2                    conda-forge      22kB
#16 18.23   + xcb-util-wm                           0.4.2  h5c728e9_0                    conda-forge      51kB
#16 18.23   + xcb-util-renderutil                  0.3.10  h5c728e9_0                    conda-forge      18kB
#16 18.23   + xcb-util-keysyms                      0.4.1  h5c728e9_0                    conda-forge      14kB
#16 18.23   + xorg-libx11                          1.8.13  h63a1b12_1                    conda-forge     876kB
#16 18.23   + fftw                                 3.3.11  nompi_h66d8d02_100            conda-forge       2MB
#16 18.23   + libopenblas                          0.3.34  openmp_h2c8b6b3_1             conda-forge       5MB
#16 18.23   + libgfortran-ng                       16.2.0  he9431aa_4                    conda-forge      28kB
#16 18.23   + libfreetype                          2.14.3  h8af1aa0_2                    conda-forge       8kB
#16 18.23   + libjxl                               0.11.2  hbae46ee_1                    conda-forge       1MB
#16 18.23   + lame                                    4.0  h7ce06ba_1                    conda-forge     335kB
#16 18.23   + nss                                   3.118  h544fa81_0                    conda-forge       2MB
#16 18.23   + mysql-libs                            9.0.1  h11569fd_6                    conda-forge       1MB
#16 18.23   + blosc                                1.21.6  hb4dfabd_1                    conda-forge      36kB
#16 18.23   + libprotobuf                          7.35.1  h809b94e_3                    conda-forge       4MB
#16 18.23   + libtiff                               4.7.2  h45f9f85_1                    conda-forge     530kB
#16 18.23   + gcc_impl_linux-aarch64               16.2.0  hc438ef3_4                    conda-forge      77MB
#16 18.23   + c-blosc2                             2.22.0  hce0b784_0                    conda-forge     317kB
#16 18.23   + mpfr                                  4.2.2  h4b21e80_1                    conda-forge       2MB
#16 18.23   + glpk                                    5.0  h66325d0_0                    conda-forge       1MB
#16 18.23   + libzopfli                             1.0.3  h01db608_0                    conda-forge     171kB
#16 18.23   + libde265                             1.0.15  h2a328a1_0                    conda-forge     385kB
#16 18.23   + qhull                                2020.2  h70be974_5                    conda-forge     555kB
#16 18.23   + hdf4                                 4.2.15  hb6ba311_7                    conda-forge     774kB
#16 18.23   + aom                                   3.9.1  hcccb83c_0                    conda-forge       3MB
#16 18.23   + mysql-connector-c                    6.1.11  h8945da3_1008                 conda-forge       1MB
#16 18.23   + krb5                                 1.21.3  h50a48e9_0                    conda-forge       1MB
#16 18.23   + icu                                    75.1  hf9b3779_0                    conda-forge      12MB
#16 18.23   + python                              3.12.14  h94ad73b_3_cpython            conda-forge      22MB
#16 18.23   + libidn2                               2.3.8  h99ff5a0_1                    conda-forge     147kB
#16 18.23   + libglib                              2.84.0  hc486b8e_0                    conda-forge       4MB
#16 18.23   + perl-b-cow                            0.007  pl5321h86ecc28_1              conda-forge      21kB
#16 18.23   + perl-storable                          3.15  pl5321h86ecc28_2              conda-forge      70kB
#16 18.23   + perl-try-tiny                          0.32  pl5321h8af1aa0_1              conda-forge      19kB
#16 18.23   + perl-dbi                              1.651  pl5321he30d5cf_0              conda-forge     602kB
#16 18.23   + perl-mime-base64                       3.16  pl5321h2a6d0cb_3              conda-forge      24kB
#16 18.23   + perl-compress-raw-zlib                2.214  pl5321hf8147d9_0              conda-forge      78kB
#16 18.23   + perl-compress-raw-bzip2               2.214  pl5321h4777abc_0              conda-forge      55kB
#16 18.23   + perl-capture-tiny                      0.48  pl5321h8af1aa0_1              conda-forge      18kB
#16 18.23   + perl-xml-parser                     2.44_01  pl5321h5766a94_1004           conda-forge     147kB
#16 18.23   + perl-scalar-list-utils                 1.70  pl5321he30d5cf_0              conda-forge      52kB
#16 18.23   + perl-test-warnings                    0.031  pl5321h8af1aa0_0              conda-forge      23kB
#16 18.23   + perl-unix-processors                  2.046  pl5321h86ecc28_1002           conda-forge      15kB
#16 18.23   + perl-digest-md5                        2.59  pl5321h2a6d0cb_3              conda-forge      29kB
#16 18.23   + perl-inc-latest                       0.500  pl5321h8af1aa0_0              conda-forge      17kB
#16 18.23   + brotli                                1.2.0  h52fc18c_4                    conda-forge      21kB
#16 18.23   + xcb-util-image                        0.4.0  h5c728e9_2                    conda-forge      25kB
#16 18.23   + xkeyboard-config                       2.48  h80f16a2_0                    conda-forge     443kB
#16 18.23   + libglx                                1.7.0  hd24410f_5                    conda-forge      75kB
#16 18.23   + xorg-libxt                            1.3.1  h5bc82ec_1                    conda-forge     394kB
#16 18.23   + tktable                                2.10  h9a8e9d3_11                   conda-forge     107kB
#16 18.23   + xorg-libxfixes                        6.0.2  h5bc82ec_1                    conda-forge      22kB
#16 18.23   + xorg-libxrender                      0.9.12  he30d5cf_1                    conda-forge      36kB
#16 18.23   + xorg-libxext                          1.3.7  h5bc82ec_1                    conda-forge      54kB
#16 18.23   + libblas                              3.11.0  11_haddc8a3_openblas          conda-forge      18kB
#16 18.23   + openmpi                               4.1.6  h1f4154d_101                  conda-forge       4MB
#16 18.23   + fontconfig                           2.18.3  ha4b22b4_1                    conda-forge     304kB
#16 18.23   + freetype                             2.14.3  h8af1aa0_2                    conda-forge     175kB
#16 18.23   + libsndfile                            1.2.2  h7354dbf_3                    conda-forge     456kB
#16 18.23   + libwebp                               1.6.0  h05a2d3e_0                    conda-forge     103kB
#16 18.23   + openjpeg                              2.5.4  h504851f_2                    conda-forge     450kB
#16 18.23   + lcms2                                2.19.1  h137c43b_3                    conda-forge     302kB
#16 18.23   + gfortran_impl_linux-aarch64          16.2.0  h339fd1e_4                    conda-forge      17MB
#16 18.23   + gxx_impl_linux-aarch64               16.2.0  h1e3c31f_4                    conda-forge      16MB
#16 18.23   + mpc                                   1.4.0  ha78d887_1                    conda-forge     121kB
#16 18.23   + gawk                                  5.4.1  hf268411_0                    conda-forge       2MB
#16 18.23   + libavif16                             1.4.2  ha599f14_0                    conda-forge     149kB
#16 18.23   + cyrus-sasl                           2.1.28  h6c5dea3_0                    conda-forge     227kB
#16 18.23   + libcups                               2.3.3  h5cdc715_5                    conda-forge       5MB
#16 18.23   + libcurl                              8.18.0  h7bfdcfb_0                    conda-forge     483kB
#16 18.23   + libxml2                              2.13.9  he58860d_0                    conda-forge     737kB
#16 18.23   + wget                                 1.21.4  h3861a24_0                    conda-forge     793kB
#16 18.23   + atk-1.0                              2.38.0  hedc4a1f_2                    conda-forge     358kB
#16 18.23   + dbus                                 1.13.6  h12b9eeb_3                    conda-forge     673kB
#16 18.23   + gts                                   0.7.6  he293c15_4                    conda-forge     333kB
#16 18.23   + glib-tools                           2.84.0  h78ca943_0                    conda-forge     126kB
#16 18.23   + gdk-pixbuf                          2.42.12  ha61d561_0                    conda-forge     537kB
#16 18.23   + perl-clone                             0.46  pl5321h86ecc28_1              conda-forge      23kB
#16 18.23   + perl-test-fatal                       0.016  pl5321h8af1aa0_0              conda-forge      20kB
#16 18.23   + perl-module-build                    0.4234  pl5321h8af1aa0_1              conda-forge     137kB
#16 18.23   + xcb-util-cursor                       0.1.6  he30d5cf_0                    conda-forge      22kB
#16 18.23   + libglx-devel                          1.7.0  hd24410f_5                    conda-forge      27kB
#16 18.23   + libgl                                 1.7.0  hd24410f_5                    conda-forge     146kB
#16 18.23   + xorg-libxcomposite                    0.4.7  he30d5cf_0                    conda-forge      15kB
#16 18.23   + xorg-libxcursor                       1.2.3  h86ecc28_0                    conda-forge      35kB
#16 18.23   + glew                                  2.1.0  h01db608_2                    conda-forge     650kB
#16 18.23   + xorg-libxinerama                      1.1.6  hfae3067_0                    conda-forge      15kB
#16 18.23   + xorg-libxrandr                        1.5.5  h5bc82ec_1                    conda-forge      32kB
#16 18.23   + xorg-libxi                            1.8.3  h5bc82ec_1                    conda-forge      51kB
#16 18.23   + xorg-libxxf86vm                       1.1.7  he30d5cf_0                    conda-forge      19kB
#16 18.23   + xorg-libxdamage                       1.1.6  h86ecc28_0                    conda-forge      14kB
#16 18.23   + libcblas                             3.11.0  11_hd72aa62_openblas          conda-forge      18kB
#16 18.23   + liblapack                            3.11.0  11_h88aeb00_openblas          conda-forge      18kB
#16 18.23   + libgd                                 2.3.3  hc8d7b1d_11                   conda-forge     191kB
#16 18.23   + cairo                                1.18.4  h83712da_0                    conda-forge     967kB
#16 18.23   + mafft                                 7.526  h68df207_0                    conda-forge       3MB
#16 18.23   + libheif                              1.19.7  gpl_hf91bf23_100              conda-forge     594kB
#16 18.23   + openldap                             2.6.10  h30c48ee_0                    conda-forge     903kB
#16 18.23   + hdf5                                 1.14.3  nompi_h6ed7ac7_109            conda-forge       4MB
#16 18.23   + mariadb-connector-c                   3.4.8  h2f10ffa_0                    conda-forge     360kB
#16 18.23   + curl                                 8.18.0  h7bfdcfb_0                    conda-forge     195kB
#16 18.23   + libxkbcommon                         1.11.0  h95ca766_0                    conda-forge     811kB
#16 18.23   + libllvm21                            21.1.0  h2b567e5_0                    conda-forge      43MB
#16 18.23   + libllvm20                            20.1.8  h2b567e5_0                    conda-forge      43MB
#16 18.23   + aria2                                1.37.0  h8372482_3                    conda-forge       2MB
#16 18.23   + libxslt                              1.1.43  h4552c8e_0                    conda-forge     253kB
#16 18.23   + pulseaudio-client                      17.0  h2f84921_1                    conda-forge     764kB
#16 18.23   + libgl-devel                           1.7.0  hd24410f_5                    conda-forge     116kB
#16 18.23   + xorg-libxtst                          1.2.5  h5bc82ec_4                    conda-forge      36kB
#16 18.23   + gsl                                     2.7  h294027d_0                    conda-forge       4MB
#16 18.23   + libtorch                             2.13.0  cpu_generic_hf6f405e_2        conda-forge      50MB
#16 18.23   + harfbuzz                             11.0.0  hb5e3f52_0                    conda-forge       2MB
#16 18.23   + libpq                                  17.7  haf03d9f_1                    conda-forge       3MB
#16 18.23   + libnetcdf                             4.9.2  nompi_h1c53c35_116            conda-forge     852kB
#16 18.23   + libclang13                           21.1.0  default_h94a09a5_1            conda-forge      12MB
#16 18.23   + libclang-cpp20.1                     20.1.8  default_he337567_17           conda-forge      21MB
#16 18.23   + libegl-devel                          1.7.0  hd24410f_5                    conda-forge      31kB
#16 18.23   + at-spi2-core                         2.40.3  h1f2db35_0                    conda-forge     622kB
#16 18.23   + pango                                1.56.3  h1e6a6fd_1                    conda-forge     466kB
#16 18.23   + openjdk                              23.0.2  h0f44c73_2                    conda-forge     183MB
#16 18.23   + qt6-main                              6.9.0  ha483c8b_0                    conda-forge      54MB
#16 18.23   + epoxy                                1.5.10  he30d5cf_2                    conda-forge     422kB
#16 18.23   + at-spi2-atk                          2.38.0  h1f2db35_3                    conda-forge     322kB
#16 18.23   + librsvg                              2.58.4  h3ac5bce_3                    conda-forge       6MB
#16 18.23   + r-base                                4.4.3  h86ec23d_0                    conda-forge      27MB
#16 18.23   + gtk3                                3.24.43  hc7d089d_5                    conda-forge       6MB
#16 18.23   + r-bit                                 4.6.0  r44h0557e7b_1                 conda-forge     620kB
#16 18.23   + r-kernsmooth                        2.23_27  r44h8525687_0                 conda-forge     104kB
#16 18.23   + r-proxy                              0.4_29  r44h0557e7b_0                 conda-forge     186kB
#16 18.23   + r-fracdiff                            1.5_4  r44hc8b466d_0                 conda-forge     128kB
#16 18.23   + r-data.table                       1.18.6.1  r44h8e6e20a_0                 conda-forge       3MB
#16 18.23   + r-ucminf                              1.2.3  r44h6df9e4a_0                 conda-forge      57kB
#16 18.23   + r-microbenchmark                      1.5.0  r44h0557e7b_1                 conda-forge      77kB
#16 18.23   + r-gower                               1.0.2  r44h0557e7b_0                 conda-forge     229kB
#16 18.23   + r-sourcetools                       0.1.7_2  r44h08b74da_0                 conda-forge      57kB
#16 18.23   + r-commonmark                          2.0.0  r44h0557e7b_1                 conda-forge     143kB
#16 18.23   + r-png                                 0.1_9  r44h5c28112_0                 conda-forge      64kB
#16 18.23   + r-jpeg                               0.1_11  r44h6a0221a_1                 conda-forge      60kB
#16 18.23   + r-fastmap                             1.2.0  r44h08b74da_2                 conda-forge      74kB
#16 18.23   + r-sparsem                            1.84_2  r44h6df9e4a_1                 conda-forge     841kB
#16 18.23   + r-mime                                 0.13  r44h0557e7b_1                 conda-forge      66kB
#16 18.23   + r-httpcode                            0.3.0  r44h37bb5a9_5                 conda-forge      41kB
#16 18.23   + r-yaml                               2.3.12  r44h0557e7b_0                 conda-forge     128kB
#16 18.23   + r-pan                                   2.0  r44h6df9e4a_0                 conda-forge     947kB
#16 18.23   + r-stringi                             1.8.7  r44ha59c715_1                 conda-forge     949kB
#16 18.23   + r-backports                           1.5.1  r44h0557e7b_0                 conda-forge     133kB
#16 18.23   + r-parallelly                         1.48.0  r44h0557e7b_0                 conda-forge     644kB
#16 18.23   + r-sysfonts                            0.8.9  r44h1905f84_2                 conda-forge     975kB
#16 18.23   + r-leaps                                 3.2  r44h6df9e4a_2                 conda-forge     100kB
#16 18.23   + r-flashclust                          1.1_4  r44ha85219e_0                 conda-forge      43kB
#16 18.23   + r-cluster                           2.1.8.3  r44h6df9e4a_0                 conda-forge     597kB
#16 18.23   + r-curl                                7.0.0  r44hd8a8d9c_1                 conda-forge     484kB
#16 18.23   + r-rpart                              4.1.27  r44h0557e7b_0                 conda-forge     708kB
#16 18.23   + r-tmvnsim                             1.0_2  r44h6df9e4a_7                 conda-forge      35kB
#16 18.23   + r-fastmatch                           1.1_8  r44h0557e7b_0                 conda-forge      54kB
#16 18.23   + r-quadprog                            1.5_8  r44hf17a18f_7                 conda-forge      49kB
#16 18.23   + r-base64enc                           0.1_6  r44h0557e7b_0                 conda-forge      50kB
#16 18.23   + r-lattice                            0.23_1  r44hc4d5023_0                 conda-forge       1MB
#16 18.23   + r-s7                                  0.2.2  r44hf488e41_0                 conda-forge     312kB
#16 18.23   + r-mvtnorm                             1.4_2  r44ha2e3c6d_0                 conda-forge       1MB
#16 18.23   + r-colorspace                          2.1_3  r44h0557e7b_0                 conda-forge       3MB
#16 18.23   + r-mass                               7.3_66  r44hf488e41_0                 conda-forge       1MB
#16 18.23   + r-maps                                3.4.3  r44h0557e7b_1                 conda-forge       2MB
#16 18.23   + r-utf8                                1.2.6  r44h0557e7b_1                 conda-forge     152kB
#16 18.23   + r-fansi                               1.0.7  r44h0557e7b_0                 conda-forge     340kB
#16 18.23   + r-tensora                          0.36.2.1  r44h0557e7b_2                 conda-forge     240kB
#16 18.23   + r-matrixstats                         1.5.0  r44h0557e7b_1                 conda-forge     509kB
#16 18.23   + r-farver                              2.1.2  r44h08b74da_2                 conda-forge       1MB
#16 18.23   + r-glue                                1.8.1  r44h0557e7b_0                 conda-forge     172kB
#16 18.23   + r-xfun                                 0.60  r44hf488e41_0                 conda-forge     651kB
#16 18.23   + r-rappdirs                            0.3.4  r44h0557e7b_0                 conda-forge      55kB
#16 18.23   + r-fs                                  2.1.0  r44hd601667_0                 conda-forge     244kB
#16 18.23   + r-digest                             0.6.39  r44h08b74da_0                 conda-forge     225kB
#16 18.23   + r-jsonlite                            2.0.0  r44h0557e7b_1                 conda-forge     645kB
#16 18.23   + r-rlang                               1.3.0  r44h08b74da_0                 conda-forge       2MB
#16 18.23   + r-magrittr                            2.0.5  r44h0557e7b_0                 conda-forge     212kB
#16 18.23   + r-cli                                 3.6.6  r44h08b74da_0                 conda-forge       1MB
#16 18.23   + r-rcpp                                1.1.2  r44h08b74da_0                 conda-forge       2MB
#16 18.23   + r-bit64                               4.8.6  r44h3cbd8c2_0                 conda-forge     609kB
#16 18.23   + r-checkmate                           2.3.3  r44h0557e7b_1                 conda-forge     735kB
#16 18.23   + r-deoptim                             2.2_8  r44hf488e41_3                 conda-forge     138kB
#16 18.23   + r-mnormt                              2.1.1  r44h6df9e4a_3                 conda-forge     201kB
#16 18.23   + r-zoo                                1.8_15  r44h0557e7b_0                 conda-forge       1MB
#16 18.23   + r-matrix                              1.7_6  r44h9301183_0                 conda-forge       5MB
#16 18.23   + r-nlme                              3.1_170  r44ha85219e_0                 conda-forge       2MB
#16 18.23   + r-class                              7.3_23  r44h0557e7b_1                 conda-forge     112kB
#16 18.23   + r-nnet                               7.3_21  r44h3cbd8c2_0                 conda-forge     135kB
#16 18.23   + r-cachem                              1.1.0  r44h0557e7b_2                 conda-forge      78kB
#16 18.23   + r-ellipsis                            0.3.3  r44h0557e7b_0                 conda-forge      34kB
#16 18.23   + r-lazyeval                            0.2.3  r44hf488e41_0                 conda-forge     194kB
#16 18.23   + r-xml2                                1.4.0  r44hd4a33e6_1                 conda-forge     355kB
#16 18.23   + r-plyr                                1.8.9  r44h08b74da_3                 conda-forge     788kB
#16 18.23   + r-modelmetrics                      1.2.2.2  r44h08b74da_5                 conda-forge     166kB
#16 18.23   + r-rcpparmadillo                    15.6.0_1  r44h4f966d8_0                 conda-forge     887kB
#16 18.23   + r-later                               1.4.8  r44h08b74da_0                 conda-forge     156kB
#16 18.23   + r-minqa                               1.2.8  r44h7a52f72_2                 conda-forge     141kB
#16 18.23   + r-triebeard                           0.4.1  r44h08b74da_4                 conda-forge     180kB
#16 18.23   + r-rtsne                                0.17  r44h459e73b_3                 conda-forge     130kB
#16 18.23   + r-xts                                0.14.2  r44h0557e7b_0                 conda-forge       1MB
#16 18.23   + r-lmtest                             0.9_40  r44h6df9e4a_4                 conda-forge     417kB
#16 18.23   + r-irlba                               2.3.7  r44h8b2cba9_0                 conda-forge     466kB
#16 18.23   + r-survival                           3.8_11  r44h3cbd8c2_0                 conda-forge       6MB
#16 18.23   + r-rcppeigen                       0.3.4.0.2  r44h9e3ff46_1                 conda-forge       1MB
#16 18.23   + r-expm                                1.0_0  r44ha2e3c6d_1                 conda-forge     229kB
#16 18.23   + r-urca                                1.3_4  r44h6df9e4a_2                 conda-forge       1MB
#16 18.23   + r-mgcv                                1.9_4  r44h8b2cba9_0                 conda-forge       4MB
#16 18.23   + r-ape                                 5.8_1  r44h9e3ff46_2                 conda-forge       3MB
#16 18.23   + r-e1071                              1.7_17  r44h08b74da_0                 conda-forge     602kB
#16 18.23   + r-htmltools                           0.5.9  r44h08b74da_0                 conda-forge     368kB
#16 18.23   + r-proc                               1.19.1  r44h778f551_0                 conda-forge       1MB
#16 18.23   + r-urltools                          1.7.3.1  r44h08b74da_1                 conda-forge     301kB
#16 18.23   + r-ttr                                0.24.4  r44h0557e7b_2                 conda-forge     537kB
#16 18.23   + oarfish                              0.10.3  ha721f27_0                    bioconda          2MB
#16 18.23   + raxml                                8.2.13  h661a7b0_3                    bioconda          2MB
#16 18.23   + fasttree                              2.2.0  h661a7b0_1                    bioconda        176kB
#16 18.23   + fastme                              2.1.6.3  h661a7b0_1                    bioconda        149kB
#16 18.23   + prodigal                              2.6.3  h0cbc5ad_11                   bioconda        750kB
#16 18.23   + paml                                4.10.10  hdba15ac_2                    bioconda        845kB
#16 18.23   + samtools                             0.1.19  h391949c_15                   bioconda          2MB
#16 18.23   + k8                                      1.2  h1e84f2d_6                    bioconda          9MB
#16 18.23   + muscle                             3.8.1551  h163da20_9                    bioconda        274kB
#16 18.23   + iqtree                                3.1.3  h2705416_0                    bioconda          4MB
#16 18.23   + trimal                                1.5.1  h163da20_0                    bioconda        154kB
#16 18.23   + ncbi-vdb                              3.4.1  h4ba1498_0                    bioconda          8MB
#16 18.23   + diamond                               2.2.6  he0fd7ac_0                    bioconda          3MB
#16 18.23   + bedtools                             2.31.1  h63bafd0_3                    bioconda          2MB
#16 18.23   + rpsbproc                              0.5.1  h7645e38_0                    bioconda          6MB
#16 18.23   + perl-list-moreutils-xs                0.430  pl5321h661a7b0_5              bioconda         51kB
#16 18.23   + perl-math-cdf                           0.1  pl5321h661a7b0_11             bioconda         70kB
#16 18.23   + mcl                                  22.282  pl5321h661a7b0_4              bioconda          2MB
#16 18.23   + perl-url-encode                        0.03  pl5321h23ed54d_1              bioconda         14kB
#16 18.23   + ntcard                                1.2.2  pl5321h1cdfba5_8              bioconda         58kB
#16 18.23   + ucsc-wigtobigwig                        482  h4ebc223_1                    bioconda        542kB
#16 18.23   + raxml-ng                              1.2.2  h0e14f21_2                    bioconda          1MB
#16 18.23   + generax                               2.1.3  h140611f_3                    bioconda          3MB
#16 18.23   + hyphy                                2.5.96  h7cd7511_0                    bioconda          2MB
#16 18.23   + metaeuk                           7.bba0d80  pl5321h7645e38_2              bioconda          4MB
#16 18.23   + entrez-direct                          22.4  h8865c2f_0                    bioconda         14MB
#16 18.23   + kallisto                             0.51.1  h215a090_2                    bioconda          1MB
#16 18.23   + ucsc-liftover                           482  hd0e7050_0                    bioconda          2MB
#16 18.23   + mmseqs2                            18.8cc5c  h7645e38_0                    bioconda        133MB
#16 18.23   + hmmer                                   3.4  h9766944_5                    bioconda          9MB
#16 18.23   + corset                                 1.09  h1e84f2d_6                    bioconda        259kB
#16 18.23   + minimap2                               2.31  he84ed4f_0                    bioconda        609kB
#16 18.23   + perl-extutils-makemaker                7.70  pl5321hd8ed1ab_0              conda-forge     157kB
#16 18.23   + parallel                           20260722  hd8ed1ab_0                    conda-forge       2MB
#16 18.23   + perl-common-sense                      3.75  pl5321hd8ed1ab_0              conda-forge      20kB
#16 18.23   + perl-exporter-tiny                 1.002002  pl5321hd8ed1ab_0              conda-forge      29kB
#16 18.23   + perl-path-tiny                        0.150  pl5321hd8ed1ab_0              conda-forge      46kB
#16 18.23   + perl-scope-guard                       0.21  pl5321hd8ed1ab_0              conda-forge      16kB
#16 18.23   + perl-importer                         0.026  pl5321hd8ed1ab_0              conda-forge      27kB
#16 18.23   + perl-file-which                        1.24  pl5321hd8ed1ab_0              conda-forge      17kB
#16 18.23   + perl-app-cpanminus                   1.7048  pl5321hd8ed1ab_0              conda-forge     230kB
#16 18.23   + perl-parent                           0.243  pl5321hd8ed1ab_0              conda-forge      14kB
#16 18.23   + perl-test-needs                    0.002009  pl5321hd8ed1ab_0              conda-forge      18kB
#16 18.23   + perl-base                              2.23  pl5321hd8ed1ab_0              conda-forge      20kB
#16 18.23   + perl-exporter                          5.74  pl5321hd8ed1ab_0              conda-forge      19kB
#16 18.23   + perl-xml-sax-base                      1.09  pl5321hd8ed1ab_0              conda-forge      28kB
#16 18.23   + perl-constant                          1.33  pl5321hd8ed1ab_0              conda-forge      16kB
#16 18.23   + setuptools                           81.0.0  pyh332efcf_0                  conda-forge     677kB
#16 18.23   + packaging                              26.3  pyhc364b38_0                  conda-forge     116kB
#16 18.23   + adwaita-icon-theme                     50.0  unix_0                        conda-forge     695kB
#16 18.23   + r-listenv                             1.0.0  r44hc72bb7e_0                 conda-forge     142kB
#16 18.23   + r-squarem                            2026.1  r44hc72bb7e_0                 conda-forge     196kB
#16 18.23   + r-assertthat                          0.2.1  r44hc72bb7e_6                 conda-forge      73kB
#16 18.23   + r-clipr                               0.8.1  r44hc72bb7e_0                 conda-forge      73kB
#16 18.23   + r-deriv                               4.2.0  r44hc72bb7e_1                 conda-forge     171kB
#16 18.23   + r-otel                                0.2.0  r44hc72bb7e_1                 conda-forge     286kB
#16 18.23   + r-timedate                         4052.112  r44hc72bb7e_0                 conda-forge       1MB
#16 18.23   + r-evaluate                            1.0.5  r44hc72bb7e_1                 conda-forge     111kB
#16 18.23   + r-xtable                              1.8_8  r44hc72bb7e_0                 conda-forge     745kB
#16 18.23   + r-boot                               1.3_32  r44hc72bb7e_1                 conda-forge     645kB
#16 18.23   + r-formula                             1.2_6  r44hacb3a79_0                 conda-forge      92kB
#16 18.23   + r-cardata                             3.0_6  r44hc72bb7e_0                 conda-forge       2MB
#16 18.23   + r-estimability                        2.0.0  r44hc72bb7e_0                 conda-forge     344kB
#16 18.23   + r-fontliberation                      0.1.0  r44hc72bb7e_1007              conda-forge       4MB
#16 18.23   + r-fontbitstreamvera                   0.1.1  r44hc72bb7e_1007              conda-forge     566kB
#16 18.23   + r-gridgraphics                        0.5_1  r44hc72bb7e_4                 conda-forge     263kB
#16 18.23   + r-multcompview                       0.1_12  r44hc72bb7e_0                 conda-forge     245kB
#16 18.23   + r-ellipse                             0.5.0  r44hc72bb7e_2                 conda-forge     236kB
#16 18.23   + r-shape                             1.4.6.1  r44ha770c72_2                 conda-forge     766kB
#16 18.23   + r-cpp11                               0.5.5  r44h785f33e_0                 conda-forge     248kB
#16 18.23   + r-pkgconfig                           2.0.3  r44hc72bb7e_5                 conda-forge      27kB
#16 18.23   + r-generics                            0.1.4  r44hc72bb7e_1                 conda-forge      89kB
#16 18.23   + r-iterators                          1.0.14  r44hc72bb7e_4                 conda-forge     350kB
#16 18.23   + r-codetools                          0.2_20  r44hc72bb7e_2                 conda-forge     109kB
#16 18.23   + r-scatterplot3d                      0.3_45  r44h785f33e_0                 conda-forge     371kB
#16 18.23   + r-optimparallel                       1.0_2  r44hc72bb7e_4                 conda-forge     214kB
#16 18.23   + r-numderiv                       2016.8_1.1  r44hc72bb7e_7                 conda-forge     130kB
#16 18.23   + r-combinat                            0.0_8  r44hc72bb7e_1007              conda-forge      56kB
#16 18.23   + r-crayon                              1.5.3  r44hc72bb7e_2                 conda-forge     168kB
#16 18.23   + r-abind                               1.4_8  r44hc72bb7e_1                 conda-forge      82kB
#16 18.23   + r-rcolorbrewer                        1.1_3  r44h785f33e_4                 conda-forge      67kB
#16 18.23   + r-r6                                  2.6.1  r44hc72bb7e_1                 conda-forge      95kB
#16 18.23   + r-labeling                            0.4.3  r44hc72bb7e_2                 conda-forge      70kB
#16 18.23   + r-withr                               3.0.3  r44hc72bb7e_0                 conda-forge     236kB
#16 18.23   + r-viridislite                         0.4.3  r44hc72bb7e_0                 conda-forge       1MB
#16 18.23   + r-showtextdb                            3.0  r44hc72bb7e_4                 conda-forge       2MB
#16 18.23   + r-coda                             0.19_4.1  r44hc72bb7e_2                 conda-forge     342kB
#16 18.23   + r-munsell                             0.5.1  r44hc72bb7e_2                 conda-forge     247kB
#16 18.23   + r-clustergeneration                   1.3.8  r44ha770c72_2                 conda-forge     288kB
#16 18.23   + r-highr                                0.12  r44hc72bb7e_0                 conda-forge      57kB
#16 18.23   + r-litedown                             0.10  r44hc72bb7e_0                 conda-forge     393kB
#16 18.23   + r-tinytex                              0.60  r44hc72bb7e_0                 conda-forge     158kB
#16 18.23   + r-progressr                           1.0.0  r44hc72bb7e_0                 conda-forge     531kB
#16 18.23   + r-lifecycle                           1.0.5  r44hc72bb7e_0                 conda-forge     132kB
#16 18.23   + r-yulab.utils                         0.2.5  r44hacb3a79_0                 conda-forge     184kB
#16 18.23   + r-matrixmodels                        0.5_4  r44hc72bb7e_1                 conda-forge     374kB
#16 18.23   + r-memoise                             2.0.1  r44hc72bb7e_4                 conda-forge      58kB
#16 18.23   + r-fontawesome                         0.5.3  r44hc72bb7e_1                 conda-forge       1MB
#16 18.23   + r-jquerylib                           0.1.4  r44hc72bb7e_4                 conda-forge     307kB
#16 18.23   + r-quantmod                           0.4.29  r44hc72bb7e_0                 conda-forge       1MB
#16 18.23   + perl-file-path                         2.18  pl5321hd8ed1ab_0              conda-forge      22kB
#16 18.23   + perl-carp                              1.50  pl5321hd8ed1ab_0              conda-forge      22kB
#16 18.23   + perl-xml-namespacesupport              1.12  pl5321hd8ed1ab_0              conda-forge      23kB
#16 18.23   + wheel                                0.48.0  pyhd8ed1ab_0                  conda-forge      35kB
#16 18.23   + pip                                  26.2.1  pyh8b19718_0                  conda-forge       1MB
#16 18.23   + r-prettyunits                         1.2.0  r44hc72bb7e_2                 conda-forge     161kB
#16 18.23   + r-fontquiver                          0.2.1  r44hc72bb7e_1007              conda-forge       2MB
#16 18.23   + r-diagram                             1.6.5  r44ha770c72_4                 conda-forge     678kB
#16 18.23   + r-globals                            0.19.1  r44hc72bb7e_0                 conda-forge     182kB
#16 18.23   + r-foreach                             1.5.2  r44hc72bb7e_4                 conda-forge     141kB
#16 18.23   + r-emmeans                             2.0.4  r44hc72bb7e_0                 conda-forge       2MB
#16 18.23   + r-crosstalk                           1.2.2  r44hc72bb7e_1                 conda-forge     381kB
#16 18.23   + r-knitr                                1.52  r44hacb3a79_0                 conda-forge       1MB
#16 18.23   + r-markdown                              2.0  r44hc72bb7e_1                 conda-forge      72kB
#16 18.23   + r-promises                            1.5.0  r44hc72bb7e_1                 conda-forge       2MB
#16 18.23   + r-crul                                1.6.0  r44hc72bb7e_1                 conda-forge     644kB
#16 18.23   + r-gtable                              0.3.6  r44hc72bb7e_1                 conda-forge     229kB
#16 18.23   + r-scales                              1.4.0  r44hc72bb7e_1                 conda-forge     781kB
#16 18.23   + perl-log-log4perl                      1.56  pl5321hd8ed1ab_0              conda-forge     219kB
#16 18.23   + perl-sub-info                         0.002  pl5321hd8ed1ab_0              conda-forge      19kB
#16 18.23   + perl-business-isbn-data        20210112.006  pl5321hd8ed1ab_0              conda-forge      22kB
#16 18.23   + perl-file-temp                       0.2304  pl5321hd8ed1ab_0              conda-forge      32kB
#16 18.23   + pybind11-global                       3.0.4  pyh648e204_0                  conda-forge     244kB
#16 18.23   + ply                                    3.11  pyhd8ed1ab_3                  conda-forge      49kB
#16 18.23   + interface_meta                        1.3.0  pyhd8ed1ab_1                  conda-forge      18kB
#16 18.23   + zipp                                  4.1.0  pyhcf101f3_0                  conda-forge      24kB
#16 18.23   + cloudpickle                           3.1.2  pyhcf101f3_1                  conda-forge      27kB
#16 18.23   + mpmath                                1.4.1  pyhd8ed1ab_0                  conda-forge     465kB
#16 18.23   + pycparser                               3.0  pyhcf101f3_0                  conda-forge      56kB
#16 18.23   + munkres                               1.1.4  pyhd8ed1ab_1                  conda-forge      16kB
#16 18.23   + cycler                               0.12.1  pyhcf101f3_2                  conda-forge      15kB
#16 18.23   + et_xmlfile                            2.0.0  pyhd8ed1ab_1                  conda-forge      22kB
#16 18.23   + toml                                 0.10.2  pyhcf101f3_3                  conda-forge      24kB
#16 18.23   + cpython                             3.12.14  py312hd8ed1ab_3               conda-forge      47kB
#16 18.23   + platformdirs                         4.11.8  pyh5ded981_0                  conda-forge      28kB
#16 18.23   + fsspec                             2026.7.0  pyhd8ed1ab_0                  conda-forge     152kB
#16 18.23   + filelock                             3.32.6  pyhd8ed1ab_0                  conda-forge      79kB
#16 18.23   + lazy-loader                             0.5  pyhd8ed1ab_0                  conda-forge      15kB
#16 18.23   + threadpoolctl                         3.6.0  pyhecae5ae_0                  conda-forge      24kB
#16 18.23   + narwhals                             2.26.0  pyh5ded981_0                  conda-forge     297kB
#16 18.23   + jmespath                              1.1.0  pyhcf101f3_1                  conda-forge      26kB
#16 18.23   + six                                  1.17.0  pyhe01879c_1                  conda-forge      18kB
#16 18.23   + docopt-ng                             0.9.0  pyhd8ed1ab_1                  conda-forge      22kB
#16 18.23   + xlsxwriter                            3.2.9  pyhd8ed1ab_0                  conda-forge     134kB
#16 18.23   + mdurl                                 0.1.2  pyhd8ed1ab_1                  conda-forge      14kB
#16 18.23   + pluggy                                1.6.0  pyhf9edf01_1                  conda-forge      26kB
#16 18.23   + tomli                                 2.4.1  pyhcf101f3_0                  conda-forge      22kB
#16 18.23   + iniconfig                             2.3.0  pyhd8ed1ab_0                  conda-forge      13kB
#16 18.23   + colorama                              0.4.6  pyhd8ed1ab_1                  conda-forge      27kB
#16 18.23   + execnet                               2.1.2  pyhd8ed1ab_0                  conda-forge      39kB
#16 18.23   + pysocks                               1.7.1  pyha55dd90_7                  conda-forge      21kB
#16 18.23   + hyperframe                            6.1.0  pyhd8ed1ab_0                  conda-forge      17kB
#16 18.23   + hpack                                 4.2.0  pyhd8ed1ab_0                  conda-forge      33kB
#16 18.23   + pyparsing                             3.3.2  pyhcf101f3_0                  conda-forge     111kB
#16 18.23   + argh                                 0.31.3  pyhd8ed1ab_1                  conda-forge      45kB
#16 18.23   + argcomplete                           3.7.2  pyhcf101f3_0                  conda-forge      47kB
#16 18.23   + certifi                           2026.7.22  pyhd8ed1ab_0                  conda-forge     137kB
#16 18.23   + charset-normalizer                    3.5.1  pyhd8ed1ab_0                  conda-forge      64kB
#16 18.23   + idna                                   3.19  pyhcf101f3_0                  conda-forge     177kB
#16 18.23   + typing_extensions                    4.16.0  pyhcf101f3_0                  conda-forge      53kB
#16 18.23   + pygments                             2.21.0  pyhcf101f3_0                  conda-forge     959kB
#16 18.23   + webcolors                           25.10.0  pyhd8ed1ab_0                  conda-forge      19kB
#16 18.23   + palettable                            3.3.3  pyhd8ed1ab_1                  conda-forge      80kB
#16 18.23   + networkx                              3.6.1  pyhcf101f3_0                  conda-forge       2MB
#16 18.23   + natsort                               8.4.0  pyhcf101f3_2                  conda-forge      39kB
#16 18.23   + more-itertools                       11.1.0  pyhcf101f3_0                  conda-forge      71kB
#16 18.23   + tqdm                                 4.70.0  pyh8f84b5b_0                  conda-forge      98kB
#16 18.23   + tenacity                              9.1.4  pyhcf101f3_0                  conda-forge      31kB
#16 18.23   + freetype-py                           2.3.0  pyhd8ed1ab_0                  conda-forge      59kB
#16 18.23   + r-future                             1.75.0  r44hc72bb7e_0                 conda-forge     983kB
#16 18.23   + r-doparallel                         1.0.17  r44hc72bb7e_4                 conda-forge     201kB
#16 18.23   + r-gridextra                           2.3.1  r44hc72bb7e_0                 conda-forge     528kB
#16 18.23   + perl-business-isbn                    3.007  pl5321hd8ed1ab_0              conda-forge      18kB
#16 18.23   + perl-xml-sax                           1.02  pl5321hd8ed1ab_0              conda-forge      44kB
#16 18.23   + pybind11                              3.0.4  pyh293190f_0                  conda-forge     251kB
#16 18.23   + importlib-metadata                    9.0.1  pyhcf101f3_0                  conda-forge      35kB
#16 18.23   + joblib                                1.6.0  pyhcf101f3_0                  conda-forge     229kB
#16 18.23   + python-gil                          3.12.14  hd8ed1ab_3                    conda-forge      47kB
#16 18.23   + python-dateutil                 2.9.0.post0  pyhe01879c_2                  conda-forge     233kB
#16 18.23   + markdown-it-py                        4.2.0  pyhd8ed1ab_0                  conda-forge      69kB
#16 18.23   + h2                                    4.4.1  pyhcf101f3_0                  conda-forge     101kB
#16 18.23   + exceptiongroup                        1.3.1  pyhd8ed1ab_0                  conda-forge      21kB
#16 18.23   + typing-extensions                    4.16.0  h69aa097_0                    conda-forge      94kB
#16 18.23   + pypdf                                6.18.0  pyh5ded981_0                  conda-forge     324kB
#16 18.23   + r-future.apply                       1.20.2  r44hc72bb7e_0                 conda-forge     208kB
#16 18.23   + perl-xml-sax-expat                     0.51  pl5321hd8ed1ab_0              conda-forge      18kB
#16 18.23   + _python_abi3_support                    1.0  hd8ed1ab_3                    conda-forge       8kB
#16 18.23   + ftpretty                              0.4.0  pyhd8ed1ab_1                  conda-forge      14kB
#16 18.23   + rich                                 15.0.0  pyhcf101f3_0                  conda-forge     209kB
#16 18.23   + pytest                                9.1.1  pyhc364b38_2                  conda-forge     307kB
#16 18.23   + r-lava                                1.9.3  r44hacb3a79_0                 conda-forge       2MB
#16 18.23   + pytest-xdist                          3.8.0  pyhd8ed1ab_0                  conda-forge      39kB
#16 18.23   + perl-io-zlib                           1.15  pl5321hdfd78af_1              bioconda         13kB
#16 18.23   + perl-timedate                          2.35  pl5321hdfd78af_0              bioconda         42kB
#16 18.23   + perl-io-html                          1.004  pl5321hdfd78af_0              bioconda         16kB
#16 18.23   + perl-ffi-checklib                      0.28  pl5321hdfd78af_0              bioconda         16kB
#16 18.23   + perl-yaml                              1.30  pl5321hdfd78af_0              bioconda         44kB
#16 18.23   + perl-file-spec                      3.48_01  pl5321hdfd78af_2              bioconda          6kB
#16 18.23   + perl-html-tagset                       3.24  pl5321hdfd78af_0              bioconda         15kB
#16 18.23   + perl-text-template-simple              0.91  pl5321hdfd78af_1              bioconda         53kB
#16 18.23   + perl-types-serialiser                  1.01  pl5321hdfd78af_0              bioconda         13kB
#16 18.23   + perl-list-moreutils                   0.430  pl5321hdfd78af_0              bioconda         32kB
#16 18.23   + perl-term-table                       0.028  pl5321hdfd78af_0              bioconda         25kB
#16 18.23   + perl-time-local                        1.35  pl5321hdfd78af_0              bioconda         14kB
#16 18.23   + perl-lwp-mediatypes                    6.04  pl5321hdfd78af_1              bioconda         24kB
#16 18.23   + astral-tree                           5.7.8  hdfd78af_1                    bioconda          5MB
#16 18.23   + grampa                                1.4.4  pyhdfd78af_0                  bioconda         49kB
#16 18.23   + perl-xml-simple                        2.25  pl5321hdfd78af_2              bioconda         50kB
#16 18.23   + perl-sys-info-base                   0.7807  pl5321hdfd78af_1              bioconda         22kB
#16 18.23   + perl-test2-suite                   0.000163  pl5321hdfd78af_0              bioconda        213kB
#16 18.23   + perl-http-date                         6.08  pl5321hdfd78af_0              bioconda         16kB
#16 18.23   + perl-encode                            3.24  pl5321he30d5cf_0              conda-forge       2MB
#16 18.23   + graphviz                             12.2.1  h044d27a_1                    conda-forge       3MB
#16 18.23   + r-tzdb                                0.5.0  r44h08b74da_2                 conda-forge     555kB
#16 18.23   + r-timechange                          0.4.0  r44h08b74da_0                 conda-forge     211kB
#16 18.23   + r-isoband                             0.3.0  r44h08b74da_0                 conda-forge       2MB
#16 18.23   + r-ordinal                         2026.7_26  r44h0557e7b_0                 conda-forge       1MB
#16 18.23   + r-sass                               0.4.10  r44h08b74da_1                 conda-forge       2MB
#16 18.23   + r-showtext                            0.9_8  r44h1c8375d_0                 conda-forge     283kB
#16 18.23   + r-systemfonts                         1.3.2  r44h8cf6c7d_0                 conda-forge     724kB
#16 18.23   + r-vctrs                               0.7.3  r44h08b74da_0                 conda-forge       2MB
#16 18.23   + r-tseries                           0.10_63  r44h316a5e9_0                 conda-forge     421kB
#16 18.23   + perl-pathtools                         3.75  pl5321h86ecc28_2              conda-forge      51kB
#16 18.23   + wrapt                                 2.4.0  py312h898233f_1               conda-forge     141kB
#16 18.23   + gmpy2                                 2.3.1  py312h70c4b35_1               conda-forge     321kB
#16 18.23   + unicodedata2                         17.0.1  py312h3c7833f_1               conda-forge     414kB
#16 18.23   + pyside6                               6.9.0  py312hdd999d0_0               conda-forge       7MB
#16 18.23   + tornado                               6.5.8  py312h84d9e0c_2               conda-forge     868kB
#16 18.23   + kiwisolver                            1.5.1  py312he33898b_1               conda-forge      81kB
#16 18.23   + pmw                                   2.1.1  py312h8025657_1               conda-forge     631kB
#16 18.23   + glib                                 2.84.0  h09e00fb_0                    conda-forge     620kB
#16 18.23   + greenlet                              3.5.5  py312hf55c4e8_0               conda-forge     280kB
#16 18.23   + lxml                                  6.0.2  py312h4ad3020_0               conda-forge       2MB
#16 18.23   + markupsafe                            3.0.3  py312hd077ced_1               conda-forge      26kB
#16 18.23   + pycairo                              1.29.1  py312h8ea1339_2               conda-forge     124kB
#16 18.23   + brotli-python                         1.2.0  py312h41c1d46_4               conda-forge     366kB
#16 18.23   + backports.zstd                        1.7.0  py312h22d1088_1               conda-forge     242kB
#16 18.23   + simplejson                            4.1.2  py312h3c7833f_1               conda-forge     168kB
#16 18.23   + pillow                               12.0.0  py312h6a897a6_1               conda-forge       1MB
#16 18.23   + cython                                3.3.0  py312ha0e5879_0               conda-forge       4MB
#16 18.23   + numpy                                1.26.4  py312h470d778_0               conda-forge       7MB
#16 18.23   + r-glmnet                                5.0  r44h7a52f72_0                 conda-forge       2MB
#16 18.23   + r-httpuv                             1.6.17  r44hb62f08c_0                 conda-forge     558kB
#16 18.23   + cffi                                  2.1.1  py312h563f9cf_3               conda-forge     325kB
#16 18.23   + openpyxl                              3.1.5  py312hdacc8d9_4               conda-forge     479kB
#16 18.23   + sip                                  6.16.1  py312h241b232_0               conda-forge     847kB
#16 18.23   + perl-uri                               5.35  pl5321h8af1aa0_0              conda-forge      81kB
#16 18.23   + optree                               0.20.0  py312h579b322_1               conda-forge     539kB
#16 18.23   + imagemagick                        7.1.1_47  gpl_h2252769_0                conda-forge       2MB
#16 18.23   + r-lubridate                           1.9.5  r44h0557e7b_0                 conda-forge     973kB
#16 18.23   + r-textshaping                         0.4.0  r44h3f6e4a2_2                 conda-forge     128kB
#16 18.23   + r-sparsevctrs                         0.3.5  r44h0557e7b_0                 conda-forge     207kB
#16 18.23   + r-clock                               0.7.4  r44h08b74da_0                 conda-forge       2MB
#16 18.23   + r-purrr                               1.2.2  r44h0557e7b_0                 conda-forge     552kB
#16 18.23   + r-igraph                              2.1.4  r44ha04cc4f_1                 conda-forge       5MB
#16 18.23   + fonttools                            4.65.0  py312h363f31d_0               conda-forge       3MB
#16 18.23   + gstreamer                            1.24.7  h37d20eb_0                    conda-forge       2MB
#16 18.23   + sqlalchemy                           2.0.52  py312h2fc9c67_0               conda-forge       4MB
#16 18.23   + nlopt                                2.11.0  np2py312hc70dbb8_1            conda-forge     448kB
#16 18.23   + contourpy                             1.3.3  py312hf18b547_4               conda-forge     339kB
#16 18.23   + imagecodecs                      2025.11.11  py312h1c81ed9_0               conda-forge       2MB
#16 18.23   + scipy                                1.17.1  py312ha7f05e0_1               conda-forge      17MB
#16 18.23   + pandas                                3.0.5  py312hf55c4e8_1               conda-forge      15MB
#16 18.23   + biopython                              1.88  py312hcd1a082_0               conda-forge       3MB
#16 18.23   + python-moocore                        0.3.2  py310hda8173e_0               conda-forge     553kB
#16 18.23   + pyqt5-sip                           12.17.0  py312h1ab2c47_2               conda-forge      90kB
#16 18.23   + r-magick                              2.8.6  r44h9d76b47_0                 conda-forge       5MB
#16 18.23   + r-svglite                             2.2.2  r44h0c1fc80_0                 conda-forge     254kB
#16 18.23   + r-phangorn                           2.12.1  r44h459e73b_3                 conda-forge       3MB
#16 18.23   + gst-plugins-base                     1.24.7  h570c1df_0                    conda-forge       3MB
#16 18.23   + r-nloptr                              2.2.1  r44h0d7e925_2                 conda-forge     274kB
#16 18.23   + matplotlib-base                      3.10.9  py312h9d0c5ba_0               conda-forge       8MB
#16 18.23   + scikit-learn                          1.9.1  np2py312hf85f5e3_0            conda-forge      10MB
#16 18.23   + qt-main                             5.15.15  h372b06a_3                    conda-forge      61MB
#16 18.23   + r-lme4                             1.1_35.5  r44h6170684_1                 conda-forge       5MB
#16 18.23   + matplotlib                           3.10.9  py312h8025657_0               conda-forge      18kB
#16 18.23   + pyqt                                5.15.11  py312hc13527c_2               conda-forge       6MB
#16 18.23   + pymol-open-source                     3.1.0  py312h85fdb35_0               conda-forge       7MB
#16 18.23   + pyvcf3                                1.0.4  py312h187bc89_0               bioconda          1MB
#16 18.23   + pysam                                0.23.3  py312h620f63e_2               bioconda          4MB
#16 18.23   + spades                                4.3.0  h07e4b28_1                    bioconda         35MB
#16 18.23   + racon                                 1.5.0  h1e84f2d_8                    bioconda        137kB
#16 18.23   + perl-json-xs                           4.04  pl5321h163da20_0              bioconda         70kB
#16 18.23   + perl-io-compress                      2.216  pl5321h80f0ee0_0              bioconda         87kB
#16 18.23   + last                                   1654  hba0d0ff_1                    bioconda        762kB
#16 18.23   + pybigwig                             0.3.22  py312hff23e02_4               bioconda        122kB
#16 18.23   + bx-python                            0.15.1  py312ha6e76b7_0               bioconda          1MB
#16 18.23   + pybedtools                           0.12.1  py312ha6e76b7_0               bioconda         13MB
#16 18.23   + perl-encode-locale                     1.05  pl5321hdfd78af_7              bioconda         14kB
#16 18.23   + perl-config-general                    2.67  pl5321hdfd78af_0              bioconda         46kB
#16 18.23   + clipkit                              2.14.0  pyhdfd78af_0                  bioconda         52kB
#16 18.23   + pyfaidx                             0.9.0.4  pyhdfd78af_0                  bioconda         37kB
#16 18.23   + rnabloom                              2.0.1  hdfd78af_2                    bioconda          3MB
#16 18.23   + perl-json                              4.11  pl5321hdfd78af_0              bioconda         53kB
#16 18.23   + perl-archive-tar                       3.12  pl5321hdfd78af_0              bioconda         39kB
#16 18.23   + crossmap                              0.7.4  pyhdfd78af_0                  bioconda         40kB
#16 18.23   + perl-http-message                      7.04  pl5321hdfd78af_0              bioconda         60kB
#16 18.23   + perl-sys-info-driver-linux           0.7911  pl5321hdfd78af_0              bioconda         23kB
#16 18.23   + gffutils                               0.14  pyh106432d_0                  bioconda          1MB
#16 18.23   + perl-sys-info                        0.7811  pl5321hdfd78af_1              bioconda         11kB
#16 18.23   + pydot                                 4.0.1  pyhcf101f3_2                  conda-forge     151kB
#16 18.23   + python-graphviz                        0.21  pyhbacfb6d_0                  conda-forge      39kB
#16 18.23   + r-bslib                              0.12.0  r44hc72bb7e_0                 conda-forge       6MB
#16 18.23   + r-hms                                 1.1.4  r44hc72bb7e_0                 conda-forge     113kB
#16 18.23   + r-stringr                             1.6.0  r44h785f33e_0                 conda-forge     319kB
#16 18.23   + r-pillar                             1.11.1  r44hc72bb7e_0                 conda-forge     630kB
#16 18.23   + r-tidyselect                          1.2.1  r44hc72bb7e_2                 conda-forge     220kB
#16 18.23   + r-ggplot2                             4.0.3  r44h785f33e_0                 conda-forge       8MB
#16 18.23   + perl-file-chdir                      0.1011  pl5321hd8ed1ab_0              conda-forge      17kB
#16 18.23   + sympy                                1.14.0  pyh2585a3b_106                conda-forge       5MB
#16 18.23   + jinja2                                3.1.6  pyhcf101f3_1                  conda-forge     121kB
#16 18.23   + rlpycairo                             0.4.0  pyh6c17108_0                  conda-forge      16kB
#16 18.23   + urllib3                               2.7.0  pyhd8ed1ab_0                  conda-forge     104kB
#16 18.23   + pytesseract                          0.3.13  pyhd8ed1ab_1                  conda-forge      20kB
#16 18.23   + imageio                              2.37.4  pyh5ded981_0                  conda-forge     310kB
#16 18.23   + patsy                                 1.0.3  pyhcf101f3_0                  conda-forge     194kB
#16 18.23   + pyefd                                 1.6.0  pyhd8ed1ab_0                  conda-forge      13kB
#16 18.23   + wand                                 0.6.10  pyhd8ed1ab_0                  conda-forge     108kB
#16 18.23   + tifffile                           2026.3.3  pyhd8ed1ab_0                  conda-forge     193kB
#16 18.23   + formulaic                             1.2.2  pyhd8ed1ab_0                  conda-forge      90kB
#16 18.23   + deap                                  1.4.4  pyhdfbf58e_0                  conda-forge      94kB
#16 18.23   + r-phytools                            2.5_2  r44hc72bb7e_1                 conda-forge       3MB
#16 18.23   + seaborn-base                         0.13.2  pyhd8ed1ab_3                  conda-forge     228kB
#16 18.23   + ete3                                  3.1.3  pyhd8ed1ab_0                  conda-forge       2MB
#16 18.23   + r-shiny                              1.14.0  r44h785f33e_0                 conda-forge       4MB
#16 18.23   + r-rmarkdown                            2.32  r44hacb3a79_0                 conda-forge       2MB
#16 18.23   + r-progress                            1.2.3  r44hc72bb7e_2                 conda-forge      96kB
#16 18.23   + r-distributional                      0.8.1  r44hc72bb7e_0                 conda-forge     622kB
#16 18.23   + r-patchwork                           1.3.2  r44hc72bb7e_1                 conda-forge       3MB
#16 18.23   + r-ggplotify                           0.1.3  r44hc72bb7e_1                 conda-forge     151kB
#16 18.23   + r-viridis                             0.6.5  r44hc72bb7e_2                 conda-forge       3MB
#16 18.23   + r-cowplot                             1.2.0  r44hc72bb7e_2                 conda-forge       1MB
#16 18.23   + reportlab                             5.0.1  pyhc364b38_0                  conda-forge       2MB
#16 18.23   + botocore                            1.43.90  pyhd8ed1ab_0                  conda-forge       9MB
#16 18.23   + requests                             2.34.2  pyhcf101f3_0                  conda-forge      69kB
#16 18.23   + r-gfonts                              0.2.0  r44hc72bb7e_3                 conda-forge       3MB
#16 18.23   + r-htmlwidgets                         1.6.4  r44h785f33e_4                 conda-forge     426kB
#16 18.23   + s3transfer                           0.19.2  pyhd8ed1ab_0                  conda-forge      74kB
#16 18.23   + r-dt                                 0.34.0  r44hc72bb7e_1                 conda-forge       1MB
#16 18.23   + boto3                               1.43.90  pyhd8ed1ab_0                  conda-forge      89kB
#16 18.23   + blast                                2.16.0  h6a93c2d_5                    bioconda        145MB
#16 18.23   + perl-html-parser                       3.85  pl5321h1b9dc22_0              bioconda         68kB
#16 18.23   + perl-alien-build                       2.84  pl5321h661a7b0_1              bioconda        201kB
#16 18.23   + perl-cgi                               4.72  pl5321h08f5e63_0              bioconda        121kB
#16 18.23   + perl-alien-libxml2                     0.17  pl5321h0cbc5ad_1              bioconda         14kB
#16 18.23   + perl-xml-libxml                      2.0210  pl5321h6386271_0              bioconda        234kB
#16 18.23   + sra-tools                             3.4.1  habe25ba_1                    bioconda         40MB
#16 18.23   + r-reshape2                            1.4.5  r44h08b74da_0                 conda-forge     127kB
#16 18.23   + r-gridtext                            0.1.6  r44h08b74da_0                 conda-forge     346kB
#16 18.23   + r-tibble                              3.3.1  r44h0557e7b_0                 conda-forge     591kB
#16 18.23   + r-prodlim                        2026.03.11  r44h08b74da_0                 conda-forge     554kB
#16 18.23   + r-forecast                            9.0.2  r44h459e73b_0                 conda-forge       2MB
#16 18.23   + r-ggrepel                             0.9.8  r44h08b74da_0                 conda-forge     355kB
#16 18.23   + pytorch                              2.13.0  cpu_generic_py312_h556be23_2  conda-forge      27MB
#16 18.23   + scikit-image                         0.26.0  np2py312hf5fa608_0            conda-forge      18MB
#16 18.23   + statsmodels                          0.15.0  np2py312h255da3c_1            conda-forge      14MB
#16 18.23   + r-gdtools                             0.5.1  r44h9faf9c2_0                 conda-forge     232kB
#16 18.23   + r-vroom                               1.7.1  r44h08b74da_0                 conda-forge     952kB
#16 18.23   + r-jomo                                2.7_6  r44h0557e7b_3                 conda-forge       2MB
#16 18.23   + r-dplyr                               1.2.1  r44h08b74da_0                 conda-forge       1MB
#16 18.23   + r-ipred                              0.9_15  r44h0557e7b_2                 conda-forge     398kB
#16 18.23   + r-readr                               2.2.0  r44h08b74da_0                 conda-forge     799kB
#16 18.23   + r-ggiraph                             0.9.6  r44hcecbc86_0                 conda-forge       2MB
#16 18.23   + r-tidyr                               1.3.2  r44h08b74da_0                 conda-forge       1MB
#16 18.23   + orthofinder                           2.5.5  hdfd78af_2                    bioconda        136kB
#16 18.23   + perl-html-tree                         5.07  pl5321hdfd78af_2              bioconda        133kB
#16 18.23   + perl-html-template                     2.97  pl5321hdfd78af_2              bioconda         48kB
#16 18.23   + r-ggtext                              0.2.0  r44hacb3a79_0                 conda-forge       1MB
#16 18.23   + r-hardhat                             1.4.3  r44hc72bb7e_0                 conda-forge     869kB
#16 18.23   + r-forcats                             1.0.1  r44hc72bb7e_0                 conda-forge     425kB
#16 18.23   + r-posterior                           1.7.0  r44hc72bb7e_0                 conda-forge     998kB
#16 18.23   + goatools                              1.6.4  pyhd8ed1ab_0                  conda-forge      10MB
#16 18.23   + r-ggfun                               0.2.1  r44hc72bb7e_0                 conda-forge     367kB
#16 18.23   + r-broom                              1.0.13  r44hc72bb7e_0                 conda-forge       2MB
#16 18.23   + r-tidytree                            0.4.8  r44hc72bb7e_0                 conda-forge     314kB
#16 18.23   + r-recipes                             1.4.0  r44hacb3a79_0                 conda-forge       2MB
#16 18.23   + r-ggimage                             0.3.5  r44hc72bb7e_0                 conda-forge     199kB
#16 18.23   + r-aplot                               0.3.1  r44hc72bb7e_0                 conda-forge     168kB
#16 18.23   + r-modelr                             0.1.11  r44hc72bb7e_3                 conda-forge     221kB
#16 18.23   + r-doby                                4.7.2  r44hc72bb7e_0                 conda-forge       5MB
#16 18.23   + r-pbkrtest                            0.5.5  r44hc72bb7e_1                 conda-forge     233kB
#16 18.23   + meme                                  5.5.9  pl5321h012daa0_1              bioconda         20MB
#16 18.23   + jcvi                                  1.6.7  py312h5b439e9_0               bioconda          2MB
#16 18.23   + r-haven                               2.5.5  r44hb62f08c_1                 conda-forge     389kB
#16 18.23   + r-caret                               7.0_1  r44h0557e7b_0                 conda-forge       4MB
#16 18.23   + r-conquer                             1.3.3  r44h9e3ff46_5                 conda-forge     495kB
#16 18.23   + r-quantreg                              6.1  r44ha2e3c6d_1                 conda-forge       1MB
#16 18.23   + bioconductor-treeio                  1.30.0  r44hdfd78af_0                 bioconda        859kB
#16 18.23   + bioconductor-ggtree                   4.0.4  r44hdfd78af_0                 bioconda        964kB
#16 18.23   + r-mitml                               0.4_5  r44hc72bb7e_3                 conda-forge     533kB
#16 18.23   + r-car                                 3.1_5  r44hc72bb7e_0                 conda-forge       2MB
#16 18.23   + r-mice                               3.19.0  r44h08b74da_0                 conda-forge       2MB
#16 18.23   + r-factominer                           2.16  r44h0557e7b_0                 conda-forge       4MB
#16 18.23   + r-missmda                              1.22  r44hc72bb7e_0                 conda-forge     458kB
#16 18.23
#16 18.23   Summary:
#16 18.23
#16 18.23   Install: 741 packages
#16 18.23
#16 18.23   Total download: 2GB
#16 18.23
#16 18.23 ──────────────────────────────────────────────────────────────────────────────────────────────────────
#16 18.23
#16 18.23
#16 18.23
#16 18.23 Transaction starting
#16 114.3 warning  libmamba [xorg-xextproto-7.3.0-h57736b2_1004] The following files were already present in the environment:
#16 114.3     - include/X11/extensions/EVI.h
#16 114.3     - include/X11/extensions/EVIproto.h
#16 114.3     - include/X11/extensions/ag.h
#16 114.3     - include/X11/extensions/agproto.h
#16 114.3     - include/X11/extensions/cup.h
#16 114.3     - include/X11/extensions/cupproto.h
#16 114.3     - include/X11/extensions/dbe.h
#16 114.3     - include/X11/extensions/dbeproto.h
#16 114.3     - include/X11/extensions/dpmsconst.h
#16 114.3     - include/X11/extensions/dpmsproto.h
#16 114.3     - include/X11/extensions/ge.h
#16 114.3     - include/X11/extensions/geproto.h
#16 114.3     - include/X11/extensions/lbx.h
#16 114.3     - include/X11/extensions/lbxproto.h
#16 114.3     - include/X11/extensions/mitmiscconst.h
#16 114.3     - include/X11/extensions/mitmiscproto.h
#16 114.3     - include/X11/extensions/multibufconst.h
#16 114.3     - include/X11/extensions/multibufproto.h
#16 114.3     - include/X11/extensions/secur.h
#16 114.3     - include/X11/extensions/securproto.h
#16 114.3     - include/X11/extensions/shapeconst.h
#16 114.3     - include/X11/extensions/shapeproto.h
#16 114.3     - include/X11/extensions/shapestr.h
#16 114.3     - include/X11/extensions/shm.h
#16 114.3     - include/X11/extensions/shmproto.h
#16 114.3     - include/X11/extensions/shmstr.h
#16 114.3     - include/X11/extensions/syncconst.h
#16 114.3     - include/X11/extensions/syncproto.h
#16 114.3     - include/X11/extensions/syncstr.h
#16 114.3     - include/X11/extensions/xtestconst.h
#16 114.3     - include/X11/extensions/xtestext1const.h
#16 114.3     - include/X11/extensions/xtestext1proto.h
#16 114.3     - include/X11/extensions/xtestproto.h
#16 116.2 warning  libmamba [ossuuid-1.6.2-h5ad3122_1001] The following files were already present in the environment:
#16 116.2     - lib/libuuid.a
#16 116.2     - lib/libuuid.so
#16 116.2     - lib/pkgconfig/uuid.pc
#16 117.6 warning  libmamba [mysql-connector-c-6.1.11-h8945da3_1008] The following files were already present in the environment:
#16 117.6     - lib/libmysqlclient.so
#16 120.0
#16 120.0 For Linux 64, Open MPI is built with CUDA awareness but this support is disabled by default.
#16 120.0 To enable it, please set the environment variable OMPI_MCA_opal_cuda_support=true before
#16 120.0 launching your MPI processes. Equivalently, you can set the MCA parameter in the command line:
#16 120.0 mpiexec --mca opal_cuda_support 1 ...
#16 120.0
#16 120.0 In addition, the UCX support is also built but disabled by default.
#16 120.0 To enable it, first install UCX (conda install -c conda-forge ucx). Then, set the environment
#16 120.0 variables OMPI_MCA_pml="ucx" OMPI_MCA_osc="ucx" before launching your MPI processes.
#16 120.0 Equivalently, you can set the MCA parameters in the command line:
#16 120.0 mpiexec --mca pml ucx --mca osc ucx ...
#16 120.0 Note that you might also need to set UCX_MEMTYPE_CACHE=n for CUDA awareness via UCX.
#16 120.0 Please consult UCX's documentation for detail.
#16 120.0
#16 120.0
#16 120.5
#16 120.5 For Linux 64, Open MPI is built with CUDA awareness but this support is disabled by default.
#16 120.5 To enable it, please set the environment variable OMPI_MCA_opal_cuda_support=true before
#16 120.5 launching your MPI processes. Equivalently, you can set the MCA parameter in the command line:
#16 120.5 mpiexec --mca opal_cuda_support 1 ...
#16 120.5
#16 120.5 In addition, the UCX support is also built but disabled by default.
#16 120.5 To enable it, first install UCX (conda install -c conda-forge ucx). Then, set the environment
#16 120.5 variables OMPI_MCA_pml="ucx" OMPI_MCA_osc="ucx" before launching your MPI processes.
#16 120.5 Equivalently, you can set the MCA parameters in the command line:
#16 120.5 mpiexec --mca pml ucx --mca osc ucx ...
#16 120.5 Note that you might also need to set UCX_MEMTYPE_CACHE=n for CUDA awareness via UCX.
#16 120.5 Please consult UCX's documentation for detail.
#16 120.5
#16 120.5
#16 127.2
#16 127.2 For Linux 64, Open MPI is built with CUDA awareness but this support is disabled by default.
#16 127.2 To enable it, please set the environment variable OMPI_MCA_opal_cuda_support=true before
#16 127.2 launching your MPI processes. Equivalently, you can set the MCA parameter in the command line:
#16 127.2 mpiexec --mca opal_cuda_support 1 ...
#16 127.2
#16 127.2 In addition, the UCX support is also built but disabled by default.
#16 127.2 To enable it, first install UCX (conda install -c conda-forge ucx). Then, set the environment
#16 127.2 variables OMPI_MCA_pml="ucx" OMPI_MCA_osc="ucx" before launching your MPI processes.
#16 127.2 Equivalently, you can set the MCA parameters in the command line:
#16 127.2 mpiexec --mca pml ucx --mca osc ucx ...
#16 127.2 Note that you might also need to set UCX_MEMTYPE_CACHE=n for CUDA awareness via UCX.
#16 127.2 Please consult UCX's documentation for detail.
#16 127.2
#16 127.2
#16 128.6
#16 128.6 For Linux 64, Open MPI is built with CUDA awareness but this support is disabled by default.
#16 128.6 To enable it, please set the environment variable OMPI_MCA_opal_cuda_support=true before
#16 128.6 launching your MPI processes. Equivalently, you can set the MCA parameter in the command line:
#16 128.6 mpiexec --mca opal_cuda_support 1 ...
#16 128.6
#16 128.6 In addition, the UCX support is also built but disabled by default.
#16 128.6 To enable it, first install UCX (conda install -c conda-forge ucx). Then, set the environment
#16 128.6 variables OMPI_MCA_pml="ucx" OMPI_MCA_osc="ucx" before launching your MPI processes.
#16 128.6 Equivalently, you can set the MCA parameters in the command line:
#16 128.6 mpiexec --mca pml ucx --mca osc ucx ...
#16 128.6 Note that you might also need to set UCX_MEMTYPE_CACHE=n for CUDA awareness via UCX.
#16 128.6 Please consult UCX's documentation for detail.
#16 128.6
#16 128.6
#16 132.7
#16 132.7 For Linux 64, Open MPI is built with CUDA awareness but this support is disabled by default.
#16 132.7 To enable it, please set the environment variable OMPI_MCA_opal_cuda_support=true before
#16 132.7 launching your MPI processes. Equivalently, you can set the MCA parameter in the command line:
#16 132.7 mpiexec --mca opal_cuda_support 1 ...
#16 132.7
#16 132.7 In addition, the UCX support is also built but disabled by default.
#16 132.7 To enable it, first install UCX (conda install -c conda-forge ucx). Then, set the environment
#16 132.7 variables OMPI_MCA_pml="ucx" OMPI_MCA_osc="ucx" before launching your MPI processes.
#16 132.7 Equivalently, you can set the MCA parameters in the command line:
#16 132.7 mpiexec --mca pml ucx --mca osc ucx ...
#16 132.7 Note that you might also need to set UCX_MEMTYPE_CACHE=n for CUDA awareness via UCX.
#16 132.7 Please consult UCX's documentation for detail.
#16 132.7
#16 132.7
#16 140.9
#16 140.9 For Linux 64, Open MPI is built with CUDA awareness but this support is disabled by default.
#16 140.9 To enable it, please set the environment variable OMPI_MCA_opal_cuda_support=true before
#16 140.9 launching your MPI processes. Equivalently, you can set the MCA parameter in the command line:
#16 140.9 mpiexec --mca opal_cuda_support 1 ...
#16 140.9
#16 140.9 In addition, the UCX support is also built but disabled by default.
#16 140.9 To enable it, first install UCX (conda install -c conda-forge ucx). Then, set the environment
#16 140.9 variables OMPI_MCA_pml="ucx" OMPI_MCA_osc="ucx" before launching your MPI processes.
#16 140.9 Equivalently, you can set the MCA parameters in the command line:
#16 140.9 mpiexec --mca pml ucx --mca osc ucx ...
#16 140.9 Note that you might also need to set UCX_MEMTYPE_CACHE=n for CUDA awareness via UCX.
#16 140.9 Please consult UCX's documentation for detail.
#16 140.9
#16 140.9
#16 145.1 No entry for '/LIBS/GUID' in ~/.ncbi/user-settings.mkfg; adding...
#16 145.1
#16 145.1 For Linux 64, Open MPI is built with CUDA awareness but this support is disabled by default.
#16 145.1 To enable it, please set the environment variable OMPI_MCA_opal_cuda_support=true before
#16 145.1 launching your MPI processes. Equivalently, you can set the MCA parameter in the command line:
#16 145.1 mpiexec --mca opal_cuda_support 1 ...
#16 145.1
#16 145.1 In addition, the UCX support is also built but disabled by default.
#16 145.1 To enable it, first install UCX (conda install -c conda-forge ucx). Then, set the environment
#16 145.1 variables OMPI_MCA_pml="ucx" OMPI_MCA_osc="ucx" before launching your MPI processes.
#16 145.1 Equivalently, you can set the MCA parameters in the command line:
#16 145.1 mpiexec --mca pml ucx --mca osc ucx ...
#16 145.1 Note that you might also need to set UCX_MEMTYPE_CACHE=n for CUDA awareness via UCX.
#16 145.1 Please consult UCX's documentation for detail.
#16 145.1
#16 145.1
#16 157.4
#16 157.4 Transaction finished
#16 157.4
#16 157.4 To activate this environment, use:
#16 157.4
#16 157.4     micromamba activate base
#16 157.4
#16 157.4 Or to execute a single command in this environment, use:
#16 157.4
#16 157.4     micromamba run -n base mycommand
#16 157.4
#16 157.5 [install_env] No optional packages listed for 'base'
#16 157.5 [install_env] Completed 'base'
#16 DONE 157.7s

#17 [dependencies  4/13] COPY container/testdata /opt/pg/testdata
#17 DONE 1.6s

#18 [dependencies  5/13] COPY container/scripts/ensure_generax_stable.sh /opt/pg/scripts/ensure_generax_stable.sh
#18 DONE 0.0s

#19 [dependencies  6/13] RUN --mount=type=cache,target=/opt/conda/pkgs,sharing=locked  --mount=type=cache,target=/root/.mamba/pkgs,sharing=locked  chmod +x /opt/pg/scripts/ensure_generax_stable.sh  && /opt/pg/scripts/ensure_generax_stable.sh base
#19 1.658 [ensure_generax_stable] Installed GeneRax package:   generax                        2.1.3         h140611f_3                    bioconda
#19 1.658 [ensure_generax_stable] Running GeneRax runtime smoke test
#19 4.667 [ensure_generax_stable] Smoke test failed with exit code 134.
#19 4.667 [00:00:00] GeneRax 2.1.3
#19 4.667 Logs will also be printed into smoke_out/generax.log
#19 4.667 GeneRax was called as follow:
#19 4.667 generax --families families.txt --species-tree species_tree.newick --rec-model UndatedDL --per-family-rates --prefix smoke_out --max-spr-radius 1
#19 4.667
#19 4.667 General information:
#19 4.667 - Output prefix: smoke_out
#19 4.667 - Families information: families.txt
#19 4.667 - Species tree: species_tree.newick
#19 4.667 - MPI Ranks: 1
#19 4.667 - Random seed: 123
#19 4.667 - Reconciliation model: UndatedDL
#19 4.667 - DTL rates: per family rates
#19 4.667 - Infer ML reconciliation: ON
#19 4.667 - Unrooted reconciliation likelihood: OFF
#19 4.667 - Enforcing gene tree root: OFF
#19 4.667 - Prune species tree mode: OFF
#19 4.667
#19 4.667 Gene tree correction information:
#19 4.667 - Gene tree search strategy: SPR
#19 4.667 - Max gene SPR radius: 1
#19 4.667
#19 4.667 [00:00:00] Filtering invalid families...
#19 4.667
#19 4.667 End of instance initialization
#19 4.667 [00:00:00] Starting species tree initialization...
#19 4.667 [00:00:00] End of species tree initialization
#19 4.667 [00:00:00] Filtering invalid families based on the starting species tree...
#19 4.667
#19 4.667 [00:00:00] Gathering statistics about the families...
#19 4.667 [00:00:00] Input data information:
#19 4.667 - Number of gene families: 1
#19 4.667 - Number of species: 23
#19 4.667 - Total number of genes: 24
#19 4.667 - Average number of genes per family: 24
#19 4.667 - Maximum number of genes per family: 24
#19 4.667 - Species covered with the smallest family coverage: "OSTTA" (covered by 0/1 families)
#19 4.667 - Average (over species) species family coverage: 0
#19 4.667
#19 4.667 [00:00:00] Optimizing reconciliation rates and gene trees with radius=1...
#19 4.667 Segmentation fault
#19 4.667 [00:00:00] JointLL=0 RecLL=0 LibpllLL=0
#19 4.667
#19 4.667 [00:00:00] Reconciling gene trees with the species tree...
#19 4.667 terminate called after throwing an instance of 'LibpllException'
#19 4.667   what():  Could not load open newick file smoke_out/results/Phy003AEDB_CUCME/geneTree.newick
#19 4.667 [buildkitsandbox:00481] *** Process received signal ***
#19 4.667 [buildkitsandbox:00481] Signal: Aborted (6)
#19 4.667 [buildkitsandbox:00481] Signal code:  (-6)
#19 4.667 [buildkitsandbox:00481] [ 0] linux-vdso.so.1(__kernel_rt_sigreturn+0x0)[0xffffa211a7e8]
#19 4.667 [buildkitsandbox:00481] [ 1] /lib/aarch64-linux-gnu/libc.so.6(+0x874d8)[0xffffa1a574d8]
#19 4.667 [buildkitsandbox:00481] [ 2] /lib/aarch64-linux-gnu/libc.so.6(gsignal+0x1c)[0xffffa1a0cb3c]
#19 4.667 [buildkitsandbox:00481] [ 3] /lib/aarch64-linux-gnu/libc.so.6(abort+0xf4)[0xffffa19f7e00]
#19 4.667 [buildkitsandbox:00481] [ 4] /opt/conda/bin/../lib/libstdc++.so.6(_ZN9__gnu_cxx27__verbose_terminate_handlerEv+0x178)[0xffffa1d2da98]
#19 4.667 [buildkitsandbox:00481] [ 5] /opt/conda/bin/../lib/libstdc++.so.6(+0xbb22c)[0xffffa1d2b22c]
#19 4.667 [buildkitsandbox:00481] [ 6] /opt/conda/bin/../lib/libstdc++.so.6(_ZSt10unexpectedv+0x0)[0xffffa1d2201c]
#19 4.667 [buildkitsandbox:00481] [ 7] /opt/conda/bin/../lib/libstdc++.so.6(+0xbb5bc)[0xffffa1d2b5bc]
#19 4.667 [buildkitsandbox:00481] [ 8] generax(_ZN13LibpllParsers18readNewickFromFileERKNSt7__cxx1112basic_stringIcSt11char_traitsIcESaIcEEE+0x960)[0xaaaad88897d4]
#19 4.667 [buildkitsandbox:00481] [ 9] generax(_ZN13LibpllParsers20parallelGetTreeSizesERKSt6vectorI10FamilyInfoSaIS1_EE+0x100)[0xaaaad8889940]
#19 4.667 [buildkitsandbox:00481] [10] generax(_ZN16PerCoreGeneTreesC1ERKSt6vectorI10FamilyInfoSaIS1_EEbb+0x10b4)[0xaaaad88a1d28]
#19 4.667 [buildkitsandbox:00481] [11] generax(_ZN8Routines19inferReconciliationERKNSt7__cxx1112basic_stringIcSt11char_traitsIcESaIcEEERSt6vectorI10FamilyInfoSaIS9_EERK15ModelParametersS7_bjb+0x78)[0xaaaad88aacf8]
#19 4.667 [buildkitsandbox:00481] [12] generax(_ZN11GeneRaxCore9reconcileER15GeneRaxInstance+0x144)[0xaaaad884ecc4]
#19 4.667 [buildkitsandbox:00481] [13] generax(_Z12generax_mainiPPcPv+0x260)[0xaaaad8849bc0]
#19 4.667 [buildkitsandbox:00481] [14] /lib/aarch64-linux-gnu/libc.so.6(+0x284c4)[0xffffa19f84c4]
#19 4.667 [buildkitsandbox:00481] [15] /lib/aarch64-linux-gnu/libc.so.6(__libc_start_main+0x98)[0xffffa19f8598]
#19 4.667 [buildkitsandbox:00481] [16] generax(+0x49884)[0xaaaad8849884]
#19 4.667 [buildkitsandbox:00481] *** End of error message ***
#19 4.667 --------------------------------------------------------------------------
#19 4.667 Primary job  terminated normally, but 1 process returned
#19 4.667 a non-zero exit code. Per user-direction, the job has been aborted.
#19 4.667 --------------------------------------------------------------------------
#19 4.667 --------------------------------------------------------------------------
#19 4.667 mpiexec noticed that process rank 0 with PID 0 on node buildkitsandbox exited on signal 6 (Aborted).
#19 4.667 --------------------------------------------------------------------------
#19 4.668 [ensure_generax_stable] Current GeneRax build is unstable. Applying fallback.
#19 4.668 [ensure_generax_stable] Installing fallback GeneRax build: generax=2.1.3=*_2
#19 4.677 conda-forge/linux-aarch64                                   Using cache
#19 4.677 conda-forge/noarch                                          Using cache
#19 4.678 bioconda/linux-aarch64                                      Using cache
#19 4.678 bioconda/noarch                                             Using cache
#19 11.79
#19 11.79 Pinned packages:
#19 11.79   - python 3.12.*
#19 11.79
#19 16.38
#19 16.38 Transaction
#19 16.38
#19 16.38   Prefix: /opt/conda
#19 16.38
#19 16.38   Updating specs:
#19 16.38
#19 16.38    - generax==2.1.3[build=*_2]
#19 16.38
#19 16.38
#19 16.38   Package    Version  Build       Channel        Size
#19 16.38 ───────────────────────────────────────────────────────
#19 16.38   Change:
#19 16.38 ───────────────────────────────────────────────────────
#19 16.38
#19 16.38   - generax    2.1.3  h140611f_3  bioconda     Cached
#19 16.38   + generax    2.1.3  h140611f_2  bioconda       15MB
#19 16.38
#19 16.38   Summary:
#19 16.38
#19 16.38   Change: 1 packages
#19 16.38
#19 16.38   Total download: 15MB
#19 16.38
#19 16.38 ───────────────────────────────────────────────────────
#19 16.38
#19 16.38
#19 16.38
#19 16.38 Transaction starting
#19 18.23
#19 18.23 Transaction finished
#19 18.23
#19 18.23 To activate this environment, use:
#19 18.23
#19 18.23     micromamba activate base
#19 18.23
#19 18.23 Or to execute a single command in this environment, use:
#19 18.23
#19 18.23     micromamba run -n base mycommand
#19 18.23
#19 18.65 [ensure_generax_stable] GeneRax package after fallback:   generax                        2.1.3         h140611f_2                    bioconda
#19 18.65 [ensure_generax_stable] Re-running smoke test after fallback
#19 23.61 [ensure_generax_stable] Fallback GeneRax build passed smoke test.
#19 DONE 23.7s

#20 [dependencies  7/13] COPY container/scripts/download_url.sh /opt/pg/scripts/download_url.sh
#20 DONE 0.0s

#21 [dependencies  8/13] COPY container/scripts/verify_sha256.sh /opt/pg/scripts/verify_sha256.sh
#21 DONE 0.0s

#22 [dependencies  9/13] COPY container/scripts/fetch_git_repo.sh /opt/pg/scripts/fetch_git_repo.sh
#22 DONE 0.0s

#23 [dependencies 10/13] COPY container/pip-compatibility.requirements.txt /opt/pg/pip-compatibility.requirements.txt
#23 DONE 0.0s

#24 [dependencies 11/13] RUN --mount=type=cache,target=/root/.cache/pip  micromamba run -n base pip install       -r /opt/pg/pip-compatibility.requirements.txt  && micromamba run -n base python -c "import ete4, genomepy, lxml, ortools, PIL"  && micromamba run -n base python -m pip check
#24 1.574 Collecting pillow==12.3.0 (from -r /opt/pg/pip-compatibility.requirements.txt (line 4))
#24 1.629   Downloading pillow-12.3.0-cp312-cp312-manylinux_2_27_aarch64.manylinux_2_28_aarch64.whl.metadata (9.1 kB)
#24 1.753 Collecting lxml==6.1.1 (from -r /opt/pg/pip-compatibility.requirements.txt (line 5))
#24 1.769   Downloading lxml-6.1.1-cp312-cp312-manylinux_2_26_aarch64.manylinux_2_28_aarch64.whl.metadata (3.5 kB)
#24 1.966 Collecting ete4==4.4.0 (from -r /opt/pg/pip-compatibility.requirements.txt (line 6))
#24 1.985   Downloading ete4-4.4.0.tar.gz (1.4 MB)
#24 2.077      ━━━━━━━━━━━━━━━━━━━━━━━━━━━━━━━━━━━━━━━━ 1.4/1.4 MB 19.4 MB/s  0:00:00
#24 2.137   Installing build dependencies: started
#24 3.077   Installing build dependencies: finished with status 'done'
#24 3.077   Getting requirements to build wheel: started
#24 4.435   Getting requirements to build wheel: finished with status 'done'
#24 4.436   Preparing metadata (pyproject.toml): started
#24 4.705   Preparing metadata (pyproject.toml): finished with status 'done'
#24 4.894 Collecting genomepy==0.16.2 (from -r /opt/pg/pip-compatibility.requirements.txt (line 7))
#24 4.918   Downloading genomepy-0.16.2-py3-none-any.whl.metadata (26 kB)
#24 4.955 Collecting mysql-connector-python==9.7.0 (from -r /opt/pg/pip-compatibility.requirements.txt (line 8))
#24 4.972   Downloading mysql_connector_python-9.7.0-cp312-cp312-manylinux_2_28_aarch64.whl.metadata (11 kB)
#24 4.999 Collecting ortools==9.12.4544 (from -r /opt/pg/pip-compatibility.requirements.txt (line 9))
#24 5.014   Downloading ortools-9.12.4544-cp312-cp312-manylinux_2_27_aarch64.manylinux_2_28_aarch64.whl.metadata (3.3 kB)
#24 5.100 Collecting protobuf==5.29.6 (from -r /opt/pg/pip-compatibility.requirements.txt (line 10))
#24 5.118   Downloading protobuf-5.29.6-cp38-abi3-manylinux2014_aarch64.whl.metadata (592 bytes)
#24 5.138 Collecting defusedxml==0.7.1 (from -r /opt/pg/pip-compatibility.requirements.txt (line 11))
#24 5.153   Downloading defusedxml-0.7.1-py2.py3-none-any.whl.metadata (32 kB)
#24 5.157 Requirement already satisfied: setuptools<83 in /opt/conda/lib/python3.12/site-packages (from -r /opt/pg/pip-compatibility.requirements.txt (line 15)) (81.0.0)
#24 5.157 Requirement already satisfied: pypdf>=6.16.1 in /opt/conda/lib/python3.12/site-packages (from -r /opt/pg/pip-compatibility.requirements.txt (line 16)) (6.18.0)
#24 5.193 Collecting huggingface-hub (from -r /opt/pg/pip-compatibility.requirements.txt (line 20))
#24 5.208   Downloading huggingface_hub-1.31.0-py3-none-any.whl.metadata (16 kB)
#24 5.246 Collecting transformers (from -r /opt/pg/pip-compatibility.requirements.txt (line 21))
#24 5.261   Downloading transformers-5.17.0-py3-none-any.whl.metadata (32 kB)
#24 5.305 Collecting peft (from -r /opt/pg/pip-compatibility.requirements.txt (line 22))
#24 5.320   Downloading peft-0.20.0-py3-none-any.whl.metadata (14 kB)
#24 5.532 Collecting sentencepiece (from -r /opt/pg/pip-compatibility.requirements.txt (line 23))
#24 5.548   Downloading sentencepiece-0.2.2-cp312-cp312-manylinux_2_27_aarch64.manylinux_2_28_aarch64.whl.metadata (33 kB)
#24 5.569 Collecting bottle (from ete4==4.4.0->-r /opt/pg/pip-compatibility.requirements.txt (line 6))
#24 5.583   Downloading bottle-0.13.4-py2.py3-none-any.whl.metadata (1.6 kB)
#24 5.782 Collecting cheroot (from ete4==4.4.0->-r /opt/pg/pip-compatibility.requirements.txt (line 6))
#24 5.796   Downloading cheroot-11.1.2-py3-none-any.whl.metadata (7.0 kB)
#24 5.801 Requirement already satisfied: brotli in /opt/conda/lib/python3.12/site-packages (from ete4==4.4.0->-r /opt/pg/pip-compatibility.requirements.txt (line 6)) (1.2.0)
#24 5.801 Requirement already satisfied: numpy in /opt/conda/lib/python3.12/site-packages (from ete4==4.4.0->-r /opt/pg/pip-compatibility.requirements.txt (line 6)) (1.26.4)
#24 5.801 Requirement already satisfied: scipy in /opt/conda/lib/python3.12/site-packages (from ete4==4.4.0->-r /opt/pg/pip-compatibility.requirements.txt (line 6)) (1.17.1)
#24 5.802 Requirement already satisfied: requests in /opt/conda/lib/python3.12/site-packages (from ete4==4.4.0->-r /opt/pg/pip-compatibility.requirements.txt (line 6)) (2.34.2)
#24 5.820 Collecting appdirs (from genomepy==0.16.2->-r /opt/pg/pip-compatibility.requirements.txt (line 7))
#24 5.836   Downloading appdirs-1.4.4-py2.py3-none-any.whl.metadata (9.0 kB)
#24 5.839 Requirement already satisfied: biopython>=1.73 in /opt/conda/lib/python3.12/site-packages (from genomepy==0.16.2->-r /opt/pg/pip-compatibility.requirements.txt (line 7)) (1.88)
#24 5.869 Collecting click (from genomepy==0.16.2->-r /opt/pg/pip-compatibility.requirements.txt (line 7))
#24 5.883   Downloading click-8.5.0-py3-none-any.whl.metadata (2.6 kB)
#24 5.886 Requirement already satisfied: colorama in /opt/conda/lib/python3.12/site-packages (from genomepy==0.16.2->-r /opt/pg/pip-compatibility.requirements.txt (line 7)) (0.4.6)
#24 5.907 Collecting diskcache (from genomepy==0.16.2->-r /opt/pg/pip-compatibility.requirements.txt (line 7))
#24 5.922   Downloading diskcache-5.6.3-py3-none-any.whl.metadata (20 kB)
#24 5.926 Requirement already satisfied: filelock>=3.5 in /opt/conda/lib/python3.12/site-packages (from genomepy==0.16.2->-r /opt/pg/pip-compatibility.requirements.txt (line 7)) (3.32.6)
#24 5.943 Collecting loguru (from genomepy==0.16.2->-r /opt/pg/pip-compatibility.requirements.txt (line 7))
#24 5.958   Downloading loguru-0.7.3-py3-none-any.whl.metadata (22 kB)
#24 6.147 Collecting mygene (from genomepy==0.16.2->-r /opt/pg/pip-compatibility.requirements.txt (line 7))
#24 6.162   Downloading mygene-3.2.2-py2.py3-none-any.whl.metadata (10 kB)
#24 6.357 Collecting norns>=0.1.6 (from genomepy==0.16.2->-r /opt/pg/pip-compatibility.requirements.txt (line 7))
#24 6.540   Downloading norns-0.1.6.tar.gz (3.6 kB)
#24 6.545   Installing build dependencies: started
#24 6.843   Installing build dependencies: finished with status 'done'
#24 6.843   Getting requirements to build wheel: started
#24 7.019   Getting requirements to build wheel: finished with status 'done'
#24 7.020   Preparing metadata (pyproject.toml): started
#24 7.114   Preparing metadata (pyproject.toml): finished with status 'done'
#24 7.115 Requirement already satisfied: pandas in /opt/conda/lib/python3.12/site-packages (from genomepy==0.16.2->-r /opt/pg/pip-compatibility.requirements.txt (line 7)) (3.0.5)
#24 7.115 Requirement already satisfied: pyfaidx>=0.7.2.1 in /opt/conda/lib/python3.12/site-packages (from genomepy==0.16.2->-r /opt/pg/pip-compatibility.requirements.txt (line 7)) (0.9.0.4)
#24 7.116 Requirement already satisfied: tqdm>=4.51 in /opt/conda/lib/python3.12/site-packages (from genomepy==0.16.2->-r /opt/pg/pip-compatibility.requirements.txt (line 7)) (4.70.0)
#24 7.136 Collecting absl-py>=2.0.0 (from ortools==9.12.4544->-r /opt/pg/pip-compatibility.requirements.txt (line 9))
#24 7.161   Downloading absl_py-2.5.0-py3-none-any.whl.metadata (3.3 kB)
#24 7.186 Collecting immutabledict>=3.0.0 (from ortools==9.12.4544->-r /opt/pg/pip-compatibility.requirements.txt (line 9))
#24 7.201   Downloading immutabledict-4.3.1-py3-none-any.whl.metadata (3.5 kB)
#24 7.209 Requirement already satisfied: fsspec>=2023.5.0 in /opt/conda/lib/python3.12/site-packages (from huggingface-hub->-r /opt/pg/pip-compatibility.requirements.txt (line 20)) (2026.7.0)
#24 7.239 Collecting hf-xet<2.0.0,>=1.5.2 (from huggingface-hub->-r /opt/pg/pip-compatibility.requirements.txt (line 20))
#24 7.253   Downloading hf_xet-1.6.0-cp38-abi3-manylinux_2_28_aarch64.whl.metadata (4.9 kB)
#24 7.276 Collecting httpx<1,>=0.23.0 (from huggingface-hub->-r /opt/pg/pip-compatibility.requirements.txt (line 20))
#24 7.290   Downloading httpx-0.28.1-py3-none-any.whl.metadata (7.1 kB)
#24 7.293 Requirement already satisfied: packaging>=20.9 in /opt/conda/lib/python3.12/site-packages (from huggingface-hub->-r /opt/pg/pip-compatibility.requirements.txt (line 20)) (26.3)
#24 7.322 Collecting pyyaml>=5.1 (from huggingface-hub->-r /opt/pg/pip-compatibility.requirements.txt (line 20))
#24 7.336   Downloading pyyaml-6.0.3-cp312-cp312-manylinux2014_aarch64.manylinux_2_17_aarch64.manylinux_2_28_aarch64.whl.metadata (2.4 kB)
#24 7.339 Requirement already satisfied: typing-extensions>=4.1.0 in /opt/conda/lib/python3.12/site-packages (from huggingface-hub->-r /opt/pg/pip-compatibility.requirements.txt (line 20)) (4.16.0)
#24 7.361 Collecting anyio (from httpx<1,>=0.23.0->huggingface-hub->-r /opt/pg/pip-compatibility.requirements.txt (line 20))
#24 7.375   Downloading anyio-4.15.1-py3-none-any.whl.metadata (4.7 kB)
#24 7.378 Requirement already satisfied: certifi in /opt/conda/lib/python3.12/site-packages (from httpx<1,>=0.23.0->huggingface-hub->-r /opt/pg/pip-compatibility.requirements.txt (line 20)) (2026.7.22)
#24 7.397 Collecting httpcore==1.* (from httpx<1,>=0.23.0->huggingface-hub->-r /opt/pg/pip-compatibility.requirements.txt (line 20))
#24 7.411   Downloading httpcore-1.0.9-py3-none-any.whl.metadata (21 kB)
#24 7.415 Requirement already satisfied: idna in /opt/conda/lib/python3.12/site-packages (from httpx<1,>=0.23.0->huggingface-hub->-r /opt/pg/pip-compatibility.requirements.txt (line 20)) (3.19)
#24 7.432 Collecting h11>=0.16 (from httpcore==1.*->httpx<1,>=0.23.0->huggingface-hub->-r /opt/pg/pip-compatibility.requirements.txt (line 20))
#24 7.445   Downloading h11-0.16.0-py3-none-any.whl.metadata (8.3 kB)
#24 7.668 Collecting regex>=2025.10.22 (from transformers->-r /opt/pg/pip-compatibility.requirements.txt (line 21))
#24 7.683   Downloading regex-2026.9.10-cp312-cp312-manylinux2014_aarch64.manylinux_2_17_aarch64.manylinux_2_28_aarch64.whl.metadata (40 kB)
#24 7.776 Collecting tokenizers<0.24.0,>=0.23.1 (from transformers->-r /opt/pg/pip-compatibility.requirements.txt (line 21))
#24 7.792   Downloading tokenizers-0.23.2-cp310-abi3-manylinux_2_17_aarch64.manylinux2014_aarch64.whl.metadata (9.8 kB)
#24 7.816 Collecting typer (from transformers->-r /opt/pg/pip-compatibility.requirements.txt (line 21))
#24 7.865   Downloading typer-0.27.2-py3-none-any.whl.metadata (16 kB)
#24 7.934 Collecting safetensors>=0.8.0 (from transformers->-r /opt/pg/pip-compatibility.requirements.txt (line 21))
#24 7.949   Downloading safetensors-0.8.0-cp310-abi3-manylinux_2_17_aarch64.manylinux2014_aarch64.whl.metadata (4.2 kB)
#24 8.000 Collecting psutil (from peft->-r /opt/pg/pip-compatibility.requirements.txt (line 22))
#24 8.016   Downloading psutil-7.2.2-cp36-abi3-manylinux2014_aarch64.manylinux_2_17_aarch64.manylinux_2_28_aarch64.whl.metadata (22 kB)
#24 8.021 Requirement already satisfied: torch>=1.13.0 in /opt/conda/lib/python3.12/site-packages (from peft->-r /opt/pg/pip-compatibility.requirements.txt (line 22)) (2.13.0)
#24 8.045 Collecting accelerate>=0.21.0 (from peft->-r /opt/pg/pip-compatibility.requirements.txt (line 22))
#24 8.059   Downloading accelerate-1.15.0-py3-none-any.whl.metadata (19 kB)
#24 8.094 Collecting nose (from norns>=0.1.6->genomepy==0.16.2->-r /opt/pg/pip-compatibility.requirements.txt (line 7))
#24 8.110   Downloading nose-1.3.7-py3-none-any.whl.metadata (1.7 kB)
#24 8.114 Requirement already satisfied: python-dateutil>=2.8.2 in /opt/conda/lib/python3.12/site-packages (from pandas->genomepy==0.16.2->-r /opt/pg/pip-compatibility.requirements.txt (line 7)) (2.9.0.post0)
#24 8.116 Requirement already satisfied: six>=1.5 in /opt/conda/lib/python3.12/site-packages (from python-dateutil>=2.8.2->pandas->genomepy==0.16.2->-r /opt/pg/pip-compatibility.requirements.txt (line 7)) (1.17.0)
#24 8.118 Requirement already satisfied: sympy>=1.13.3 in /opt/conda/lib/python3.12/site-packages (from torch>=1.13.0->peft->-r /opt/pg/pip-compatibility.requirements.txt (line 22)) (1.14.0)
#24 8.118 Requirement already satisfied: networkx>=2.5.1 in /opt/conda/lib/python3.12/site-packages (from torch>=1.13.0->peft->-r /opt/pg/pip-compatibility.requirements.txt (line 22)) (3.6.1)
#24 8.119 Requirement already satisfied: jinja2 in /opt/conda/lib/python3.12/site-packages (from torch>=1.13.0->peft->-r /opt/pg/pip-compatibility.requirements.txt (line 22)) (3.1.6)
#24 8.121 Requirement already satisfied: mpmath<1.5,>=1.1.0 in /opt/conda/lib/python3.12/site-packages (from sympy>=1.13.3->torch>=1.13.0->peft->-r /opt/pg/pip-compatibility.requirements.txt (line 22)) (1.4.1)
#24 8.125 Requirement already satisfied: more-itertools>=2.6 in /opt/conda/lib/python3.12/site-packages (from cheroot->ete4==4.4.0->-r /opt/pg/pip-compatibility.requirements.txt (line 6)) (11.1.0)
#24 8.148 Collecting jaraco.functools (from cheroot->ete4==4.4.0->-r /opt/pg/pip-compatibility.requirements.txt (line 6))
#24 8.162   Downloading jaraco_functools-4.6.0-py3-none-any.whl.metadata (2.9 kB)
#24 8.168 Requirement already satisfied: MarkupSafe>=2.0 in /opt/conda/lib/python3.12/site-packages (from jinja2->torch>=1.13.0->peft->-r /opt/pg/pip-compatibility.requirements.txt (line 22)) (3.0.3)
#24 8.357 Collecting biothings-client>=0.2.6 (from mygene->genomepy==0.16.2->-r /opt/pg/pip-compatibility.requirements.txt (line 7))
#24 8.372   Downloading biothings_client-0.5.1-py3-none-any.whl.metadata (11 kB)
#24 8.378 Requirement already satisfied: charset_normalizer<4,>=2 in /opt/conda/lib/python3.12/site-packages (from requests->ete4==4.4.0->-r /opt/pg/pip-compatibility.requirements.txt (line 6)) (3.5.1)
#24 8.379 Requirement already satisfied: urllib3<3,>=1.26 in /opt/conda/lib/python3.12/site-packages (from requests->ete4==4.4.0->-r /opt/pg/pip-compatibility.requirements.txt (line 6)) (2.7.0)
#24 8.400 Collecting shellingham>=1.3.0 (from typer->transformers->-r /opt/pg/pip-compatibility.requirements.txt (line 21))
#24 8.414   Downloading shellingham-1.5.4-py2.py3-none-any.whl.metadata (3.5 kB)
#24 8.419 Requirement already satisfied: rich>=13.8.0 in /opt/conda/lib/python3.12/site-packages (from typer->transformers->-r /opt/pg/pip-compatibility.requirements.txt (line 21)) (15.0.0)
#24 8.434 Collecting annotated-doc>=0.0.2 (from typer->transformers->-r /opt/pg/pip-compatibility.requirements.txt (line 21))
#24 8.449   Downloading annotated_doc-0.0.5-py3-none-any.whl.metadata (6.5 kB)
#24 8.453 Requirement already satisfied: markdown-it-py>=2.2.0 in /opt/conda/lib/python3.12/site-packages (from rich>=13.8.0->typer->transformers->-r /opt/pg/pip-compatibility.requirements.txt (line 21)) (4.2.0)
#24 8.453 Requirement already satisfied: pygments<3.0.0,>=2.13.0 in /opt/conda/lib/python3.12/site-packages (from rich>=13.8.0->typer->transformers->-r /opt/pg/pip-compatibility.requirements.txt (line 21)) (2.21.0)
#24 8.455 Requirement already satisfied: mdurl~=0.1 in /opt/conda/lib/python3.12/site-packages (from markdown-it-py>=2.2.0->rich>=13.8.0->typer->transformers->-r /opt/pg/pip-compatibility.requirements.txt (line 21)) (0.1.2)
#24 8.470 Downloading pillow-12.3.0-cp312-cp312-manylinux_2_27_aarch64.manylinux_2_28_aarch64.whl (6.3 MB)
#24 8.718    ━━━━━━━━━━━━━━━━━━━━━━━━━━━━━━━━━━━━━━━━ 6.3/6.3 MB 25.5 MB/s  0:00:00
#24 8.746 Downloading lxml-6.1.1-cp312-cp312-manylinux_2_26_aarch64.manylinux_2_28_aarch64.whl (5.0 MB)
#24 8.945    ━━━━━━━━━━━━━━━━━━━━━━━━━━━━━━━━━━━━━━━━ 5.0/5.0 MB 24.9 MB/s  0:00:00
#24 8.960 Downloading genomepy-0.16.2-py3-none-any.whl (82 kB)
#24 8.979 Downloading mysql_connector_python-9.7.0-cp312-cp312-manylinux_2_28_aarch64.whl (21.9 MB)
#24 11.59    ━━━━━━━━━━━━━━━━━━━━━━━━━━━━━━━━━━━━━━━━ 21.9/21.9 MB 8.3 MB/s  0:00:02
#24 11.78 Downloading ortools-9.12.4544-cp312-cp312-manylinux_2_27_aarch64.manylinux_2_28_aarch64.whl (23.1 MB)
#24 14.50    ━━━━━━━━━━━━━━━━━━━━━━━━━━━━━━━━━━━━━━━━ 23.1/23.1 MB 8.4 MB/s  0:00:02
#24 14.52 Downloading protobuf-5.29.6-cp38-abi3-manylinux2014_aarch64.whl (320 kB)
#24 14.55 Downloading defusedxml-0.7.1-py2.py3-none-any.whl (25 kB)
#24 14.57 Downloading huggingface_hub-1.31.0-py3-none-any.whl (798 kB)
#24 14.61    ━━━━━━━━━━━━━━━━━━━━━━━━━━━━━━━━━━━━━━━━ 798.3/798.3 kB 16.8 MB/s  0:00:00
#24 14.62 Downloading click-8.5.0-py3-none-any.whl (125 kB)
#24 14.64 Downloading hf_xet-1.6.0-cp38-abi3-manylinux_2_28_aarch64.whl (4.3 MB)
#24 14.81    ━━━━━━━━━━━━━━━━━━━━━━━━━━━━━━━━━━━━━━━━ 4.3/4.3 MB 25.5 MB/s  0:00:00
#24 14.83 Downloading httpx-0.28.1-py3-none-any.whl (73 kB)
#24 14.85 Downloading httpcore-1.0.9-py3-none-any.whl (78 kB)
#24 14.87 Downloading transformers-5.17.0-py3-none-any.whl (12.3 MB)
#24 15.42    ━━━━━━━━━━━━━━━━━━━━━━━━━━━━━━━━━━━━━━━━ 12.3/12.3 MB 22.1 MB/s  0:00:00
#24 15.43 Downloading tokenizers-0.23.2-cp310-abi3-manylinux_2_17_aarch64.manylinux2014_aarch64.whl (3.5 MB)
#24 15.59    ━━━━━━━━━━━━━━━━━━━━━━━━━━━━━━━━━━━━━━━━ 3.5/3.5 MB 22.7 MB/s  0:00:00
#24 15.61 Downloading peft-0.20.0-py3-none-any.whl (775 kB)
#24 15.64    ━━━━━━━━━━━━━━━━━━━━━━━━━━━━━━━━━━━━━━━━ 775.8/775.8 kB 24.8 MB/s  0:00:00
#24 15.65 Downloading sentencepiece-0.2.2-cp312-cp312-manylinux_2_27_aarch64.manylinux_2_28_aarch64.whl (1.3 MB)
#24 15.70    ━━━━━━━━━━━━━━━━━━━━━━━━━━━━━━━━━━━━━━━━ 1.3/1.3 MB 26.8 MB/s  0:00:00
#24 15.72 Downloading absl_py-2.5.0-py3-none-any.whl (137 kB)
#24 15.74 Downloading accelerate-1.15.0-py3-none-any.whl (394 kB)
#24 15.80 Downloading h11-0.16.0-py3-none-any.whl (37 kB)
#24 15.84 Downloading immutabledict-4.3.1-py3-none-any.whl (5.0 kB)
#24 15.86 Downloading pyyaml-6.0.3-cp312-cp312-manylinux2014_aarch64.manylinux_2_17_aarch64.manylinux_2_28_aarch64.whl (775 kB)
#24 15.89    ━━━━━━━━━━━━━━━━━━━━━━━━━━━━━━━━━━━━━━━━ 775.1/775.1 kB 21.3 MB/s  0:00:00
#24 15.91 Downloading regex-2026.9.10-cp312-cp312-manylinux2014_aarch64.manylinux_2_17_aarch64.manylinux_2_28_aarch64.whl (800 kB)
#24 15.94    ━━━━━━━━━━━━━━━━━━━━━━━━━━━━━━━━━━━━━━━━ 800.1/800.1 kB 24.6 MB/s  0:00:00
#24 15.95 Downloading safetensors-0.8.0-cp310-abi3-manylinux_2_17_aarch64.manylinux2014_aarch64.whl (502 kB)
#24 15.99 Downloading anyio-4.15.1-py3-none-any.whl (132 kB)
#24 16.02 Downloading appdirs-1.4.4-py2.py3-none-any.whl (9.6 kB)
#24 16.04 Downloading bottle-0.13.4-py2.py3-none-any.whl (103 kB)
#24 16.05 Downloading cheroot-11.1.2-py3-none-any.whl (109 kB)
#24 16.07 Downloading diskcache-5.6.3-py3-none-any.whl (45 kB)
#24 16.09 Downloading jaraco_functools-4.6.0-py3-none-any.whl (11 kB)
#24 16.11 Downloading loguru-0.7.3-py3-none-any.whl (61 kB)
#24 16.13 Downloading mygene-3.2.2-py2.py3-none-any.whl (5.4 kB)
#24 16.15 Downloading biothings_client-0.5.1-py3-none-any.whl (52 kB)
#24 16.17 Downloading nose-1.3.7-py3-none-any.whl (154 kB)
#24 16.20 Downloading psutil-7.2.2-cp36-abi3-manylinux2014_aarch64.manylinux_2_17_aarch64.manylinux_2_28_aarch64.whl (156 kB)
#24 16.22 Downloading typer-0.27.2-py3-none-any.whl (123 kB)
#24 16.24 Downloading annotated_doc-0.0.5-py3-none-any.whl (5.3 kB)
#24 16.26 Downloading shellingham-1.5.4-py2.py3-none-any.whl (9.8 kB)
#24 16.37 Building wheels for collected packages: ete4, norns
#24 16.37   Building wheel for ete4 (pyproject.toml): started
#24 43.34   Building wheel for ete4 (pyproject.toml): finished with status 'done'
#24 43.34   Created wheel for ete4: filename=ete4-4.4.0-cp312-cp312-linux_aarch64.whl size=2473268 sha256=86c13e78aed226f4eaf15604be216972d49501aa30b5b110a61db60d36d8ab20
#24 43.34   Stored in directory: /root/.cache/pip/wheels/f9/c5/25/ed5df30af43067468d68864781cb528f9a92e88636f22f8574
#24 43.35   Building wheel for norns (pyproject.toml): started
#24 43.45   Building wheel for norns (pyproject.toml): finished with status 'done'
#24 43.45   Created wheel for norns: filename=norns-0.1.6-py3-none-any.whl size=4073 sha256=baa042a3242f59790d2e8bcfc1f16c63e13e41d31597143495026e24f0192c74
#24 43.45   Stored in directory: /root/.cache/pip/wheels/96/49/6a/a5000ab58ced9d87f29193fb73dd7fe90381674da43fdb55b9
#24 43.45 Successfully built ete4 norns
#24 43.54 Installing collected packages: nose, bottle, appdirs, shellingham, sentencepiece, safetensors, regex, pyyaml, psutil, protobuf, pillow, mysql-connector-python, lxml, loguru, jaraco.functools, immutabledict, hf-xet, h11, diskcache, defusedxml, click, anyio, annotated-doc, absl-py, norns, httpcore, cheroot, typer, ortools, httpx, ete4, huggingface-hub, biothings-client, tokenizers, mygene, accelerate, transformers, genomepy, peft
#24 43.85   Attempting uninstall: pillow
#24 43.86     Found existing installation: pillow 12.0.0
#24 43.86     Uninstalling pillow-12.0.0:
#24 43.90       Successfully uninstalled pillow-12.0.0
#24 44.36   Attempting uninstall: lxml
#24 44.36     Found existing installation: lxml 6.0.2
#24 44.37     Uninstalling lxml-6.0.2:
#24 44.40       Successfully uninstalled lxml-6.0.2
#24 49.82
#24 49.83 Successfully installed absl-py-2.5.0 accelerate-1.15.0 annotated-doc-0.0.5 anyio-4.15.1 appdirs-1.4.4 biothings-client-0.5.1 bottle-0.13.4 cheroot-11.1.2 click-8.5.0 defusedxml-0.7.1 diskcache-5.6.3 ete4-4.4.0 genomepy-0.16.2 h11-0.16.0 hf-xet-1.6.0 httpcore-1.0.9 httpx-0.28.1 huggingface-hub-1.31.0 immutabledict-4.3.1 jaraco.functools-4.6.0 loguru-0.7.3 lxml-6.1.1 mygene-3.2.2 mysql-connector-python-9.7.0 norns-0.1.6 nose-1.3.7 ortools-9.12.4544 peft-0.20.0 pillow-12.3.0 protobuf-5.29.6 psutil-7.2.2 pyyaml-6.0.3 regex-2026.9.10 safetensors-0.8.0 sentencepiece-0.2.2 shellingham-1.5.4 tokenizers-0.23.2 transformers-5.17.0 typer-0.27.2
#24 49.83 WARNING: Running pip as the 'root' user can result in broken permissions and conflicting behaviour with the system package manager, possibly rendering your system unusable. It is recommended to use a virtual environment instead: https://pip.pypa.io/warnings/venv. Use the --root-user-action option if you know what you are doing and want to suppress this warning.
#24 52.31 /opt/conda/lib/python3.12/site-packages/norns/cfg.py:9: UserWarning: pkg_resources is deprecated as an API. See https://setuptools.pypa.io/en/latest/pkg_resources.html. The pkg_resources package is slated for removal as early as 2025-11-30. Refrain from using this package or pin to Setuptools<81.
#24 52.31   import pkg_resources
#24 53.43 No broken requirements found.
#24 DONE 53.8s

#25 [dependencies 12/13] COPY container/scripts/install_nonconda_fallbacks.sh /opt/pg/scripts/install_nonconda_fallbacks.sh
#25 DONE 0.1s

#26 [dependencies 13/13] RUN --mount=type=cache,target=/root/.cache/pip  chmod +x /opt/pg/scripts/install_nonconda_fallbacks.sh  && TESTNH_TARBALL_SHA256="598337183d2cec9c61cd364fab255a270062844b0ba5172913f7cf97512c43e2"  CAFE5_TARBALL_SHA256="71871bdc74c2ffc7c1c0f4500f4742f2ff46a15cfaba78dc179d21bb1ba67ba8"  /opt/pg/scripts/install_nonconda_fallbacks.sh cafe5 mapnh astral r-cran verify-r
#26 0.043 [install_nonconda_fallbacks] Building CAFE5 v5.1 in /tmp/tmp.EtDRvABYYO
#26 0.056   % Total    % Received % Xferd  Average Speed  Time    Time    Time   Current
#26 0.056                                  Dload  Upload  Total   Spent   Left   Speed
#26 0.056
  0      0   0      0   0      0      0      0                              0
  0      0   0      0   0      0      0      0                              0
  0      0   0      0   0      0      0      0                              0
#26 0.374
  0      0   0      0   0      0      0      0                              0
100 742.3k 100 742.3k   0      0  1.12M      0                              0
100 742.3k 100 742.3k   0      0  1.12M      0                              0
100 742.3k 100 742.3k   0      0  1.12M      0                              0
#26 0.780 checking for icc... no
#26 0.780 checking for g++... g++
#26 0.791 checking whether the C++ compiler works... yes
#26 0.850 checking for C++ compiler default output file name... a.out
#26 0.850 checking for suffix of executables...
#26 0.875 checking whether we are cross compiling... no
#26 0.908 checking for suffix of object files... o
#26 0.920 checking whether we are using the GNU C++ compiler... yes
#26 0.931 checking whether g++ accepts -g... yes
#26 0.943 checking for g++ option to support OpenMP... -fopenmp
#26 0.986 checking for floor in -lm... yes
#26 1.020 checking how to run the C++ preprocessor... g++ -E
#26 1.048 checking for grep that handles long lines and -e... /usr/bin/grep
#26 1.050 checking for egrep... /usr/bin/grep -E
#26 1.051 checking for ANSI C header files... yes
#26 1.128 checking for sys/types.h... yes
#26 1.149 checking for sys/stat.h... yes
#26 1.172 checking for stdlib.h... yes
#26 1.194 checking for string.h... yes
#26 1.217 checking for memory.h... yes
#26 1.242 checking for strings.h... yes
#26 1.267 checking for inttypes.h... yes
#26 1.291 checking for stdint.h... yes
#26 1.315 checking for unistd.h... yes
#26 1.343 checking mkl.h usability... no
#26 1.359 checking mkl.h presence... no
#26 1.366 checking for mkl.h... no
#26 1.366 checking for library containing sgemm... no
#26 1.417 checking for library containing cblas_dgemm... no
#26 1.469 checking for library containing cblas_dgemm... no
#26 1.515 checking for library containing vdExp... no
#26 1.567 configure: creating ./config.status
#26 1.595 config.status: creating Makefile
#26 1.599 config.status: creating config.h
#26 1.611 g++ -std=c++11 -I. -O3 -include config.h -DDOCTEST_CONFIG_DISABLE -fopenmp  -c src/base_model.cpp -o obj/base_model.o
#26 1.611 g++ -std=c++11 -I. -O3 -include config.h -DDOCTEST_CONFIG_DISABLE -fopenmp  -c src/cafexp.cpp -o obj/cafexp.o
#26 2.175 g++ -std=c++11 -I. -O3 -include config.h -DDOCTEST_CONFIG_DISABLE -fopenmp  -c src/clade.cpp -o obj/clade.o
#26 2.497 g++ -std=c++11 -I. -O3 -include config.h -DDOCTEST_CONFIG_DISABLE -fopenmp  -c src/core.cpp -o obj/core.o
#26 3.314 g++ -std=c++11 -I. -O3 -include config.h -DDOCTEST_CONFIG_DISABLE -fopenmp  -c src/easylogging++.cpp -o obj/easylogging++.o
#26 4.445 In file included from /usr/include/features.h:502,
#26 4.445                  from /usr/include/aarch64-linux-gnu/c++/13/bits/os_defines.h:39,
#26 4.445                  from /usr/include/aarch64-linux-gnu/c++/13/bits/c++config.h:679,
#26 4.445                  from /usr/include/c++/13/ctime:41,
#26 4.445                  from src/easylogging++.h:353,
#26 4.445                  from src/easylogging++.cpp:17:
#26 4.445 In function ‘size_t wcstombs(char*, const wchar_t*, size_t)’,
#26 4.445     inlined from ‘static char* el::base::utils::Str::wcharPtrToCharPtr(const wchar_t*)’ at src/easylogging++.cpp:1022:16:
#26 4.445 /usr/include/aarch64-linux-gnu/bits/stdlib.h:146:10: warning: ‘size_t __wcstombs_alias(char*, const wchar_t*, size_t)’ specified size 18446744073709551614 exceeds maximum object size 9223372036854775807 [-Wstringop-overflow=]
#26 4.445   146 |   return __glibc_fortify (wcstombs, __len, sizeof (char),
#26 4.445       |          ^~~~~~~~~~~~~~~
#26 4.445 /usr/include/aarch64-linux-gnu/bits/stdlib.h: In static member function ‘static char* el::base::utils::Str::wcharPtrToCharPtr(const wchar_t*)’:
#26 4.445 /usr/include/aarch64-linux-gnu/bits/stdlib.h:131:15: note: in a call to function ‘size_t __wcstombs_alias(char*, const wchar_t*, size_t)’ declared with attribute ‘access (read_only, 2)’
#26 4.445   131 | extern size_t __REDIRECT_NTH (__wcstombs_alias,
#26 4.445       |               ^~~~~~~~~~~~~~
#26 4.569 In function ‘size_t wcstombs(char*, const wchar_t*, size_t)’,
#26 4.569     inlined from ‘static char* el::base::utils::Str::wcharPtrToCharPtr(const wchar_t*)’ at src/easylogging++.cpp:1022:16,
#26 4.569     inlined from ‘el::base::MessageBuilder& el::base::MessageBuilder::operator<<(const wchar_t*)’ at src/easylogging++.cpp:2520:52:
#26 4.569 /usr/include/aarch64-linux-gnu/bits/stdlib.h:146:10: warning: ‘size_t __wcstombs_alias(char*, const wchar_t*, size_t)’ specified size 18446744073709551614 exceeds maximum object size 9223372036854775807 [-Wstringop-overflow=]
#26 4.569   146 |   return __glibc_fortify (wcstombs, __len, sizeof (char),
#26 4.569       |          ^~~~~~~~~~~~~~~
#26 4.569 /usr/include/aarch64-linux-gnu/bits/stdlib.h: In member function ‘el::base::MessageBuilder& el::base::MessageBuilder::operator<<(const wchar_t*)’:
#26 4.569 /usr/include/aarch64-linux-gnu/bits/stdlib.h:131:15: note: in a call to function ‘size_t __wcstombs_alias(char*, const wchar_t*, size_t)’ declared with attribute ‘access (read_only, 2)’
#26 4.569   131 | extern size_t __REDIRECT_NTH (__wcstombs_alias,
#26 4.569       |               ^~~~~~~~~~~~~~
#26 4.737 g++ -std=c++11 -I. -O3 -include config.h -DDOCTEST_CONFIG_DISABLE -fopenmp  -c src/error_model.cpp -o obj/error_model.o
#26 5.038 g++ -std=c++11 -I. -O3 -include config.h -DDOCTEST_CONFIG_DISABLE -fopenmp  -c src/execute.cpp -o obj/execute.o
#26 5.719 g++ -std=c++11 -I. -O3 -include config.h -DDOCTEST_CONFIG_DISABLE -fopenmp  -c src/gamma.cpp -o obj/gamma.o
#26 5.900 g++ -std=c++11 -I. -O3 -include config.h -DDOCTEST_CONFIG_DISABLE -fopenmp  -c src/gamma_core.cpp -o obj/gamma_core.o
#26 6.052 g++ -std=c++11 -I. -O3 -include config.h -DDOCTEST_CONFIG_DISABLE -fopenmp  -c src/gene_family.cpp -o obj/gene_family.o
#26 6.204 src/gamma_core.cpp: In member function ‘std::vector<double> gamma_model::get_posterior_probabilities(std::vector<double>)’:
#26 6.204 src/gamma_core.cpp:106:93: warning: ‘std::binder2nd<_Operation> std::bind2nd(const _Operation&, const _Tp&) [with _Operation = divides<double>; _Tp = double]’ is deprecated: use 'std::bind' instead [-Wdeprecated-declarations]
#26 6.204   106 |     transform(numerators.begin(), numerators.end(), posterior_probabilities.begin(), bind2nd(divides<double>(), denominator));
#26 6.204       |                                                                                      ~~~~~~~^~~~~~~~~~~~~~~~~~~~~~~~~~~~~~~~
#26 6.204 In file included from /usr/include/c++/13/bits/stl_function.h:1438,
#26 6.204                  from /usr/include/c++/13/string:49,
#26 6.204                  from /usr/include/c++/13/bits/locale_classes.h:40,
#26 6.204                  from /usr/include/c++/13/bits/ios_base.h:41,
#26 6.204                  from /usr/include/c++/13/iomanip:42,
#26 6.204                  from src/gamma_core.cpp:3:
#26 6.204 /usr/include/c++/13/backward/binders.h:172:5: note: declared here
#26 6.204   172 |     bind2nd(const _Operation& __fn, const _Tp& __x)
#26 6.204       |     ^~~~~~~
#26 6.389 g++ -std=c++11 -I. -O3 -include config.h -DDOCTEST_CONFIG_DISABLE -fopenmp  -c src/gene_family_reconstructor.cpp -o obj/gene_family_reconstructor.o
#26 7.180 g++ -std=c++11 -I. -O3 -include config.h -DDOCTEST_CONFIG_DISABLE -fopenmp  -c src/io.cpp -o obj/io.o
#26 7.703 g++ -std=c++11 -I. -O3 -include config.h -DDOCTEST_CONFIG_DISABLE -fopenmp  -c src/lambda.cpp -o obj/lambda.o
#26 7.844 g++ -std=c++11 -I. -O3 -include config.h -DDOCTEST_CONFIG_DISABLE -fopenmp  -c src/likelihood_ratio.cpp -o obj/likelihood_ratio.o
#26 8.017 g++ -std=c++11 -I. -O3 -include config.h -DDOCTEST_CONFIG_DISABLE -fopenmp  -c src/matrix_cache.cpp -o obj/matrix_cache.o
#26 8.360 g++ -std=c++11 -I. -O3 -include config.h -DDOCTEST_CONFIG_DISABLE -fopenmp  -c src/newick_ape_loader.cpp -o obj/newick_ape_loader.o
#26 8.445 g++ -std=c++11 -I. -O3 -include config.h -DDOCTEST_CONFIG_DISABLE -fopenmp  -c src/optimizer.cpp -o obj/optimizer.o
#26 8.870 g++ -std=c++11 -I. -O3 -include config.h -DDOCTEST_CONFIG_DISABLE -fopenmp  -c src/optimizer_scorer.cpp -o obj/optimizer_scorer.o
#26 9.195 g++ -std=c++11 -I. -O3 -include config.h -DDOCTEST_CONFIG_DISABLE -fopenmp  -c src/poisson.cpp -o obj/poisson.o
#26 9.367 g++ -std=c++11 -I. -O3 -include config.h -DDOCTEST_CONFIG_DISABLE -fopenmp  -c src/probability.cpp -o obj/probability.o
#26 9.592 g++ -std=c++11 -I. -O3 -include config.h -DDOCTEST_CONFIG_DISABLE -fopenmp  -c src/report.cpp -o obj/report.o
#26 10.48 g++ -std=c++11 -I. -O3 -include config.h -DDOCTEST_CONFIG_DISABLE -fopenmp  -c src/root_equilibrium_distribution.cpp -o obj/root_equilibrium_distribution.o
#26 10.71 g++ -std=c++11 -I. -O3 -include config.h -DDOCTEST_CONFIG_DISABLE -fopenmp  -c src/simulator.cpp -o obj/simulator.o
#26 11.03 g++ -std=c++11 -I. -O3 -include config.h -DDOCTEST_CONFIG_DISABLE -fopenmp  -c src/user_data.cpp -o obj/user_data.o
#26 11.49 g++ -std=c++11 -I. -O3 -include config.h -DDOCTEST_CONFIG_DISABLE -fopenmp -c main.cpp -o obj/main.o
#26 11.85 g++ -std=c++11 -O3 -fopenmp -o bin/cafe5 -I. obj/base_model.o obj/cafexp.o obj/clade.o obj/core.o obj/easylogging++.o obj/error_model.o obj/execute.o obj/gamma.o obj/gamma_core.o obj/gene_family.o obj/gene_family_reconstructor.o obj/io.o obj/lambda.o obj/likelihood_ratio.o obj/matrix_cache.o obj/newick_ape_loader.o obj/optimizer.o obj/optimizer_scorer.o obj/poisson.o obj/probability.o obj/report.o obj/root_equilibrium_distribution.o obj/simulator.o obj/user_data.o obj/main.o -lm
#26 11.90 [install_nonconda_fallbacks] Installed cafe5 to /usr/local/bin/cafe5
#26 11.90 [install_nonconda_fallbacks] Building mapnh from BioPP/testnh v2.3.2 in /tmp/tmp.QADSZDk5ey
#26 11.91   % Total    % Received % Xferd  Average Speed  Time    Time    Time   Current
#26 11.91                                  Dload  Upload  Total   Spent   Left   Speed
#26 11.91
  0      0   0      0   0      0      0      0                              0
100  2.70M   0  2.70M   0      0  2.67M      0           00:01          2.67M
100  6.54M   0  6.54M   0      0  3.14M      0           00:02          3.14M
100  7.58M   0  7.58M   0      0  3.24M      0           00:02          3.14M
100  7.58M   0  7.58M   0      0  3.24M      0           00:02          3.14M
100  7.58M   0  7.58M   0      0  3.24M      0           00:02          3.14M
#26 14.58 CMake Deprecation Warning at CMakeLists.txt:7 (cmake_minimum_required):
#26 14.58   Compatibility with CMake < 3.5 will be removed from a future version of
#26 14.58   CMake.
#26 14.58
#26 14.58   Update the VERSION argument <min> value or use a ...<max> suffix to tell
#26 14.58   CMake that the project does not need compatibility with older versions.
#26 14.58
#26 14.58
#26 14.62 -- The CXX compiler identification is GNU 13.3.0
#26 14.63 -- Detecting CXX compiler ABI info
#26 14.69 -- Detecting CXX compiler ABI info - done
#26 14.69 -- Check for working CXX compiler: /usr/bin/c++ - skipped
#26 14.69 -- Detecting CXX compile features
#26 14.69 -- Detecting CXX compile features - done
#26 14.70 -- Found /usr/bin/gzip compression program, using file extension .gz
#26 14.70 -- bpp-core 4.1.0 found:
#26 14.70 --   static lib: /usr/lib/aarch64-linux-gnu/libbpp-core.a
#26 14.70 --   shared lib: /usr/lib/aarch64-linux-gnu/libbpp-core.so.4.1.0
#26 14.70 --   includes: /usr/include
#26 14.70 -- bpp-seq 12.0.0 found:
#26 14.70 --   static lib: /usr/lib/aarch64-linux-gnu/libbpp-seq.a
#26 14.70 --   shared lib: /usr/lib/aarch64-linux-gnu/libbpp-seq.so.12.0.0
#26 14.70 --   includes: /usr/include
#26 14.71 -- bpp-phyl 12.0.0 found:
#26 14.71 --   static lib: /usr/lib/aarch64-linux-gnu/libbpp-phyl.a
#26 14.71 --   shared lib: /usr/lib/aarch64-linux-gnu/libbpp-phyl.so.12.0.0
#26 14.71 --   includes: /usr/include
#26 14.71 -- makeinfo program not found: 'info' and 'html' target disabled (builds info/html doc)
#26 14.71 -- Configuring done (0.1s)
#26 14.71 CMake Warning (dev) at CMakeLists.txt:119 (ADD_DEPENDENCIES):
#26 14.71   Policy CMP0046 is not set: Error on non-existent dependency in
#26 14.71   add_dependencies.  Run "cmake --help-policy CMP0046" for policy details.
#26 14.71   Use the cmake_policy command to set the policy and suppress this warning.
#26 14.71
#26 14.71   The dependency target "info" of target "deb" does not exist.
#26 14.71 This warning is for project developers.  Use -Wno-dev to suppress it.
#26 14.71
#26 14.71 CMake Warning (dev) at CMakeLists.txt:123 (ADD_DEPENDENCIES):
#26 14.71   Policy CMP0046 is not set: Error on non-existent dependency in
#26 14.71   add_dependencies.  Run "cmake --help-policy CMP0046" for policy details.
#26 14.71   Use the cmake_policy command to set the policy and suppress this warning.
#26 14.71
#26 14.71   The dependency target "info" of target "rpm" does not exist.
#26 14.71 This warning is for project developers.  Use -Wno-dev to suppress it.
#26 14.71
#26 14.72 -- Generating done (0.0s)
#26 14.72 -- Build files have been written to: /tmp/tmp.QADSZDk5ey/testnh/build
#26 14.74 [ 33%] Building CXX object TestNH/CMakeFiles/mapnh.dir/MapNH.cpp.o
#26 14.74 [ 66%] Building CXX object TestNH/CMakeFiles/mapnh.dir/MultinomialClustering.cpp.o
#26 15.02 In file included from /tmp/tmp.QADSZDk5ey/testnh/TestNH/MultinomialClustering.cpp:1:
#26 15.02 /tmp/tmp.QADSZDk5ey/testnh/TestNH/MultinomialClustering.h:208:46: warning: dynamic exception specifications are deprecated in C++11 [-Wdeprecated]
#26 15.02   208 |                 vector<size_t> getBestPair() throw (Exception);
#26 15.02       |                                              ^~~~~
#26 15.04 /tmp/tmp.QADSZDk5ey/testnh/TestNH/MultinomialClustering.cpp:161:53: warning: dynamic exception specifications are deprecated in C++11 [-Wdeprecated]
#26 15.04   161 | vector<size_t> MultinomialClustering::getBestPair() throw (Exception)
#26 15.04       |                                                     ^~~~~
#26 15.05 In file included from /tmp/tmp.QADSZDk5ey/testnh/TestNH/MapNH.cpp:40:
#26 15.05 /tmp/tmp.QADSZDk5ey/testnh/TestNH/MultinomialClustering.h:208:46: warning: dynamic exception specifications are deprecated in C++11 [-Wdeprecated]
#26 15.05   208 |                 vector<size_t> getBestPair() throw (Exception);
#26 15.05       |                                              ^~~~~
#26 17.55 [100%] Linking CXX executable mapnh
#26 17.61 [100%] Built target mapnh
#26 17.65 [install_nonconda_fallbacks] Installed mapnh to /usr/local/bin/mapnh
#26 17.65 [install_nonconda_fallbacks] Installed astral-hybrid compatibility wrapper
#26 17.65 [install_nonconda_fallbacks] Ensuring CRAN packages in 'base' with 2 job(s): Rtsne
#26 19.46 [install_nonconda_fallbacks] Verifying plotting packages are available in 'base'
#26 DONE 21.4s

#27 [source-builder 1/3] COPY container/source_branches.env /opt/pg/source_branches.env
#27 DONE 0.0s

#28 [source-builder 2/3] COPY container/scripts/resolve_git_branch_sha.sh /opt/pg/scripts/resolve_git_branch_sha.sh
#28 DONE 0.0s

#29 [source-builder 3/3] COPY container/scripts/build_source_artifact.sh /opt/pg/scripts/build_source_artifact.sh
#29 DONE 0.0s

#30 [iqtree-build 1/2] COPY container/scripts/build_iqtree_artifact.sh /opt/pg/scripts/build_iqtree_artifact.sh
#30 DONE 0.1s

#31 [amalgkit-build 1/1] RUN --mount=type=cache,target=/root/.cache/pip source /opt/pg/source_branches.env  && bash /opt/pg/scripts/build_source_artifact.sh python amalgkit       "https://github.com/kfuku52/amalgkit.git"       "21ce1417410ec05aea409370d496ce01896671d0"       /opt/pg/artifact
#31 0.111   % Total    % Received % Xferd  Average Speed  Time    Time    Time   Current
#31 0.111                                  Dload  Upload  Total   Spent   Left   Speed
#31 0.111
  0      0   0      0   0      0      0      0                              0
100  2.88M   0  2.88M   0      0  2.88M      0                          2.88M
100  3.82M   0  3.82M   0      0  2.86M      0           00:01          2.88M
100  3.82M   0  3.82M   0      0  2.85M      0           00:01          2.88M
100  3.82M   0  3.82M   0      0  2.85M      0           00:01          2.88M
#31 1.510 [fetch_git_repo] Fetched https://github.com/kfuku52/amalgkit.git@21ce1417410ec05aea409370d496ce01896671d0 via archive
#31 1.522 [source artifact] Building amalgkit at 21ce1417410ec05aea409370d496ce01896671d0 (python)
#31 ...

#32 [kffractbias-build 1/1] RUN --mount=type=cache,target=/root/.cache/pip source /opt/pg/source_branches.env  && bash /opt/pg/scripts/build_source_artifact.sh python kfFractBias       "https://github.com/kfuku52/kfFractBias.git"       "d19e658042e88f3c344a110f90f0981e10b11ff3"       /opt/pg/artifact
#32 0.109   % Total    % Received % Xferd  Average Speed  Time    Time    Time   Current
#32 0.109                                  Dload  Upload  Total   Spent   Left   Speed
#32 0.109
  0      0   0      0   0      0      0      0                              0
100 251.1k   0 251.1k   0      0 722.5k      0                              0
100 251.1k   0 251.1k   0      0 722.4k      0                              0
100 251.1k   0 251.1k   0      0 722.4k      0                              0
#32 0.466 [fetch_git_repo] Fetched https://github.com/kfuku52/kfFractBias.git@d19e658042e88f3c344a110f90f0981e10b11ff3 via archive
#32 0.470 [source artifact] Building kfFractBias at d19e658042e88f3c344a110f90f0981e10b11ff3 (python)
#32 1.545 Processing ./tmp.eJIE8QzcBG/source
#32 1.547   Preparing metadata (pyproject.toml): started
#32 1.861   Preparing metadata (pyproject.toml): finished with status 'done'
#32 1.863 Building wheels for collected packages: kffractbias
#32 1.864   Building wheel for kffractbias (pyproject.toml): started
#32 2.061   Building wheel for kffractbias (pyproject.toml): finished with status 'done'
#32 2.062   Created wheel for kffractbias: filename=kffractbias-0.2.0.dev0-py3-none-any.whl size=41433 sha256=81023a35286d063f710a29e37f490dbc9c6c95474d5d9b3392149643989dae18
#32 2.064   Stored in directory: /tmp/pip-ephem-wheel-cache-wikdx828/wheels/9f/0b/04/8abfdbd7f36fcb4026ada5c4a14c368332b047ddad2fb06703
#32 2.068 Successfully built kffractbias
#32 DONE 2.2s

#33 [kftools-build 1/1] RUN --mount=type=cache,target=/root/.cache/pip source /opt/pg/source_branches.env  && bash /opt/pg/scripts/build_source_artifact.sh python kftools       "https://github.com/kfuku52/kftools.git"       "715ecaa37c7c0662780785c36657770afd4f0ca2"       /opt/pg/artifact
#33 0.089   % Total    % Received % Xferd  Average Speed  Time    Time    Time   Current
#33 0.090                                  Dload  Upload  Total   Spent   Left   Speed
#33 0.090
  0      0   0      0   0      0      0      0                              0
100 177.2k   0 177.2k   0      0 383.4k      0                              0
100 177.2k   0 177.2k   0      0 383.4k      0                              0
100 177.2k   0 177.2k   0      0 383.4k      0                              0
#33 0.560 [fetch_git_repo] Fetched https://github.com/kfuku52/kftools.git@715ecaa37c7c0662780785c36657770afd4f0ca2 via archive
#33 0.562 [source artifact] Building kftools at 715ecaa37c7c0662780785c36657770afd4f0ca2 (python)
#33 1.596 Processing ./tmp.shiVtVpXud/source
#33 1.597   Preparing metadata (pyproject.toml): started
#33 1.870   Preparing metadata (pyproject.toml): finished with status 'done'
#33 1.872 Building wheels for collected packages: kftools
#33 1.873   Building wheel for kftools (pyproject.toml): started
#33 2.078   Building wheel for kftools (pyproject.toml): finished with status 'done'
#33 2.078   Created wheel for kftools: filename=kftools-0.6.3-py3-none-any.whl size=49953 sha256=41d5d1394da5be9f65b554bca8e9c36deb7a6441362e2465d638fbf2f6b1e92f
#33 2.078   Stored in directory: /tmp/pip-ephem-wheel-cache-9wrn1wvy/wheels/79/4c/73/7faab510cfdddcda0e1ffb2f059566f729ef03140ce0826acd
#33 2.080 Successfully built kftools
#33 DONE 2.2s

#34 [cdskit-build 1/1] RUN --mount=type=cache,target=/root/.cache/pip source /opt/pg/source_branches.env  && bash /opt/pg/scripts/build_source_artifact.sh python cdskit       "https://github.com/kfuku52/cdskit.git"       "f7ee05ea43451929da1db4d32e4f6cb5c02719ec"       /opt/pg/artifact
#34 0.117   % Total    % Received % Xferd  Average Speed  Time    Time    Time   Current
#34 0.117                                  Dload  Upload  Total   Spent   Left   Speed
#34 0.117
  0      0   0      0   0      0      0      0                              0
100  1.93M   0  1.93M   0      0  3.17M      0                              0
100  1.93M   0  1.93M   0      0  3.17M      0                              0
100  1.93M   0  1.93M   0      0  3.17M      0                              0
#34 0.791 [fetch_git_repo] Fetched https://github.com/kfuku52/cdskit.git@f7ee05ea43451929da1db4d32e4f6cb5c02719ec via archive
#34 0.795 [source artifact] Building cdskit at f7ee05ea43451929da1db4d32e4f6cb5c02719ec (python)
#34 1.884 Processing ./tmp.dmYdjwSlzr/source
#34 1.885   Preparing metadata (pyproject.toml): started
#34 2.128   Preparing metadata (pyproject.toml): finished with status 'done'
#34 2.132 Building wheels for collected packages: cdskit
#34 2.133   Building wheel for cdskit (pyproject.toml): started
#34 2.376   Building wheel for cdskit (pyproject.toml): finished with status 'done'
#34 2.376   Created wheel for cdskit: filename=cdskit-0.31.1-py3-none-any.whl size=365057 sha256=d0e8bc54a1414c5ce63621c2ee964f21fb71c9ed84f8aaa8bfc56cf97cc7f7b8
#34 2.376   Stored in directory: /tmp/pip-ephem-wheel-cache-hjdsbqfc/wheels/e6/28/cf/201742c27c61dc34e177f52665983178d75f777e7935497ac3
#34 2.378 Successfully built cdskit
#34 DONE 2.4s

#35 [busco-build 1/1] RUN --mount=type=cache,target=/root/.cache/pip source /opt/pg/source_branches.env  && bash /opt/pg/scripts/build_source_artifact.sh python BUSCO       "https://gitlab.com/ezlab/busco.git"       "cd071053c38c5060f75d0b370cb66c4edc8e59a1"       /opt/pg/artifact ""
#35 0.113   % Total    % Received % Xferd  Average Speed  Time    Time    Time   Current
#35 0.113                                  Dload  Upload  Total   Spent   Left   Speed
#35 0.113
  0      0   0      0   0      0      0      0                              0
100 406.4k   0 406.4k   0      0 609.2k      0                              0
100 406.4k   0 406.4k   0      0 609.1k      0                              0
100 406.4k   0 406.4k   0      0 609.1k      0                              0
#35 0.794 [fetch_git_repo] Fetched https://gitlab.com/ezlab/busco.git@cd071053c38c5060f75d0b370cb66c4edc8e59a1 via archive
#35 0.797 [source artifact] Building BUSCO at cd071053c38c5060f75d0b370cb66c4edc8e59a1 (python)
#35 1.934 Processing ./tmp.C6WMH7DDl7/source
#35 1.935   Preparing metadata (pyproject.toml): started
#35 2.053   Preparing metadata (pyproject.toml): finished with status 'done'
#35 2.056 Building wheels for collected packages: BUSCO
#35 2.056   Building wheel for BUSCO (pyproject.toml): started
#35 2.396   Building wheel for BUSCO (pyproject.toml): finished with status 'done'
#35 2.398   Created wheel for BUSCO: filename=busco-6.1.0-py3-none-any.whl size=120237 sha256=bf5cf4353a4ff3e04b1b8c7b05e81aef2c1842c47625e1e3c03e8d566ab94870
#35 2.398   Stored in directory: /tmp/pip-ephem-wheel-cache-4sk6ilbq/wheels/02/29/37/9440c8158d4d20c177356d6153aa059b1293f8c84c17a0ef54
#35 2.398 Successfully built BUSCO
#35 DONE 2.4s

#36 [paml-build 1/1] RUN source /opt/pg/source_branches.env  && bash /opt/pg/scripts/build_source_artifact.sh paml paml       "https://github.com/iqtree/paml.git"       "8daeead6b55523f375d9ac56dcfac38373ef8a2e"       /opt/pg/artifact
#36 0.079   % Total    % Received % Xferd  Average Speed  Time    Time    Time   Current
#36 0.079                                  Dload  Upload  Total   Spent   Left   Speed
#36 0.079
  0      0   0      0   0      0      0      0                              0
100 600.0k   0 600.0k   0      0 576.9k      0           00:01         577.4k
100  3.73M   0  3.73M   0      0  1.89M      0           00:01         577.4k
100  3.73M   0  3.73M   0      0  1.88M      0           00:01         577.4k
100  3.73M   0  3.73M   0      0  1.88M      0           00:01         577.4k
#36 2.140 [fetch_git_repo] Fetched https://github.com/iqtree/paml.git@8daeead6b55523f375d9ac56dcfac38373ef8a2e via archive
#36 2.240 [source artifact] Building paml at 8daeead6b55523f375d9ac56dcfac38373ef8a2e (paml)
#36 2.241 make: Entering directory '/tmp/tmp.zq4SIEmLF7/source/src'
#36 2.241 gcc  -O3 -Wall -Wno-unused-variable -Wno-unused-result  -c mcmctree.c
#36 2.241 gcc  -O3 -Wall -Wno-unused-variable -Wno-unused-result  -c tools.c
#36 ...

#37 [rkftools-build 1/1] RUN source /opt/pg/source_branches.env  && bash /opt/pg/scripts/build_source_artifact.sh r rkftools       "https://github.com/kfuku52/rkftools.git"       "e4a0456c6651914b299d5b96404d399a21077658"       /opt/pg/artifact
#37 0.083   % Total    % Received % Xferd  Average Speed  Time    Time    Time   Current
#37 0.084                                  Dload  Upload  Total   Spent   Left   Speed
#37 0.084
  0      0   0      0   0      0      0      0                              0
100 481.8k   0 481.8k   0      0  1.19M      0                              0
100 481.8k   0 481.8k   0      0  1.18M      0                              0
100 481.8k   0 481.8k   0      0  1.18M      0                              0
#37 0.489 [fetch_git_repo] Fetched https://github.com/kfuku52/rkftools.git@e4a0456c6651914b299d5b96404d399a21077658 via archive
#37 0.492 [source artifact] Building rkftools at e4a0456c6651914b299d5b96404d399a21077658 (r)
#37 1.502 * installing *source* package ‘rkftools’ ...
#37 1.502 ** using staged installation
#37 1.516 ** R
#37 1.532 ** byte-compile and prepare package for lazy loading
#37 2.484 ** help
#37 2.526 *** installing help indices
#37 2.556 *** copying figures
#37 2.557 ** building package indices
#37 2.673 ** testing if installed package can be loaded from temporary location
#37 2.759 ** testing if installed package can be loaded from final location
#37 2.855 ** testing if installed package keeps a record of temporary installation path
#37 2.857 * DONE (rkftools)
#37 DONE 2.9s

#31 [amalgkit-build 1/1] RUN --mount=type=cache,target=/root/.cache/pip source /opt/pg/source_branches.env  && bash /opt/pg/scripts/build_source_artifact.sh python amalgkit       "https://github.com/kfuku52/amalgkit.git"       "21ce1417410ec05aea409370d496ce01896671d0"       /opt/pg/artifact
#31 2.650 Processing ./tmp.dafb7kQ9YO/source
#31 2.652   Preparing metadata (pyproject.toml): started
#31 2.903   Preparing metadata (pyproject.toml): finished with status 'done'
#31 2.905 Building wheels for collected packages: amalgkit
#31 2.906   Building wheel for amalgkit (pyproject.toml): started
#31 3.215   Building wheel for amalgkit (pyproject.toml): finished with status 'done'
#31 3.218   Created wheel for amalgkit: filename=amalgkit-0.16.88-py3-none-any.whl size=3144114 sha256=7f2a8483fa179456f986206a6adfb16cfb7f2a9eed157642e7f07bdf015e4087
#31 3.218   Stored in directory: /tmp/pip-ephem-wheel-cache-7e5vlbgr/wheels/c4/0f/eb/a8170fb878b78f2dc7bfb32b2389dc77e8ea9c1dd4bb5d515e
#31 3.220 Successfully built amalgkit
#31 DONE 3.3s

#38 [csubst-build 1/1] RUN --mount=type=cache,target=/root/.cache/pip source /opt/pg/source_branches.env  && bash /opt/pg/scripts/build_source_artifact.sh python csubst       "https://github.com/kfuku52/csubst.git"       "6963896534dade8cd33c28271f83dc8d1b52b890"       /opt/pg/artifact
#38 0.085   % Total    % Received % Xferd  Average Speed  Time    Time    Time   Current
#38 0.086                                  Dload  Upload  Total   Spent   Left   Speed
#38 0.086
  0      0   0      0   0      0      0      0                              0
100  4.26M   0  4.26M   0      0  4.27M      0                          4.26M
100 17.27M   0 17.27M   0      0  8.61M      0           00:02          8.61M
100 29.97M   0 29.97M   0      0  9.95M      0           00:03          9.96M
100 36.54M   0 36.54M   0      0 10.35M      0           00:03          9.96M
100 36.54M   0 36.54M   0      0 10.35M      0           00:03          9.96M
100 36.54M   0 36.54M   0      0 10.35M      0           00:03          9.96M
#38 4.164 [fetch_git_repo] Fetched https://github.com/kfuku52/csubst.git@6963896534dade8cd33c28271f83dc8d1b52b890 via archive
#38 4.174 [source artifact] Building csubst at 6963896534dade8cd33c28271f83dc8d1b52b890 (python)
#38 5.142 Processing ./tmp.gslYozQRbS/source
#38 5.143   Preparing metadata (pyproject.toml): started
#38 ...

#39 [iqtree-build 2/2] RUN source /opt/pg/source_branches.env  && bash /opt/pg/scripts/build_iqtree_artifact.sh library       "https://github.com/iqtree/iqtree3.git"       "63c330d90dd02241dbbbaf1e9f9e9cc6dadbd1de"       /opt/pg/artifact
#39 5.530 From https://github.com/iqtree/iqtree3
#39 5.530  * branch            63c330d90dd02241dbbbaf1e9f9e9cc6dadbd1de -> FETCH_HEAD
#39 5.835 Submodule 'cmaple' (https://github.com/trongnhanuit/cmaple.git) registered for path 'cmaple'
#39 5.835 Submodule 'lsd2' (https://github.com/tothuhien/lsd2.git) registered for path 'lsd2'
#39 5.837 Cloning into '/opt/pg/artifact/build/source/cmaple'...
#39 7.162 Cloning into '/opt/pg/artifact/build/source/lsd2'...
#39 8.164 Submodule path 'cmaple': checked out '3d45b1ab68e2d68a2825bf17a531e22200578cd6'
#39 8.186 Submodule path 'lsd2': checked out 'c61110f3a4fa05325b45c97b2134792ff9d55d4c'
#39 8.246 -- The C compiler identification is GNU 13.3.0
#39 8.287 -- The CXX compiler identification is GNU 13.3.0
#39 8.300 -- Detecting C compiler ABI info
#39 8.349 -- Detecting C compiler ABI info - done
#39 8.354 -- Check for working C compiler: /usr/bin/cc - skipped
#39 8.355 -- Detecting C compile features
#39 8.355 -- Detecting C compile features - done
#39 8.361 -- Detecting CXX compiler ABI info
#39 8.415 -- Detecting CXX compiler ABI info - done
#39 8.420 -- Check for working CXX compiler: /usr/bin/c++ - skipped
#39 8.420 -- Detecting CXX compile features
#39 8.421 -- Detecting CXX compile features - done
#39 8.441 -- Found Boost: /usr/lib/aarch64-linux-gnu/cmake/Boost-1.83.0/BoostConfig.cmake (found version "1.83.0")
#39 8.442 -- Looking for gettimeofday
#39 8.485 -- Looking for gettimeofday - found
#39 8.486 -- Looking for getrusage
#39 8.536 -- Looking for getrusage - found
#39 8.537 -- Looking for GlobalMemoryStatusEx
#39 8.597 -- Looking for GlobalMemoryStatusEx - not found
#39 8.597 -- Looking for strndup
#39 8.638 -- Looking for strndup - found
#39 8.638 -- Looking for strtok_r
#39 8.682 -- Looking for strtok_r - found
#39 8.682 -- Looking for unistd.h
#39 8.737 -- Looking for unistd.h - found
#39 8.745 -- Looking for backtrace
#39 8.790 -- Looking for backtrace - found
#39 8.790 -- backtrace facility detected in default set of libraries
#39 8.790 -- Found Backtrace: /usr/include
#39 8.791 IQ-TREE flags :
#39 8.791 Build mode   : Release
#39 8.791 Build lib    : OFF
#39 8.792 Unix/Linux ARM64 DETECTED!
#39 8.792 Integrate CMAPLE: ON
#39 8.792 Integrate CMAPLE_AA: OFF
#39 8.792 Compile Rust Dependencies: OFF
#39 8.792 Build IQTREE library: OFF
#39 8.792 Target OS     : Unix
#39 8.792 Compiler      : GNU Compiler (gcc)
#39 8.792 Compiler version: 13.3.0
#39 8.792 Target binary : 64-bit
#39 8.792 OpenMP        : Yes
#39 8.792 GCC: linking bundled LLVM libomp instead of libgomp (/opt/pg/artifact/build/source/liblinux_arm/libomp.a)
#39 8.792 MPI           : NONE
#39 8.792 C flags       :  -pthread  -O2 -g -ffunction-sections -fdata-sections
#39 8.792 CXX flags     :  -pthread  -O2 -g -ffunction-sections -fdata-sections
#39 8.792 LINKER flags  :  -rdynamic  -Wl,--gc-sections
#39 8.806 -- Found ZLIB: /usr/lib/aarch64-linux-gnu/libz.so (found version "1.3")
#39 8.806 Using system zlib
#39 8.813 No clang-tidy (USE_CLANG_TIDY=OFF)
#39 8.813 Build mode   : Release
#39 8.813 Target OS     : Unix
#39 8.813 OpenMP        : Yes
#39 8.813 C flags       :  -pthread  -O2 -g -ffunction-sections -fdata-sections
#39 8.813 CXX flags     :  -pthread  -fopenmp -O2 -g -ffunction-sections -fdata-sections
#39 8.813 LINKER flags  :  -rdynamic -rdynamic  -Wl,--gc-sections
#39 8.816 Using system zlib
#39 ...

#38 [csubst-build 1/1] RUN --mount=type=cache,target=/root/.cache/pip source /opt/pg/source_branches.env  && bash /opt/pg/scripts/build_source_artifact.sh python csubst       "https://github.com/kfuku52/csubst.git"       "6963896534dade8cd33c28271f83dc8d1b52b890"       /opt/pg/artifact
#38 9.095   Preparing metadata (pyproject.toml): finished with status 'done'
#38 9.097 Building wheels for collected packages: csubst
#38 9.098   Building wheel for csubst (pyproject.toml): started
#38 ...

#40 [nwkit-build 1/1] RUN --mount=type=cache,target=/root/.cache/pip source /opt/pg/source_branches.env  && bash /opt/pg/scripts/build_source_artifact.sh python nwkit       "https://github.com/kfuku52/nwkit.git"       "1996588e561d10aebc47c4daf90be836bbebd315"       /opt/pg/artifact
#40 0.088   % Total    % Received % Xferd  Average Speed  Time    Time    Time   Current
#40 0.088                                  Dload  Upload  Total   Spent   Left   Speed
#40 0.088
  0      0   0      0   0      0      0      0                              0
100  4.44M   0  4.44M   0      0  4.44M      0           00:01          4.44M
100 11.12M   0 11.12M   0      0  5.55M      0           00:02          5.55M
100 19.34M   0 19.34M   0      0  6.44M      0           00:03          6.44M
100 30.91M   0 30.91M   0      0  7.72M      0           00:04          7.72M
100 46.29M   0 46.29M   0      0  9.25M      0           00:05          9.25M
100 67.56M   0 67.56M   0      0 11.25M      0           00:06         12.61M
100 84.47M   0 84.47M   0      0 12.71M      0           00:06         12.61M
100 84.47M   0 84.47M   0      0 12.70M      0           00:06         12.61M
100 84.47M   0 84.47M   0      0 12.70M      0           00:06         12.61M
#40 7.565 [fetch_git_repo] Fetched https://github.com/kfuku52/nwkit.git@1996588e561d10aebc47c4daf90be836bbebd315 via archive
#40 7.574 [source artifact] Building nwkit at 1996588e561d10aebc47c4daf90be836bbebd315 (python)
#40 8.670 Processing ./tmp.vYIrjkVAz5/source
#40 8.671   Preparing metadata (pyproject.toml): started
#40 8.993   Preparing metadata (pyproject.toml): finished with status 'done'
#40 8.996 Building wheels for collected packages: nwkit
#40 8.997   Building wheel for nwkit (pyproject.toml): started
#40 9.330   Building wheel for nwkit (pyproject.toml): finished with status 'done'
#40 9.331   Created wheel for nwkit: filename=nwkit-0.43.16-py3-none-any.whl size=1030182 sha256=314652d96f37c40f381a22211622dcdd6afee9c3a56cc5551f1c596c6bbd651c
#40 9.331   Stored in directory: /tmp/pip-ephem-wheel-cache-26v0wrtg/wheels/d5/8b/07/08379151819790fee16dc84624e3ae2bd25ae076872a0ff320
#40 9.334 Successfully built nwkit
#40 DONE 9.7s

#36 [paml-build 1/1] RUN source /opt/pg/source_branches.env  && bash /opt/pg/scripts/build_source_artifact.sh paml paml       "https://github.com/iqtree/paml.git"       "8daeead6b55523f375d9ac56dcfac38373ef8a2e"       /opt/pg/artifact
#36 4.949 gcc  -O3 -Wall -Wno-unused-variable -Wno-unused-result  -o mcmctree mcmctree.c tools.o -lm
#36 7.651 gcc  -O3 -Wall -Wno-unused-variable -Wno-unused-result  -o infinitesites -D INFINITESITES mcmctree.c tools.o -lm
#36 ...

#39 [iqtree-build 2/2] RUN source /opt/pg/source_branches.env  && bash /opt/pg/scripts/build_iqtree_artifact.sh library       "https://github.com/iqtree/iqtree3.git"       "63c330d90dd02241dbbbaf1e9f9e9cc6dadbd1de"       /opt/pg/artifact
#39 9.789 -- Found Python: /opt/conda/bin/python3 (found version "3.12.14") found components: Interpreter
#39 9.791 -- Performing Test CMAKE_HAVE_LIBC_PTHREAD
#39 9.838 -- Performing Test CMAKE_HAVE_LIBC_PTHREAD - Success
#39 9.839 -- Found Threads: TRUE
#39 9.853 -- Performing Test FLAG_WEXTRA
#39 9.946 -- Performing Test FLAG_WEXTRA - Success
#39 9.953 -- clang-tidy not found.
#39 9.961 -- Configuring done (1.8s)
#39 10.02 -- Generating done (0.0s)
#39 10.02 -- Build files have been written to: /opt/pg/artifact/build/cli
#39 10.05 [  1%] Building CXX object CMakeFiles/kernelsse.dir/tree/phylokernelsse.cpp.o
#39 10.05 [  1%] Building CXX object lsd2/CMakeFiles/lsd2.dir/src/confidence_interval.cpp.o
#39 ...

#36 [paml-build 1/1] RUN source /opt/pg/source_branches.env  && bash /opt/pg/scripts/build_source_artifact.sh paml paml       "https://github.com/iqtree/paml.git"       "8daeead6b55523f375d9ac56dcfac38373ef8a2e"       /opt/pg/artifact
#36 10.43 make: Leaving directory '/tmp/tmp.zq4SIEmLF7/source/src'
#36 DONE 10.5s

#39 [iqtree-build 2/2] RUN source /opt/pg/source_branches.env  && bash /opt/pg/scripts/build_iqtree_artifact.sh library       "https://github.com/iqtree/iqtree3.git"       "63c330d90dd02241dbbbaf1e9f9e9cc6dadbd1de"       /opt/pg/artifact
#39 11.72 [  1%] Building CXX object lsd2/CMakeFiles/lsd2.dir/src/dating.cpp.o
#39 12.58 [  2%] Building CXX object lsd2/CMakeFiles/lsd2.dir/src/estimate_root.cpp.o
#39 14.06 [  2%] Building CXX object lsd2/CMakeFiles/lsd2.dir/src/lsd.cpp.o
#39 15.06 [  2%] Building CXX object lsd2/CMakeFiles/lsd2.dir/src/options.cpp.o
#39 15.42 /opt/pg/artifact/build/source/lsd2/src/options.cpp: In function ‘Pr* getInterface()’:
#39 15.42 /opt/pg/artifact/build/source/lsd2/src/options.cpp:306:14: warning: ignoring return value of ‘char* fgets(char*, int, FILE*)’ declared with attribute ‘warn_unused_result’ [-Wunused-result]
#39 15.42   306 |         fgets(letter,3,stdin);
#39 15.42       |         ~~~~~^~~~~~~~~~~~~~~~
#39 15.42 /opt/pg/artifact/build/source/lsd2/src/options.cpp:311:22: warning: ignoring return value of ‘char* fgets(char*, int, FILE*)’ declared with attribute ‘warn_unused_result’ [-Wunused-result]
#39 15.42   311 |                 fgets( letter1, 3, stdin );
#39 15.42       |                 ~~~~~^~~~~~~~~~~~~~~~~~~~~
#39 15.42 /opt/pg/artifact/build/source/lsd2/src/options.cpp:338:10: warning: ignoring return value of ‘char* fgets(char*, int, FILE*)’ declared with attribute ‘warn_unused_result’ [-Wunused-result]
#39 15.42   338 |     fgets( letter, 3, stdin );
#39 15.42       |     ~~~~~^~~~~~~~~~~~~~~~~~~~
#39 15.42 /opt/pg/artifact/build/source/lsd2/src/options.cpp:342:14: warning: ignoring return value of ‘char* fgets(char*, int, FILE*)’ declared with attribute ‘warn_unused_result’ [-Wunused-result]
#39 15.42   342 |         fgets( letter, 3, stdin );
#39 15.42       |         ~~~~~^~~~~~~~~~~~~~~~~~~~
#39 15.43 /opt/pg/artifact/build/source/lsd2/src/options.cpp: In function ‘void setOptionsWithLetter(Pr*, char)’:
#39 15.43 /opt/pg/artifact/build/source/lsd2/src/options.cpp:872:22: warning: ignoring return value of ‘char* fgets(char*, int, FILE*)’ declared with attribute ‘warn_unused_result’ [-Wunused-result]
#39 15.43   872 |                 fgets(letter,3,stdin);
#39 15.43       |                 ~~~~~^~~~~~~~~~~~~~~~
#39 15.43 /opt/pg/artifact/build/source/lsd2/src/options.cpp:877:30: warning: ignoring return value of ‘char* fgets(char*, int, FILE*)’ declared with attribute ‘warn_unused_result’ [-Wunused-result]
#39 15.43   877 |                         fgets( letter1, 3, stdin );
#39 15.43       |                         ~~~~~^~~~~~~~~~~~~~~~~~~~~
#39 15.43 /opt/pg/artifact/build/source/lsd2/src/options.cpp:923:22: warning: ignoring return value of ‘char* fgets(char*, int, FILE*)’ declared with attribute ‘warn_unused_result’ [-Wunused-result]
#39 15.43   923 |                 fgets( letter, 3, stdin );
#39 15.43       |                 ~~~~~^~~~~~~~~~~~~~~~~~~~
#39 16.64 [  2%] Building CXX object lsd2/CMakeFiles/lsd2.dir/src/outliers.cpp.o
#39 18.03 [  3%] Building CXX object lsd2/CMakeFiles/lsd2.dir/src/readData.cpp.o
#39 19.27 [  3%] Building CXX object lsd2/CMakeFiles/lsd2.dir/src/utils.cpp.o
#39 ...

#41 [runtime-content  1/18] COPY --from=dependencies /opt/conda /opt/conda
#41 ...

#39 [iqtree-build 2/2] RUN source /opt/pg/source_branches.env  && bash /opt/pg/scripts/build_iqtree_artifact.sh library       "https://github.com/iqtree/iqtree3.git"       "63c330d90dd02241dbbbaf1e9f9e9cc6dadbd1de"       /opt/pg/artifact
#39 22.13 [  3%] Linking CXX static library liblsd2.a
#39 22.18 [  3%] Built target lsd2
#39 22.19 [  4%] Building C object booster/CMakeFiles/booster.dir/bitset_index.c.o
#39 22.25 [  4%] Building C object booster/CMakeFiles/booster.dir/hashmap.c.o
#39 22.32 [  4%] Building C object booster/CMakeFiles/booster.dir/io.c.o
#39 22.34 [  5%] Building C object booster/CMakeFiles/booster.dir/sort.c.o
#39 22.36 [  5%] Building C object booster/CMakeFiles/booster.dir/tree.c.o
#39 22.77 [  5%] Building C object booster/CMakeFiles/booster.dir/booster.c.o
#39 22.92 [  6%] Building C object booster/CMakeFiles/booster.dir/hashtables_bfields.c.o
#39 22.99 [  6%] Building C object booster/CMakeFiles/booster.dir/prng.c.o
#39 23.05 [  6%] Building C object booster/CMakeFiles/booster.dir/stats.c.o
#39 23.13 [  6%] Linking CXX static library libkernelsse.a
#39 23.17 [  6%] Built target kernelsse
#39 23.18 [  6%] Building C object pll/CMakeFiles/pll.dir/alignment.c.o
#39 23.20 [  6%] Building C object booster/CMakeFiles/booster.dir/tree_utils.c.o
#39 23.23 [  7%] Linking C static library libbooster.a
#39 23.25 [  7%] Built target booster
#39 23.26 [  7%] Building CXX object ncl/CMakeFiles/ncl.dir/nxsassumptionsblock.cpp.o
#39 23.44 [  7%] Building C object pll/CMakeFiles/pll.dir/bipartitionList.c.o
#39 23.63 In file included from /opt/pg/artifact/build/source/pll/bipartitionList.c:29:
#39 23.63 /opt/pg/artifact/build/source/pll/bipartitionList.c: In function ‘insertHashRF’:
#39 23.63 /opt/pg/artifact/build/source/pll/mem_alloc.h:37:32: warning: ignoring return value of ‘posix_memalign’ declared with attribute ‘warn_unused_result’ [-Wunused-result]
#39 23.63    37 |     #define rax_posix_memalign posix_memalign
#39 23.63 /opt/pg/artifact/build/source/pll/bipartitionList.c:326:3: note: in expansion of macro ‘rax_posix_memalign’
#39 23.63   326 |   rax_posix_memalign ((void **)&(e->bitVector), PLL_BYTE_ALIGNMENT, (size_t)vectorLength * sizeof(unsigned int));
#39 23.63       |   ^~~~~~~~~~~~~~~~~~
#39 23.69 [  8%] Building C object pll/CMakeFiles/pll.dir/evaluateGenericSpecial.c.o
#39 24.04 [  8%] Building CXX object ncl/CMakeFiles/ncl.dir/nxsblock.cpp.o
#39 24.24 [  8%] Building C object pll/CMakeFiles/pll.dir/evaluatePartialGenericSpecial.c.o
#39 24.34 [  9%] Building CXX object ncl/CMakeFiles/ncl.dir/nxscharactersblock.cpp.o
#39 24.43 In file included from /opt/pg/artifact/build/source/pll/evaluatePartialGenericSpecial.c:31:
#39 24.43 /opt/pg/artifact/build/source/pll/evaluatePartialGenericSpecial.c: In function ‘evaluatePartialGTRCAT’:
#39 24.43 /opt/pg/artifact/build/source/pll/mem_alloc.h:37:32: warning: ignoring return value of ‘posix_memalign’ declared with attribute ‘warn_unused_result’ [-Wunused-result]
#39 24.43    37 |     #define rax_posix_memalign posix_memalign
#39 24.43 /opt/pg/artifact/build/source/pll/evaluatePartialGenericSpecial.c:1173:3: note: in expansion of macro ‘rax_posix_memalign’
#39 24.43  1173 |   rax_posix_memalign ((void **) &lVector, PLL_BYTE_ALIGNMENT, sizeof(double) * 4 * mxtips);
#39 24.43       |   ^~~~~~~~~~~~~~~~~~
#39 24.43 /opt/pg/artifact/build/source/pll/evaluatePartialGenericSpecial.c: In function ‘evaluatePartialGTRGAMMA’:
#39 24.43 /opt/pg/artifact/build/source/pll/mem_alloc.h:37:32: warning: ignoring return value of ‘posix_memalign’ declared with attribute ‘warn_unused_result’ [-Wunused-result]
#39 24.43    37 |     #define rax_posix_memalign posix_memalign
#39 24.43 /opt/pg/artifact/build/source/pll/evaluatePartialGenericSpecial.c:1015:3: note: in expansion of macro ‘rax_posix_memalign’
#39 24.43  1015 |   rax_posix_memalign ((void **)&lVector, PLL_BYTE_ALIGNMENT, sizeof(double) * 16 * mxtips);
#39 24.43       |   ^~~~~~~~~~~~~~~~~~
#39 24.43 /opt/pg/artifact/build/source/pll/evaluatePartialGenericSpecial.c: In function ‘evaluatePartialGTRCATPROT’:
#39 24.43 /opt/pg/artifact/build/source/pll/mem_alloc.h:37:32: warning: ignoring return value of ‘posix_memalign’ declared with attribute ‘warn_unused_result’ [-Wunused-result]
#39 24.43    37 |     #define rax_posix_memalign posix_memalign
#39 24.43 /opt/pg/artifact/build/source/pll/evaluatePartialGenericSpecial.c:1324:3: note: in expansion of macro ‘rax_posix_memalign’
#39 24.43  1324 |   rax_posix_memalign ((void **)&lVector, PLL_BYTE_ALIGNMENT, sizeof(double) * 20 * mxtips);
#39 24.43       |   ^~~~~~~~~~~~~~~~~~
#39 24.43 /opt/pg/artifact/build/source/pll/evaluatePartialGenericSpecial.c: In function ‘evaluatePartialGTRGAMMAPROT’:
#39 24.43 /opt/pg/artifact/build/source/pll/mem_alloc.h:37:32: warning: ignoring return value of ‘posix_memalign’ declared with attribute ‘warn_unused_result’ [-Wunused-result]
#39 24.43    37 |     #define rax_posix_memalign posix_memalign
#39 24.43 /opt/pg/artifact/build/source/pll/evaluatePartialGenericSpecial.c:934:3: note: in expansion of macro ‘rax_posix_memalign’
#39 24.43   934 |   rax_posix_memalign ((void **)&lVector, PLL_BYTE_ALIGNMENT, sizeof(double) * 80 * mxtips);
#39 24.43       |   ^~~~~~~~~~~~~~~~~~
#39 24.64 [  9%] Building C object pll/CMakeFiles/pll.dir/fastDNAparsimony.c.o
#39 24.82 In file included from /opt/pg/artifact/build/source/pll/fastDNAparsimony.c:29:
#39 24.82 /opt/pg/artifact/build/source/pll/fastDNAparsimony.c: In function ‘compressDNA’:
#39 24.82 /opt/pg/artifact/build/source/pll/mem_alloc.h:37:32: warning: ignoring return value of ‘posix_memalign’ declared with attribute ‘warn_unused_result’ [-Wunused-result]
#39 24.82    37 |     #define rax_posix_memalign posix_memalign
#39 24.82 /opt/pg/artifact/build/source/pll/fastDNAparsimony.c:1701:7: note: in expansion of macro ‘rax_posix_memalign’
#39 24.82  1701 |       rax_posix_memalign ((void **) &(pr->partitionData[model]->parsVect), PLL_BYTE_ALIGNMENT, (size_t)compressedEntriesPadded * states * totalNodes * sizeof(parsimonyNumber));
#39 24.82       |       ^~~~~~~~~~~~~~~~~~
#39 24.82 /opt/pg/artifact/build/source/pll/mem_alloc.h:37:32: warning: ignoring return value of ‘posix_memalign’ declared with attribute ‘warn_unused_result’ [-Wunused-result]
#39 24.82    37 |     #define rax_posix_memalign posix_memalign
#39 24.82 /opt/pg/artifact/build/source/pll/fastDNAparsimony.c:1777:3: note: in expansion of macro ‘rax_posix_memalign’
#39 24.82  1777 |   rax_posix_memalign ((void **) &(tr->parsimonyScore), PLL_BYTE_ALIGNMENT, sizeof(unsigned int) * totalNodes);
#39 24.82       |   ^~~~~~~~~~~~~~~~~~
#39 25.04 [ 10%] Building C object pll/CMakeFiles/pll.dir/hardware.c.o
#39 25.06 /opt/pg/artifact/build/source/pll/hardware.c: In function ‘pll_probe_cpu’:
#39 25.06 /opt/pg/artifact/build/source/pll/hardware.c:97:9: warning: ignoring return value of ‘fscanf’ declared with attribute ‘warn_unused_result’ [-Wunused-result]
#39 25.06    97 |         fscanf (fd, "%d", &id);
#39 25.06       |         ^~~~~~~~~~~~~~~~~~~~~~
#39 25.07 [ 10%] Building C object pll/CMakeFiles/pll.dir/hash.c.o
#39 25.27 [ 10%] Building C object pll/CMakeFiles/pll.dir/lexer.c.o
#39 25.31 [ 11%] Building C object pll/CMakeFiles/pll.dir/makenewzGenericSpecial.c.o
#39 25.50 In file included from /opt/pg/artifact/build/source/pll/makenewzGenericSpecial.c:29:
#39 25.50 /opt/pg/artifact/build/source/pll/makenewzGenericSpecial.c: In function ‘coreGTRCAT’:
#39 25.50 /opt/pg/artifact/build/source/pll/mem_alloc.h:37:32: warning: ignoring return value of ‘posix_memalign’ declared with attribute ‘warn_unused_result’ [-Wunused-result]
#39 25.50    37 |     #define rax_posix_memalign posix_memalign
#39 25.50 /opt/pg/artifact/build/source/pll/makenewzGenericSpecial.c:2686:3: note: in expansion of macro ‘rax_posix_memalign’
#39 25.50  2686 |   rax_posix_memalign ((void **) &d_start, PLL_BYTE_ALIGNMENT, numberOfCategories * 4 * sizeof(double));
#39 25.50       |   ^~~~~~~~~~~~~~~~~~
#39 25.50 /opt/pg/artifact/build/source/pll/makenewzGenericSpecial.c: In function ‘coreGTRCATPROT’:
#39 25.50 /opt/pg/artifact/build/source/pll/mem_alloc.h:37:32: warning: ignoring return value of ‘posix_memalign’ declared with attribute ‘warn_unused_result’ [-Wunused-result]
#39 25.50    37 |     #define rax_posix_memalign posix_memalign
#39 25.50 /opt/pg/artifact/build/source/pll/makenewzGenericSpecial.c:3061:3: note: in expansion of macro ‘rax_posix_memalign’
#39 25.50  3061 |   rax_posix_memalign ((void **)&d_start, PLL_BYTE_ALIGNMENT, numberOfCategories * 20 * sizeof(double));
#39 25.50       |   ^~~~~~~~~~~~~~~~~~
#39 25.90 [ 11%] Building C object pll/CMakeFiles/pll.dir/models.c.o
#39 26.70 [ 11%] Building CXX object ncl/CMakeFiles/ncl.dir/nxsdatablock.cpp.o
#39 27.00 [ 11%] Building CXX object ncl/CMakeFiles/ncl.dir/nxsdiscretedatum.cpp.o
#39 27.30 [ 11%] Building C object pll/CMakeFiles/pll.dir/newick.c.o
#39 27.37 [ 12%] Building CXX object ncl/CMakeFiles/ncl.dir/nxsdiscretematrix.cpp.o
#39 27.55 [ 12%] Building C object pll/CMakeFiles/pll.dir/newviewGenericSpecial.c.o
#39 27.76 In file included from /opt/pg/artifact/build/source/pll/newviewGenericSpecial.c:32:
#39 27.76 /opt/pg/artifact/build/source/pll/newviewGenericSpecial.c: In function ‘pllNewviewIterative’:
#39 27.76 /opt/pg/artifact/build/source/pll/mem_alloc.h:37:32: warning: ignoring return value of ‘posix_memalign’ declared with attribute ‘warn_unused_result’ [-Wunused-result]
#39 27.76    37 |     #define rax_posix_memalign posix_memalign
#39 27.76 /opt/pg/artifact/build/source/pll/newviewGenericSpecial.c:2766:13: note: in expansion of macro ‘rax_posix_memalign’
#39 27.76  2766 |             rax_posix_memalign ((void **)&x3_start, PLL_BYTE_ALIGNMENT, requiredLength);
#39 27.76       |             ^~~~~~~~~~~~~~~~~~
#39 27.76 /opt/pg/artifact/build/source/pll/mem_alloc.h:37:32: warning: ignoring return value of ‘posix_memalign’ declared with attribute ‘warn_unused_result’ [-Wunused-result]
#39 27.76    37 |     #define rax_posix_memalign posix_memalign
#39 27.76 /opt/pg/artifact/build/source/pll/newviewGenericSpecial.c:2795:17: note: in expansion of macro ‘rax_posix_memalign’
#39 27.76  2795 |                 rax_posix_memalign ((void **)&ex3, PLL_BYTE_ALIGNMENT, requiredExpLength);
#39 27.76       |                 ^~~~~~~~~~~~~~~~~~
#39 27.77 /opt/pg/artifact/build/source/pll/newviewGenericSpecial.c: In function ‘newviewAncestralIterative’:
#39 27.77 /opt/pg/artifact/build/source/pll/mem_alloc.h:37:32: warning: ignoring return value of ‘posix_memalign’ declared with attribute ‘warn_unused_result’ [-Wunused-result]
#39 27.77    37 |     #define rax_posix_memalign posix_memalign
#39 27.77 /opt/pg/artifact/build/source/pll/newviewGenericSpecial.c:3733:11: note: in expansion of macro ‘rax_posix_memalign’
#39 27.77  3733 |           rax_posix_memalign ((void **)&diagptable, PLL_BYTE_ALIGNMENT, categories * states * states * sizeof(double));
#39 27.77       |           ^~~~~~~~~~~~~~~~~~
#39 27.77 /opt/pg/artifact/build/source/pll/newviewGenericSpecial.c: In function ‘pllGetCLV’:
#39 27.77 /opt/pg/artifact/build/source/pll/mem_alloc.h:37:32: warning: ignoring return value of ‘posix_memalign’ declared with attribute ‘warn_unused_result’ [-Wunused-result]
#39 27.77    37 |     #define rax_posix_memalign posix_memalign
#39 27.77 /opt/pg/artifact/build/source/pll/newviewGenericSpecial.c:3803:3: note: in expansion of macro ‘rax_posix_memalign’
#39 27.77  3803 |   rax_posix_memalign ((void **)&diagptable, PLL_BYTE_ALIGNMENT, categories * states * states * sizeof (double));
#39 27.77       |   ^~~~~~~~~~~~~~~~~~
#39 27.98 [ 12%] Building CXX object ncl/CMakeFiles/ncl.dir/nxsdistancedatum.cpp.o
#39 28.29 [ 12%] Building CXX object ncl/CMakeFiles/ncl.dir/nxsdistancesblock.cpp.o
#39 29.00 [ 13%] Building CXX object ncl/CMakeFiles/ncl.dir/nxsemptyblock.cpp.o
#39 29.03 [ 14%] Building C object pll/CMakeFiles/pll.dir/genericParallelization.c.o
#39 29.35 [ 14%] Building CXX object ncl/CMakeFiles/ncl.dir/nxsexception.cpp.o
#39 29.43 [ 14%] Building C object pll/CMakeFiles/pll.dir/optimizeModel.c.o
#39 29.65 [ 14%] Building CXX object ncl/CMakeFiles/ncl.dir/nxsreader.cpp.o
#39 30.07 [ 14%] Building CXX object ncl/CMakeFiles/ncl.dir/nxssetreader.cpp.o
#39 30.07 [ 14%] Building C object pll/CMakeFiles/pll.dir/parsePartition.c.o
#39 30.31 [ 15%] Building C object pll/CMakeFiles/pll.dir/queue.c.o
#39 30.48 [ 16%] Building CXX object ncl/CMakeFiles/ncl.dir/nxsstring.cpp.o
#39 30.50 [ 16%] Building C object pll/CMakeFiles/pll.dir/randomTree.c.o
#39 30.71 [ 16%] Building C object pll/CMakeFiles/pll.dir/recom.c.o
#39 35.09 [ 17%] Building C object pll/CMakeFiles/pll.dir/restartHashTable.c.o
#39 35.09 [ 17%] Building CXX object ncl/CMakeFiles/ncl.dir/nxstaxablock.cpp.o
#39 35.28 [ 17%] Building C object pll/CMakeFiles/pll.dir/searchAlgo.c.o
#39 35.69 [ 17%] Building CXX object ncl/CMakeFiles/ncl.dir/nxstoken.cpp.o
#39 35.84 [ 17%] Building C object pll/CMakeFiles/pll.dir/ssort.c.o
#39 ...

#38 [csubst-build 1/1] RUN --mount=type=cache,target=/root/.cache/pip source /opt/pg/source_branches.env  && bash /opt/pg/scripts/build_source_artifact.sh python csubst       "https://github.com/kfuku52/csubst.git"       "6963896534dade8cd33c28271f83dc8d1b52b890"       /opt/pg/artifact
#38 35.78   Building wheel for csubst (pyproject.toml): finished with status 'done'
#38 35.78   Created wheel for csubst: filename=csubst-1.16.1-cp312-cp312-linux_aarch64.whl size=3881986 sha256=e5326fb0169ebee304d9f1cf616ca2684b24872afcf0b4e19dfed2dae03643da
#38 35.78   Stored in directory: /tmp/pip-ephem-wheel-cache-op1ee4vn/wheels/32/f1/3f/b2a550b25615a8131ad494a16896589a5676461a863164adeb
#38 35.79 Successfully built csubst
#38 DONE 36.7s

#39 [iqtree-build 2/2] RUN source /opt/pg/source_branches.env  && bash /opt/pg/scripts/build_iqtree_artifact.sh library       "https://github.com/iqtree/iqtree3.git"       "63c330d90dd02241dbbbaf1e9f9e9cc6dadbd1de"       /opt/pg/artifact
#39 36.55 [ 18%] Building CXX object ncl/CMakeFiles/ncl.dir/nxstreesblock.cpp.o
#39 36.73 [ 18%] Building C object pll/CMakeFiles/pll.dir/stack.c.o
#39 36.92 [ 20%] Building C object pll/CMakeFiles/pll.dir/topologies.c.o
#39 37.21 [ 20%] Building C object pll/CMakeFiles/pll.dir/trash.c.o
#39 37.39 [ 20%] Linking CXX static library libncl.a
#39 37.42 [ 20%] Built target ncl
#39 37.42 [ 20%] Building C object pll/CMakeFiles/pll.dir/treeIO.c.o
#39 37.43 [ 21%] Building C object pll/CMakeFiles/pll.dir/utils.c.o
#39 37.62 In file included from /opt/pg/artifact/build/source/pll/utils.c:44:
#39 37.62 /opt/pg/artifact/build/source/pll/utils.c: In function ‘initializePartitionData’:
#39 37.62 /opt/pg/artifact/build/source/pll/mem_alloc.h:37:32: warning: ignoring return value of ‘posix_memalign’ declared with attribute ‘warn_unused_result’ [-Wunused-result]
#39 37.62    37 |     #define rax_posix_memalign posix_memalign
#39 37.62 /opt/pg/artifact/build/source/pll/utils.c:596:7: note: in expansion of macro ‘rax_posix_memalign’
#39 37.62   596 |       rax_posix_memalign ((void **)&(localPartitions->partitionData[model]->left),  PLL_BYTE_ALIGNMENT, (size_t)pl->leftLength * (maxCategories + 1) * sizeof(double));
#39 37.62       |       ^~~~~~~~~~~~~~~~~~
#39 37.62 /opt/pg/artifact/build/source/pll/mem_alloc.h:37:32: warning: ignoring return value of ‘posix_memalign’ declared with attribute ‘warn_unused_result’ [-Wunused-result]
#39 37.62    37 |     #define rax_posix_memalign posix_memalign
#39 37.62 /opt/pg/artifact/build/source/pll/utils.c:597:7: note: in expansion of macro ‘rax_posix_memalign’
#39 37.62   597 |       rax_posix_memalign ((void **)&(localPartitions->partitionData[model]->right), PLL_BYTE_ALIGNMENT, (size_t)pl->rightLength * (maxCategories + 1) * sizeof(double));
#39 37.62       |       ^~~~~~~~~~~~~~~~~~
#39 37.62 /opt/pg/artifact/build/source/pll/mem_alloc.h:37:32: warning: ignoring return value of ‘posix_memalign’ declared with attribute ‘warn_unused_result’ [-Wunused-result]
#39 37.62    37 |     #define rax_posix_memalign posix_memalign
#39 37.62 /opt/pg/artifact/build/source/pll/utils.c:599:7: note: in expansion of macro ‘rax_posix_memalign’
#39 37.62   599 |       rax_posix_memalign ((void **)&(localPartitions->partitionData[model]->EV),    PLL_BYTE_ALIGNMENT, (size_t)pl->evLength * sizeof(double));
#39 37.62       |       ^~~~~~~~~~~~~~~~~~
#39 37.62 /opt/pg/artifact/build/source/pll/mem_alloc.h:37:32: warning: ignoring return value of ‘posix_memalign’ declared with attribute ‘warn_unused_result’ [-Wunused-result]
#39 37.62    37 |     #define rax_posix_memalign posix_memalign
#39 37.62 /opt/pg/artifact/build/source/pll/utils.c:605:7: note: in expansion of macro ‘rax_posix_memalign’
#39 37.62   605 |       rax_posix_memalign ((void **)&(localPartitions->partitionData[model]->tipVector), PLL_BYTE_ALIGNMENT, (size_t)pl->tipVectorLength * sizeof(double));
#39 37.62       |       ^~~~~~~~~~~~~~~~~~
#39 37.62 /opt/pg/artifact/build/source/pll/mem_alloc.h:37:32: warning: ignoring return value of ‘posix_memalign’ declared with attribute ‘warn_unused_result’ [-Wunused-result]
#39 37.62    37 |     #define rax_posix_memalign posix_memalign
#39 37.62 /opt/pg/artifact/build/source/pll/utils.c:617:15: note: in expansion of macro ‘rax_posix_memalign’
#39 37.62   617 |               rax_posix_memalign ((void **)&(localPartitions->partitionData[model]->EV_LG4[k]), PLL_BYTE_ALIGNMENT, pl->evLength * sizeof(double));
#39 37.62       |               ^~~~~~~~~~~~~~~~~~
#39 37.62 /opt/pg/artifact/build/source/pll/mem_alloc.h:37:32: warning: ignoring return value of ‘posix_memalign’ declared with attribute ‘warn_unused_result’ [-Wunused-result]
#39 37.62    37 |     #define rax_posix_memalign posix_memalign
#39 37.62 /opt/pg/artifact/build/source/pll/utils.c:621:15: note: in expansion of macro ‘rax_posix_memalign’
#39 37.62   621 |               rax_posix_memalign ((void **)&(localPartitions->partitionData[model]->tipVector_LG4[k]), PLL_BYTE_ALIGNMENT, pl->tipVectorLength * sizeof(double));
#39 37.62       |               ^~~~~~~~~~~~~~~~~~
#39 37.62 /opt/pg/artifact/build/source/pll/mem_alloc.h:37:32: warning: ignoring return value of ‘posix_memalign’ declared with attribute ‘warn_unused_result’ [-Wunused-result]
#39 37.62    37 |     #define rax_posix_memalign posix_memalign
#39 37.62 /opt/pg/artifact/build/source/pll/utils.c:687:7: note: in expansion of macro ‘rax_posix_memalign’
#39 37.62   687 |       rax_posix_memalign ((void **)&(localPartitions->partitionData[model]->sumBuffer), PLL_BYTE_ALIGNMENT, width *
#39 37.62       |       ^~~~~~~~~~~~~~~~~~
#39 37.62 /opt/pg/artifact/build/source/pll/mem_alloc.h:37:32: warning: ignoring return value of ‘posix_memalign’ declared with attribute ‘warn_unused_result’ [-Wunused-result]
#39 37.62    37 |     #define rax_posix_memalign posix_memalign
#39 37.62 /opt/pg/artifact/build/source/pll/utils.c:694:7: note: in expansion of macro ‘rax_posix_memalign’
#39 37.62   694 |       rax_posix_memalign ((void **)&(localPartitions->partitionData[model]->perSiteLikelihoods), PLL_BYTE_ALIGNMENT, width * sizeof(double));
#39 37.62       |       ^~~~~~~~~~~~~~~~~~
#39 37.62 /opt/pg/artifact/build/source/pll/mem_alloc.h:37:32: warning: ignoring return value of ‘posix_memalign’ declared with attribute ‘warn_unused_result’ [-Wunused-result]
#39 37.62    37 |     #define rax_posix_memalign posix_memalign
#39 37.62 /opt/pg/artifact/build/source/pll/utils.c:724:7: note: in expansion of macro ‘rax_posix_memalign’
#39 37.62   724 |       rax_posix_memalign ((void **)&(localPartitions->partitionData[model]->ancestralBuffer), PLL_BYTE_ALIGNMENT, width *
#39 37.62       |       ^~~~~~~~~~~~~~~~~~
#39 37.62 /opt/pg/artifact/build/source/pll/mem_alloc.h:37:32: warning: ignoring return value of ‘posix_memalign’ declared with attribute ‘warn_unused_result’ [-Wunused-result]
#39 37.62    37 |     #define rax_posix_memalign posix_memalign
#39 37.62 /opt/pg/artifact/build/source/pll/utils.c:744:7: note: in expansion of macro ‘rax_posix_memalign’
#39 37.62   744 |       rax_posix_memalign ((void **)&(localPartitions->partitionData[model]->wgt), PLL_BYTE_ALIGNMENT, width * sizeof(int));
#39 37.62       |       ^~~~~~~~~~~~~~~~~~
#39 37.62 /opt/pg/artifact/build/source/pll/mem_alloc.h:37:32: warning: ignoring return value of ‘posix_memalign’ declared with attribute ‘warn_unused_result’ [-Wunused-result]
#39 37.62    37 |     #define rax_posix_memalign posix_memalign
#39 37.62 /opt/pg/artifact/build/source/pll/utils.c:756:11: note: in expansion of macro ‘rax_posix_memalign’
#39 37.62   756 |           rax_posix_memalign ((void **)&(localPartitions->partitionData[model]->gapColumn),PLL_BYTE_ALIGNMENT, ((size_t)localTree->mxtips) *
#39 37.62       |           ^~~~~~~~~~~~~~~~~~
#39 37.66 [ 21%] Building CXX object nclextra/CMakeFiles/nclextra.dir/mpdablock.cpp.o
#39 38.01 [ 21%] Linking C static library libpll.a
#39 38.04 [ 21%] Built target pll
#39 38.05 [ 21%] Building C object sprng/CMakeFiles/sprng.dir/lcg64.c.o
#39 38.10 [ 21%] Building C object sprng/CMakeFiles/sprng.dir/makeseed.c.o
#39 38.12 [ 22%] Building C object sprng/CMakeFiles/sprng.dir/memory.c.o
#39 38.14 [ 22%] Building C object sprng/CMakeFiles/sprng.dir/store.c.o
#39 38.18 [ 22%] Building C object sprng/CMakeFiles/sprng.dir/primes-lcg64.c.o
#39 38.24 [ 23%] Building C object sprng/CMakeFiles/sprng.dir/checkid.c.o
#39 38.26 [ 23%] Linking C static library libsprng.a
#39 38.28 [ 23%] Built target sprng
#39 38.29 [ 23%] Building CXX object lbfgsb/CMakeFiles/lbfgsb.dir/lbfgsb_new.cpp.o
#39 38.70 [ 24%] Building CXX object nclextra/CMakeFiles/nclextra.dir/msetsblock.cpp.o
#39 39.15 [ 25%] Linking CXX static library liblbfgsb.a
#39 39.17 [ 25%] Built target lbfgsb
#39 39.17 [ 25%] Building C object whtest/CMakeFiles/whtest.dir/eigen.c.o
#39 39.49 [ 26%] Building C object whtest/CMakeFiles/whtest.dir/eigen_sym.c.o
#39 39.54 [ 26%] Building CXX object nclextra/CMakeFiles/nclextra.dir/msplitsblock.cpp.o
#39 39.60 [ 26%] Building C object whtest/CMakeFiles/whtest.dir/random.c.o
#39 39.67 [ 26%] Building C object whtest/CMakeFiles/whtest.dir/weisslambda.c.o
#39 39.69 [ 27%] Building C object whtest/CMakeFiles/whtest.dir/weisslambda_sub.c.o
#39 39.77 [ 27%] Building C object whtest/CMakeFiles/whtest.dir/whtest.c.o
#39 39.88 [ 27%] Building C object whtest/CMakeFiles/whtest.dir/whtest_sub.c.o
#39 39.90 /opt/pg/artifact/build/source/whtest/whtest_sub.c: In function ‘ReadData’:
#39 39.90 /opt/pg/artifact/build/source/whtest/whtest_sub.c:205:25: warning: ignoring return value of ‘fscanf’ declared with attribute ‘warn_unused_result’ [-Wunused-result]
#39 39.90   205 |                         fscanf ( ifp, "%c", &c );
#39 39.90       |                         ^~~~~~~~~~~~~~~~~~~~~~~~
#39 39.90 /opt/pg/artifact/build/source/whtest/whtest_sub.c:221:25: warning: ignoring return value of ‘fscanf’ declared with attribute ‘warn_unused_result’ [-Wunused-result]
#39 39.90   221 |                         fscanf ( ifp, "%c", &c );
#39 39.90       |                         ^~~~~~~~~~~~~~~~~~~~~~~~
#39 40.14 [ 27%] Building CXX object whtest/CMakeFiles/whtest.dir/whtest_wrapper.cpp.o
#39 40.41 [ 27%] Building CXX object nclextra/CMakeFiles/nclextra.dir/modelsblock.cpp.o
#39 41.02 [ 27%] Linking CXX static library libnclextra.a
#39 41.04 [ 27%] Built target nclextra
#39 41.05 [ 28%] Building CXX object vectorclass/CMakeFiles/vectorclass.dir/instrset_detect.cpp.o
#39 41.05 [ 29%] Linking CXX static library libwhtest.a
#39 41.07 [ 29%] Built target whtest
#39 41.08 [ 29%] Building CXX object gsl/CMakeFiles/gsl.dir/binomial_tpe.cpp.o
#39 41.19 [ 29%] Building CXX object gsl/CMakeFiles/gsl.dir/multinomial.cpp.o
#39 41.28 [ 29%] Building CXX object gsl/CMakeFiles/gsl.dir/pow_int.cpp.o
#39 41.29 [ 29%] Linking CXX static library libvectorclass.a
#39 41.30 [ 29%] Built target vectorclass
#39 41.31 [ 29%] Building CXX object cmaple/utils/CMakeFiles/cmaple_utils.dir/tools.cpp.o
#39 41.36 [ 30%] Building CXX object gsl/CMakeFiles/gsl.dir/gauss.cpp.o
#39 41.47 [ 30%] Building CXX object gsl/CMakeFiles/gsl.dir/gaussinv.cpp.o
#39 41.57 [ 30%] Building CXX object gsl/CMakeFiles/gsl.dir/gausspdf.cpp.o
#39 42.64 [ 31%] Linking CXX static library libgsl.a
#39 42.66 [ 31%] Built target gsl
#39 42.67 [ 31%] Building CXX object yaml-cpp/CMakeFiles/yaml-cpp.dir/src/binary.cpp.o
#39 42.82 [ 31%] Building CXX object yaml-cpp/CMakeFiles/yaml-cpp.dir/src/convert.cpp.o
#39 43.14 [ 32%] Building CXX object yaml-cpp/CMakeFiles/yaml-cpp.dir/src/directives.cpp.o
#39 43.26 [ 32%] Building CXX object yaml-cpp/CMakeFiles/yaml-cpp.dir/src/emit.cpp.o
#39 43.50 [ 32%] Building CXX object yaml-cpp/CMakeFiles/yaml-cpp.dir/src/emitfromevents.cpp.o
#39 43.79 [ 33%] Building CXX object cmaple/utils/CMakeFiles/cmaple_utils.dir/operatingsystem.cpp.o
#39 43.80 [ 34%] Building CXX object yaml-cpp/CMakeFiles/yaml-cpp.dir/src/emitter.cpp.o
#39 44.01 [ 34%] Building CXX object cmaple/utils/CMakeFiles/cmaple_utils.dir/gzstream.cpp.o
#39 44.24 [ 34%] Building CXX object yaml-cpp/CMakeFiles/yaml-cpp.dir/src/emitterstate.cpp.o
#39 44.28 [ 34%] Building CXX object cmaple/utils/CMakeFiles/cmaple_utils.dir/logstream.cpp.o
#39 44.67 [ 34%] Building CXX object yaml-cpp/CMakeFiles/yaml-cpp.dir/src/emitterutils.cpp.o
#39 45.71 [ 35%] Linking CXX static library libcmaple_utils.a
#39 ...

#41 [runtime-content  1/18] COPY --from=dependencies /opt/conda /opt/conda
#41 DONE 26.3s

#39 [iqtree-build 2/2] RUN source /opt/pg/source_branches.env  && bash /opt/pg/scripts/build_iqtree_artifact.sh library       "https://github.com/iqtree/iqtree3.git"       "63c330d90dd02241dbbbaf1e9f9e9cc6dadbd1de"       /opt/pg/artifact
#39 45.74 [ 35%] Built target cmaple_utils
#39 45.75 [ 35%] Building CXX object terraphast/CMakeFiles/terraphast.dir/lib/advanced.cpp.o
#39 45.79 [ 35%] Building CXX object yaml-cpp/CMakeFiles/yaml-cpp.dir/src/exceptions.cpp.o
#39 ...

#42 [runtime-content  2/18] COPY --from=dependencies /usr/local/bin /usr/local/bin
#42 DONE 0.5s

#39 [iqtree-build 2/2] RUN source /opt/pg/source_branches.env  && bash /opt/pg/scripts/build_iqtree_artifact.sh library       "https://github.com/iqtree/iqtree3.git"       "63c330d90dd02241dbbbaf1e9f9e9cc6dadbd1de"       /opt/pg/artifact
#39 46.05 [ 36%] Building CXX object yaml-cpp/CMakeFiles/yaml-cpp.dir/src/exp.cpp.o
#39 ...

#43 [runtime-content  3/18] COPY --from=dependencies /opt/pg/logs /opt/pg/logs
#43 DONE 0.0s

#44 [runtime-content  4/18] COPY container/scripts/install_source_artifacts.sh /opt/pg/scripts/install_source_artifacts.sh
#44 DONE 0.0s

#45 [runtime-content  5/18] COPY container/scripts/install_helvetica_compat_font.sh /opt/pg/scripts/install_helvetica_compat_font.sh
#45 DONE 0.0s

#46 [runtime-content  6/18] COPY container/testdata /opt/pg/testdata
#46 DONE 0.0s

#39 [iqtree-build 2/2] RUN source /opt/pg/source_branches.env  && bash /opt/pg/scripts/build_iqtree_artifact.sh library       "https://github.com/iqtree/iqtree3.git"       "63c330d90dd02241dbbbaf1e9f9e9cc6dadbd1de"       /opt/pg/artifact
#39 46.38 [ 36%] Building CXX object yaml-cpp/CMakeFiles/yaml-cpp.dir/src/memory.cpp.o
#39 46.67 [ 36%] Building CXX object yaml-cpp/CMakeFiles/yaml-cpp.dir/src/node.cpp.o
#39 46.84 [ 37%] Building CXX object yaml-cpp/CMakeFiles/yaml-cpp.dir/src/node_data.cpp.o
#39 47.05 [ 38%] Building CXX object terraphast/CMakeFiles/terraphast.dir/lib/bigint.cpp.o
#39 47.16 [ 38%] Building CXX object terraphast/CMakeFiles/terraphast.dir/lib/bipartitions.cpp.o
#39 47.35 [ 38%] Building CXX object yaml-cpp/CMakeFiles/yaml-cpp.dir/src/nodebuilder.cpp.o
#39 47.49 [ 38%] Building CXX object terraphast/CMakeFiles/terraphast.dir/lib/bitmatrix.cpp.o
#39 47.72 [ 38%] Building CXX object terraphast/CMakeFiles/terraphast.dir/lib/clamped_uint.cpp.o
#39 47.86 [ 40%] Building CXX object terraphast/CMakeFiles/terraphast.dir/lib/constraints.cpp.o
#39 47.91 [ 40%] Building CXX object yaml-cpp/CMakeFiles/yaml-cpp.dir/src/nodeevents.cpp.o
#39 48.28 [ 41%] Building CXX object yaml-cpp/CMakeFiles/yaml-cpp.dir/src/null.cpp.o
#39 48.37 [ 41%] Building CXX object yaml-cpp/CMakeFiles/yaml-cpp.dir/src/ostream_wrapper.cpp.o
#39 48.41 [ 41%] Building CXX object terraphast/CMakeFiles/terraphast.dir/lib/errors.cpp.o
#39 48.55 [ 41%] Building CXX object terraphast/CMakeFiles/terraphast.dir/lib/multitree.cpp.o
#39 48.56 [ 41%] Building CXX object yaml-cpp/CMakeFiles/yaml-cpp.dir/src/parse.cpp.o
#39 48.77 [ 42%] Building CXX object terraphast/CMakeFiles/terraphast.dir/lib/multitree_iterator.cpp.o
#39 48.99 [ 42%] Building CXX object yaml-cpp/CMakeFiles/yaml-cpp.dir/src/parser.cpp.o
#39 49.01 [ 42%] Building CXX object terraphast/CMakeFiles/terraphast.dir/lib/nodes.cpp.o
#39 49.17 [ 42%] Building CXX object terraphast/CMakeFiles/terraphast.dir/lib/parser.cpp.o
#39 49.44 [ 43%] Building CXX object yaml-cpp/CMakeFiles/yaml-cpp.dir/src/regex_yaml.cpp.o
#39 49.71 [ 43%] Building CXX object yaml-cpp/CMakeFiles/yaml-cpp.dir/src/scanner.cpp.o
#39 49.85 [ 44%] Building CXX object terraphast/CMakeFiles/terraphast.dir/lib/rooting.cpp.o
#39 50.27 [ 44%] Building CXX object terraphast/CMakeFiles/terraphast.dir/lib/simple.cpp.o
#39 50.90 [ 44%] Building CXX object terraphast/CMakeFiles/terraphast.dir/lib/subtree_extraction.cpp.o
#39 51.00 [ 44%] Building CXX object yaml-cpp/CMakeFiles/yaml-cpp.dir/src/scanscalar.cpp.o
#39 51.34 [ 44%] Building CXX object terraphast/CMakeFiles/terraphast.dir/lib/supertree_helpers.cpp.o
#39 51.54 [ 45%] Building CXX object yaml-cpp/CMakeFiles/yaml-cpp.dir/src/scantag.cpp.o
#39 51.64 [ 46%] Building CXX object terraphast/CMakeFiles/terraphast.dir/lib/trees.cpp.o
#39 51.99 [ 46%] Building CXX object yaml-cpp/CMakeFiles/yaml-cpp.dir/src/scantoken.cpp.o
#39 52.11 [ 46%] Building CXX object terraphast/CMakeFiles/terraphast.dir/lib/union_find.cpp.o
#39 52.38 [ 46%] Building CXX object terraphast/CMakeFiles/terraphast.dir/lib/validation.cpp.o
#39 53.03 [ 47%] Linking CXX static library libterraphast.a
#39 53.06 [ 47%] Built target terraphast
#39 53.07 [ 47%] Building CXX object utils/CMakeFiles/decentTree.dir/decenttree.cpp.o
#39 53.29 [ 47%] Building CXX object yaml-cpp/CMakeFiles/yaml-cpp.dir/src/simplekey.cpp.o
#39 53.36 [ 47%] Building CXX object utils/CMakeFiles/decentTree.dir/starttree.cpp.o
#39 53.60 [ 48%] Building CXX object yaml-cpp/CMakeFiles/yaml-cpp.dir/src/singledocparser.cpp.o
#39 53.79 [ 49%] Building CXX object utils/CMakeFiles/decentTree.dir/bionj.cpp.o
#39 54.04 In file included from /usr/include/stdio.h:980,
#39 54.04                  from /opt/pg/artifact/build/source/utils/bionj.cpp:25:
#39 54.04 In function ‘int snprintf(char*, size_t, const char*, ...)’,
#39 54.04     inlined from ‘int BioNj::create(const char*, const char*)’ at /opt/pg/artifact/build/source/utils/bionj.cpp:772:25,
#39 54.04     inlined from ‘virtual bool BIONJ2009Adapter::constructTree(const std::string&, const std::string&)’ at /opt/pg/artifact/build/source/utils/bionj.cpp:853:27,
#39 54.04     inlined from ‘virtual bool BIONJ2009Adapter::constructTree(const std::string&, const std::string&)’ at /opt/pg/artifact/build/source/utils/bionj.cpp:845:18:
#39 54.04 /usr/include/aarch64-linux-gnu/bits/stdio2.h:54:35: warning: ‘int __builtin___snprintf_chk(char*, long unsigned int, int, long unsigned int, const char*, ...)’ specified bound 1000 exceeds destination size 999 [-Wstringop-overflow=]
#39 54.04    54 |   return __builtin___snprintf_chk (__s, __n, __USE_FORTIFY_LEVEL - 1,
#39 54.04       |          ~~~~~~~~~~~~~~~~~~~~~~~~~^~~~~~~~~~~~~~~~~~~~~~~~~~~~~~~~~~~
#39 54.04    55 |                                    __glibc_objsize (__s), __fmt,
#39 54.04       |                                    ~~~~~~~~~~~~~~~~~~~~~~~~~~~~~
#39 54.04    56 |                                    __va_arg_pack ());
#39 54.04       |                                    ~~~~~~~~~~~~~~~~~
#39 54.04 In function ‘int snprintf(char*, size_t, const char*, ...)’,
#39 54.04     inlined from ‘int BioNj::create(const char*, const char*)’ at /opt/pg/artifact/build/source/utils/bionj.cpp:780:25,
#39 54.04     inlined from ‘virtual bool BIONJ2009Adapter::constructTree(const std::string&, const std::string&)’ at /opt/pg/artifact/build/source/utils/bionj.cpp:853:27,
#39 54.04     inlined from ‘virtual bool BIONJ2009Adapter::constructTree(const std::string&, const std::string&)’ at /opt/pg/artifact/build/source/utils/bionj.cpp:845:18:
#39 54.04 /usr/include/aarch64-linux-gnu/bits/stdio2.h:54:35: warning: ‘int __builtin___snprintf_chk(char*, long unsigned int, int, long unsigned int, const char*, ...)’ specified bound 1000 exceeds destination size 999 [-Wstringop-overflow=]
#39 54.04    54 |   return __builtin___snprintf_chk (__s, __n, __USE_FORTIFY_LEVEL - 1,
#39 54.04       |          ~~~~~~~~~~~~~~~~~~~~~~~~~^~~~~~~~~~~~~~~~~~~~~~~~~~~~~~~~~~~
#39 54.04    55 |                                    __glibc_objsize (__s), __fmt,
#39 54.04       |                                    ~~~~~~~~~~~~~~~~~~~~~~~~~~~~~
#39 54.04    56 |                                    __va_arg_pack ());
#39 54.04       |                                    ~~~~~~~~~~~~~~~~~
#39 54.12 [ 49%] Building CXX object utils/CMakeFiles/decentTree.dir/bionj2.cpp.o
#39 54.22 [ 49%] Building CXX object yaml-cpp/CMakeFiles/yaml-cpp.dir/src/stream.cpp.o
#39 54.48 [ 49%] Building CXX object yaml-cpp/CMakeFiles/yaml-cpp.dir/src/tag.cpp.o
#39 54.71 [ 50%] Linking CXX static library libyaml-cpp.a
#39 54.76 [ 50%] Built target yaml-cpp
#39 54.77 [ 50%] Building CXX object _deps/googletest-build/googletest/CMakeFiles/gtest.dir/src/gtest-all.cc.o
#39 57.22 [ 50%] Building CXX object utils/CMakeFiles/decentTree.dir/gzstream.cpp.o
#39 57.46 [ 51%] Building CXX object utils/CMakeFiles/decentTree.dir/progress.cpp.o
#39 57.83 [ 51%] Building CXX object utils/CMakeFiles/decentTree.dir/operatingsystem.cpp.o
#39 58.00 [ 51%] Linking CXX executable decentTree
#39 58.09 [ 51%] Built target decentTree
#39 58.10 [ 51%] Building CXX object utils/CMakeFiles/utils.dir/eigendecomposition.cpp.o
#39 58.95 [ 52%] Building CXX object utils/CMakeFiles/utils.dir/gzstream.cpp.o
#39 59.20 [ 52%] Building CXX object utils/CMakeFiles/utils.dir/optimization.cpp.o
#39 59.85 [ 52%] Building CXX object utils/CMakeFiles/utils.dir/stoprule.cpp.o
#39 60.92 [ 52%] Building CXX object utils/CMakeFiles/utils.dir/tools.cpp.o
#39 61.62 [ 52%] Linking CXX static library ../../../lib/libgtest.a
#39 61.66 [ 52%] Built target gtest
#39 61.67 [ 53%] Building CXX object pda/CMakeFiles/pda.dir/circularnetwork.cpp.o
#39 62.77 [ 53%] Building CXX object pda/CMakeFiles/pda.dir/greedy.cpp.o
#39 63.58 [ 53%] Building CXX object pda/CMakeFiles/pda.dir/gurobiwrapper.cpp.o
#39 64.10 [ 54%] Building CXX object pda/CMakeFiles/pda.dir/hashsplitset.cpp.o
#39 64.70 [ 54%] Building CXX object pda/CMakeFiles/pda.dir/pdnetwork.cpp.o
#39 65.94 [ 55%] Building CXX object utils/CMakeFiles/utils.dir/pllnni.cpp.o
#39 66.91 [ 55%] Building CXX object pda/CMakeFiles/pda.dir/pruning.cpp.o
#39 67.63 [ 56%] Building CXX object pda/CMakeFiles/pda.dir/split.cpp.o
#39 67.70 [ 56%] Building CXX object utils/CMakeFiles/utils.dir/checkpoint.cpp.o
#39 68.34 [ 56%] Building CXX object pda/CMakeFiles/pda.dir/splitgraph.cpp.o
#39 68.97 [ 56%] Building CXX object utils/CMakeFiles/utils.dir/MPIHelper.cpp.o
#39 69.36 [ 57%] Building CXX object utils/CMakeFiles/utils.dir/starttree.cpp.o
#39 69.81 [ 57%] Building CXX object utils/CMakeFiles/utils.dir/bionj.cpp.o
#39 70.07 In file included from /usr/include/stdio.h:980,
#39 70.07                  from /opt/pg/artifact/build/source/utils/bionj.cpp:25:
#39 70.07 In function ‘int snprintf(char*, size_t, const char*, ...)’,
#39 70.07     inlined from ‘int BioNj::create(const char*, const char*)’ at /opt/pg/artifact/build/source/utils/bionj.cpp:772:25,
#39 70.07     inlined from ‘virtual bool BIONJ2009Adapter::constructTree(const std::string&, const std::string&)’ at /opt/pg/artifact/build/source/utils/bionj.cpp:853:27,
#39 70.07     inlined from ‘virtual bool BIONJ2009Adapter::constructTree(const std::string&, const std::string&)’ at /opt/pg/artifact/build/source/utils/bionj.cpp:845:18:
#39 70.07 /usr/include/aarch64-linux-gnu/bits/stdio2.h:54:35: warning: ‘int __builtin___snprintf_chk(char*, long unsigned int, int, long unsigned int, const char*, ...)’ specified bound 1000 exceeds destination size 999 [-Wstringop-overflow=]
#39 70.07    54 |   return __builtin___snprintf_chk (__s, __n, __USE_FORTIFY_LEVEL - 1,
#39 70.07       |          ~~~~~~~~~~~~~~~~~~~~~~~~~^~~~~~~~~~~~~~~~~~~~~~~~~~~~~~~~~~~
#39 70.07    55 |                                    __glibc_objsize (__s), __fmt,
#39 70.07       |                                    ~~~~~~~~~~~~~~~~~~~~~~~~~~~~~
#39 70.07    56 |                                    __va_arg_pack ());
#39 70.07       |                                    ~~~~~~~~~~~~~~~~~
#39 70.07 In function ‘int snprintf(char*, size_t, const char*, ...)’,
#39 70.07     inlined from ‘int BioNj::create(const char*, const char*)’ at /opt/pg/artifact/build/source/utils/bionj.cpp:780:25,
#39 70.07     inlined from ‘virtual bool BIONJ2009Adapter::constructTree(const std::string&, const std::string&)’ at /opt/pg/artifact/build/source/utils/bionj.cpp:853:27,
#39 70.07     inlined from ‘virtual bool BIONJ2009Adapter::constructTree(const std::string&, const std::string&)’ at /opt/pg/artifact/build/source/utils/bionj.cpp:845:18:
#39 70.07 /usr/include/aarch64-linux-gnu/bits/stdio2.h:54:35: warning: ‘int __builtin___snprintf_chk(char*, long unsigned int, int, long unsigned int, const char*, ...)’ specified bound 1000 exceeds destination size 999 [-Wstringop-overflow=]
#39 70.07    54 |   return __builtin___snprintf_chk (__s, __n, __USE_FORTIFY_LEVEL - 1,
#39 70.07       |          ~~~~~~~~~~~~~~~~~~~~~~~~~^~~~~~~~~~~~~~~~~~~~~~~~~~~~~~~~~~~
#39 70.07    55 |                                    __glibc_objsize (__s), __fmt,
#39 70.07       |                                    ~~~~~~~~~~~~~~~~~~~~~~~~~~~~~
#39 70.07    56 |                                    __va_arg_pack ());
#39 70.07       |                                    ~~~~~~~~~~~~~~~~~
#39 70.16 [ 57%] Building CXX object utils/CMakeFiles/utils.dir/bionj2.cpp.o
#39 70.22 [ 57%] Building CXX object pda/CMakeFiles/pda.dir/splitset.cpp.o
#39 70.65 [ 57%] Building C object pda/CMakeFiles/pda.dir/lpwrapper.c.o
#39 70.66 [ 58%] Building CXX object pda/CMakeFiles/pda.dir/ecopd.cpp.o
#39 72.83 [ 58%] Building CXX object pda/CMakeFiles/pda.dir/graph.cpp.o
#39 73.00 [ 58%] Building CXX object pda/CMakeFiles/pda.dir/pdtree.cpp.o
#39 73.16 [ 60%] Building CXX object utils/CMakeFiles/utils.dir/progress.cpp.o
#39 73.53 [ 60%] Building CXX object utils/CMakeFiles/utils.dir/operatingsystem.cpp.o
#39 73.71 [ 60%] Building CXX object utils/CMakeFiles/utils.dir/mutsel_wrapper.cpp.o
#39 74.02 [ 61%] Building CXX object pda/CMakeFiles/pda.dir/pdtreeset.cpp.o
#39 74.87 [ 61%] Building CXX object pda/CMakeFiles/pda.dir/ecopdmtreeset.cpp.o
#39 75.14 [ 61%] Linking CXX static library libutils.a
#39 75.19 [ 61%] Built target utils
#39 75.20 [ 62%] Building CXX object cmaple/alignment/CMakeFiles/cmaple_alignment.dir/mutation.cpp.o
#39 75.44 [ 62%] Linking CXX static library libpda.a
#39 75.49 [ 62%] Built target pda
#39 75.50 [ 63%] Building CXX object phylo-yaml/CMakeFiles/phyloYAML.dir/statespace.cpp.o
#39 75.76 [ 63%] Building CXX object cmaple/alignment/CMakeFiles/cmaple_alignment.dir/seqregion.cpp.o
#39 76.39 [ 63%] Building CXX object cmaple/alignment/CMakeFiles/cmaple_alignment.dir/seqregions.cpp.o
#39 77.35 [ 64%] Building CXX object cmaple/alignment/CMakeFiles/cmaple_alignment.dir/seqregionsmem.cpp.o
#39 77.54 [ 64%] Linking CXX static library libphyloYAML.a
#39 77.56 [ 64%] Built target phyloYAML
#39 77.57 [ 65%] Building CXX object _deps/googletest-build/googletest/CMakeFiles/gtest_main.dir/src/gtest_main.cc.o
#39 78.14 [ 65%] Linking CXX static library ../../../lib/libgtest_main.a
#39 78.16 [ 65%] Built target gtest_main
#39 78.16 [ 65%] Building CXX object cmaple/alignment/CMakeFiles/cmaple_alignment.dir/sequence.cpp.o
#39 78.30 [ 65%] Building CXX object cmaple/alignment/CMakeFiles/cmaple_alignment.dir/alignment.cpp.o
#39 79.10 [ 66%] Building CXX object model/CMakeFiles/model.dir/modelmarkov.cpp.o
#39 81.02 [ 66%] Linking CXX static library libcmaple_alignment.a
#39 81.05 [ 66%] Built target cmaple_alignment
#39 81.06 [ 66%] Building CXX object cmaple/model/CMakeFiles/cmaple_model.dir/model.cpp.o
#39 81.85 [ 66%] Building CXX object cmaple/model/CMakeFiles/cmaple_model.dir/modelbase.cpp.o
#39 83.35 [ 67%] Building CXX object cmaple/model/CMakeFiles/cmaple_model.dir/model_dna.cpp.o
#39 84.21 [ 67%] Building CXX object cmaple/model/CMakeFiles/cmaple_model.dir/model_aa.cpp.o
#39 85.23 [ 67%] Building CXX object cmaple/model/CMakeFiles/cmaple_model.dir/model_dna_rate_variation.cpp.o
#39 87.13 [ 68%] Linking CXX static library libcmaple_model.a
#39 87.15 [ 68%] Built target cmaple_model
#39 87.16 [ 68%] Building CXX object model/CMakeFiles/model.dir/modelbin.cpp.o
#39 88.22 [ 68%] Building CXX object model/CMakeFiles/model.dir/modeldna.cpp.o
#39 89.99 [ 69%] Building CXX object model/CMakeFiles/model.dir/modeldnaerror.cpp.o
#39 91.29 [ 69%] Building CXX object model/CMakeFiles/model.dir/modelfactory.cpp.o
#39 94.05 [ 69%] Building CXX object model/CMakeFiles/model.dir/modelprotein.cpp.o
#39 95.59 [ 69%] Building CXX object model/CMakeFiles/model.dir/modelset.cpp.o
#39 96.58 [ 70%] Building CXX object model/CMakeFiles/model.dir/modelsubst.cpp.o
#39 97.31 [ 70%] Building CXX object model/CMakeFiles/model.dir/partitionmodel.cpp.o
#39 99.80 [ 70%] Building CXX object model/CMakeFiles/model.dir/partitionmodelplen.cpp.o
#39 99.99 [ 71%] Building CXX object model/CMakeFiles/model.dir/rategamma.cpp.o
#39 101.2 [ 71%] Building CXX object model/CMakeFiles/model.dir/rategammainvar.cpp.o
#39 101.3 [ 71%] Building CXX object model/CMakeFiles/model.dir/ratecontinuousgamma.cpp.o
#39 101.9 [ 72%] Building CXX object model/CMakeFiles/model.dir/ratecontinuousgammainvar.cpp.o
#39 102.5 [ 72%] Building CXX object model/CMakeFiles/model.dir/rateheterogeneity.cpp.o
#39 103.0 [ 72%] Building CXX object model/CMakeFiles/model.dir/rateinvar.cpp.o
#39 103.5 [ 72%] Building CXX object model/CMakeFiles/model.dir/ratemeyerdiscrete.cpp.o
#39 104.1 [ 73%] Building CXX object model/CMakeFiles/model.dir/ratemeyerhaeseler.cpp.o
#39 104.9 [ 73%] Building CXX object model/CMakeFiles/model.dir/ratekategory.cpp.o
#39 105.7 [ 73%] Building CXX object model/CMakeFiles/model.dir/ratefree.cpp.o
#39 105.9 [ 74%] Building CXX object model/CMakeFiles/model.dir/ratefreeinvar.cpp.o
#39 107.2 [ 74%] Building CXX object model/CMakeFiles/model.dir/rateheterotachy.cpp.o
#39 107.4 [ 74%] Building CXX object model/CMakeFiles/model.dir/rateheterotachyinvar.cpp.o
#39 108.5 [ 75%] Building CXX object model/CMakeFiles/model.dir/modelcodon.cpp.o
#39 108.5 [ 75%] Building CXX object model/CMakeFiles/model.dir/modelmorphology.cpp.o
#39 109.8 [ 75%] Building CXX object model/CMakeFiles/model.dir/modelmixture.cpp.o
#39 110.3 [ 75%] Building CXX object model/CMakeFiles/model.dir/modelunrest.cpp.o
#39 111.6 [ 76%] Building CXX object model/CMakeFiles/model.dir/modelliemarkov.cpp.o
#39 112.0 [ 76%] Building CXX object model/CMakeFiles/model.dir/modelpomo.cpp.o
#39 119.7 [ 76%] Building CXX object model/CMakeFiles/model.dir/modelpomomixture.cpp.o
#39 120.9 [ 77%] Building CXX object model/CMakeFiles/model.dir/modelhmm.cpp.o
#39 121.0 [ 77%] Building CXX object model/CMakeFiles/model.dir/modelhmmgm.cpp.o
#39 121.9 [ 77%] Building CXX object model/CMakeFiles/model.dir/modelhmmtm.cpp.o
#39 122.0 [ 78%] Building CXX object model/CMakeFiles/model.dir/modelcodonmixture.cpp.o
#39 122.9 [ 78%] Building CXX object cmaple/tree/CMakeFiles/cmaple_tree.dir/tree.cpp.o
#39 123.3 [ 78%] Linking CXX static library libmodel.a
#39 123.6 [ 78%] Built target model
#39 123.6 [ 80%] Building CXX object simulator/CMakeFiles/simulator.dir/alisimulator.cpp.o
#39 124.6 In file included from /opt/pg/artifact/build/source/cmaple/tree/../alignment/sequence.h:1,
#39 124.6                  from /opt/pg/artifact/build/source/cmaple/tree/../alignment/alignment.h:2,
#39 124.6                  from /opt/pg/artifact/build/source/cmaple/tree/tree.h:1,
#39 124.6                  from /opt/pg/artifact/build/source/cmaple/tree/tree.cpp:1:
#39 124.6 /opt/pg/artifact/build/source/cmaple/tree/../alignment/seqregions.h: In function ‘cmaple::SeqRegion::LHType cmaple::initLhVecMerge(StateType, RealNumType, const ModelBase*, bool, const SeqRegion::LHPtrType&) [with short unsigned int num_states = 20]’:
#39 124.6 /opt/pg/artifact/build/source/cmaple/tree/../alignment/seqregions.h:1617:38: warning: iteration 4 invokes undefined behavior [-Waggressive-loop-optimizations]
#39 124.6  1617 |                     output_lh_vec[i] = equal_prob;
#39 124.6 /opt/pg/artifact/build/source/cmaple/tree/../alignment/seqregions.h:1616:36: note: within this loop
#39 124.6  1616 |                 for (auto i = 0; i < num_states; ++i)
#39 124.6       |                                  ~~^~~~~~~~~~~~
#39 124.6 /opt/pg/artifact/build/source/cmaple/tree/../alignment/seqregions.h: In function ‘bool cmaple::do_merge_ORACGT_ORACGT(const SeqRegion&, const SeqRegion&, RealNumType, RealNumType, RealNumType, PositionType, const Alignment*, const ModelBase*, RealNumType, std::unique_ptr<SeqRegions>&, bool, RealNumType&) [with short unsigned int num_states = 20]’:
#39 124.6 /opt/pg/artifact/build/source/cmaple/tree/../alignment/seqregions.h:1872:35: warning: iteration 4 invokes undefined behavior [-Waggressive-loop-optimizations]
#39 124.6  1872 |                    seq1_lh_vec[i] *= model->root_freqs[i];
#39 124.6 /opt/pg/artifact/build/source/cmaple/tree/../alignment/seqregions.h:1870:35: note: within this loop
#39 124.6  1870 |                for (auto i = 0; i < num_states; ++i)
#39 124.6       |                                 ~~^~~~~~~~~~~~
#39 124.6 /opt/pg/artifact/build/source/cmaple/tree/../alignment/seqregions.h:1940:20: warning: iteration 4 invokes undefined behavior [-Waggressive-loop-optimizations]
#39 124.6  1940 |         total_prob += merged_lh_vec[i];
#39 124.6 /opt/pg/artifact/build/source/cmaple/tree/../alignment/seqregions.h:1939:24: note: within this loop
#39 124.6  1939 |     for (auto i = 0; i < num_states; ++i)
#39 124.6       |                      ~~^~~~~~~~~~~~
#39 127.0 [ 80%] Building CXX object simulator/CMakeFiles/simulator.dir/alisimulatorinvar.cpp.o
#39 128.4 [ 80%] Building CXX object simulator/CMakeFiles/simulator.dir/alisimulatorheterogeneity.cpp.o
#39 128.6 In file included from /opt/pg/artifact/build/source/cmaple/tree/../alignment/../model/modelbase.h:8,
#39 128.6                  from /opt/pg/artifact/build/source/cmaple/tree/../alignment/seqregions.h:4:
#39 128.6 In function ‘void resetVec(cmaple::RealNumType*) [with short unsigned int length = 20]’,
#39 128.6     inlined from ‘cmaple::RealNumType resetLhVecExceptState(cmaple::RealNumType*, cmaple::StateType, cmaple::RealNumType) [with short unsigned int length = 20]’ at /opt/pg/artifact/build/source/cmaple/tree/../alignment/../model/../utils/matrix.h:293:21,
#39 128.6     inlined from ‘void cmaple::merge_O_ORACGT(const SeqRegion&, const SeqRegion&, RealNumType, RealNumType, PositionType, RealNumType, const ModelBase*, const Alignment*, SeqRegions&) [with short unsigned int num_states = 20]’ at /opt/pg/artifact/build/source/cmaple/tree/../alignment/seqregions.h:1160:54:
#39 128.6 /opt/pg/artifact/build/source/cmaple/tree/../alignment/../model/../utils/matrix.h:286:20: warning: ‘void* __builtin_memset(void*, int, long unsigned int)’ writing 160 bytes into a region of size 32 overflows the destination [-Wstringop-overflow=]
#39 128.6   286 |         set_vec[i] = 0;
#39 128.6       |         ~~~~~~~~~~~^~~
#39 128.6 In file included from /opt/pg/artifact/build/source/cmaple/tree/../alignment/../model/../alignment/mutation.h:1,
#39 128.6                  from /opt/pg/artifact/build/source/cmaple/tree/../alignment/../model/../alignment/sequence.h:4,
#39 128.6                  from /opt/pg/artifact/build/source/cmaple/tree/../alignment/../model/../alignment/alignment.h:2,
#39 128.6                  from /opt/pg/artifact/build/source/cmaple/tree/../alignment/../model/modelbase.h:7:
#39 128.6 In function ‘std::unique_ptr<_Tp> cmaple::make_unique(Args&& ...) [with T = std::array<double, 4>; Args = {}]’,
#39 128.6     inlined from ‘void cmaple::merge_O_ORACGT(const SeqRegion&, const SeqRegion&, RealNumType, RealNumType, PositionType, RealNumType, const ModelBase*, const Alignment*, SeqRegions&) [with short unsigned int num_states = 20]’ at /opt/pg/artifact/build/source/cmaple/tree/../alignment/seqregions.h:1125:8:
#39 128.6 /opt/pg/artifact/build/source/cmaple/tree/../alignment/../model/../alignment/../utils/tools.h:1384:29: note: destination object of size 32 allocated by ‘operator new’
#39 128.6  1384 |   return std::unique_ptr<T>(new T(std::forward<Args>(args)...));
#39 128.6       |                             ^~~~~~~~~~~~~~~~~~~~~~~~~~~~~~~~~~
#39 128.7 In function ‘void resetVec(cmaple::RealNumType*) [with short unsigned int length = 20]’,
#39 128.7     inlined from ‘cmaple::RealNumType resetLhVecExceptState(cmaple::RealNumType*, cmaple::StateType, cmaple::RealNumType) [with short unsigned int length = 20]’ at /opt/pg/artifact/build/source/cmaple/tree/../alignment/../model/../utils/matrix.h:293:21,
#39 128.7     inlined from ‘bool cmaple::merge_RACGT_ORACGT_TwoLowers(const SeqRegion&, const SeqRegion&, RealNumType, RealNumType, PositionType, const Alignment*, const ModelBase*, RealNumType, RealNumType&, std::unique_ptr<SeqRegions>&, bool) [with short unsigned int num_states = 20]’ at /opt/pg/artifact/build/source/cmaple/tree/../alignment/seqregions.h:1793:38:
#39 128.7 /opt/pg/artifact/build/source/cmaple/tree/../alignment/../model/../utils/matrix.h:286:20: warning: ‘void* __builtin_memset(void*, int, long unsigned int)’ writing 160 bytes into a region of size 32 overflows the destination [-Wstringop-overflow=]
#39 128.7   286 |         set_vec[i] = 0;
#39 128.7       |         ~~~~~~~~~~~^~~
#39 128.7 In function ‘std::unique_ptr<_Tp> cmaple::make_unique(Args&& ...) [with T = std::array<double, 4>; Args = {}]’,
#39 128.7     inlined from ‘bool cmaple::merge_RACGT_ORACGT_TwoLowers(const SeqRegion&, const SeqRegion&, RealNumType, RealNumType, PositionType, const Alignment*, const ModelBase*, RealNumType, RealNumType&, std::unique_ptr<SeqRegions>&, bool) [with short unsigned int num_states = 20]’ at /opt/pg/artifact/build/source/cmaple/tree/../alignment/seqregions.h:1783:8:
#39 128.7 /opt/pg/artifact/build/source/cmaple/tree/../alignment/../model/../alignment/../utils/tools.h:1384:29: note: destination object of size 32 allocated by ‘operator new’
#39 128.7  1384 |   return std::unique_ptr<T>(new T(std::forward<Args>(args)...));
#39 128.7       |                             ^~~~~~~~~~~~~~~~~~~~~~~~~~~~~~~~~~
#39 129.7 In function ‘void resetVec(cmaple::RealNumType*) [with short unsigned int length = 20]’,
#39 129.7     inlined from ‘cmaple::RealNumType resetLhVecExceptState(cmaple::RealNumType*, cmaple::StateType, cmaple::RealNumType) [with short unsigned int length = 20]’ at /opt/pg/artifact/build/source/cmaple/tree/../alignment/../model/../utils/matrix.h:293:21,
#39 129.7     inlined from ‘void cmaple::merge_RACGT_RACGT(const SeqRegion&, const SeqRegion&, RealNumType, PositionType, SeqRegion::LHType&, const ModelBase*, const Alignment*, SeqRegions&) [with short unsigned int num_states = 20]’ at /opt/pg/artifact/build/source/cmaple/tree/../alignment/seqregions.h:1230:51,
#39 129.7     inlined from ‘void cmaple::merge_RACGT_ORACGT(const SeqRegion&, const SeqRegion&, RealNumType, RealNumType, RealNumType, PositionType, RealNumType, const ModelBase*, const Alignment*, SeqRegions&) [with short unsigned int num_states = 20]’ at /opt/pg/artifact/build/source/cmaple/tree/../alignment/seqregions.h:1305:34:
#39 129.7 /opt/pg/artifact/build/source/cmaple/tree/../alignment/../model/../utils/matrix.h:286:20: warning: ‘void* __builtin_memset(void*, int, long unsigned int)’ writing 160 bytes into a region of size 32 overflows the destination [-Wstringop-overflow=]
#39 129.7   286 |         set_vec[i] = 0;
#39 129.7       |         ~~~~~~~~~~~^~~
#39 129.7 In function ‘std::unique_ptr<_Tp> cmaple::make_unique(Args&& ...) [with T = std::array<double, 4>; Args = {}]’,
#39 129.7     inlined from ‘void cmaple::merge_RACGT_ORACGT(const SeqRegion&, const SeqRegion&, RealNumType, RealNumType, RealNumType, PositionType, RealNumType, const ModelBase*, const Alignment*, SeqRegions&) [with short unsigned int num_states = 20]’ at /opt/pg/artifact/build/source/cmaple/tree/../alignment/seqregions.h:1262:8:
#39 129.7 /opt/pg/artifact/build/source/cmaple/tree/../alignment/../model/../alignment/../utils/tools.h:1384:29: note: destination object of size 32 allocated by ‘operator new’
#39 129.7  1384 |   return std::unique_ptr<T>(new T(std::forward<Args>(args)...));
#39 129.7       |                             ^~~~~~~~~~~~~~~~~~~~~~~~~~~~~~~~~~
#39 130.2 [ 80%] Building CXX object simulator/CMakeFiles/simulator.dir/alisimulatorheterogeneityinvar.cpp.o
#39 131.3 [ 81%] Linking CXX static library libsimulator.a
#39 131.3 [ 81%] Built target simulator
#39 131.3 [ 81%] Building CXX object cmaple/tree/CMakeFiles/cmaple_tree.dir/updatingnode.cpp.o
#39 132.2 [ 81%] Building CXX object cmaple/tree/CMakeFiles/cmaple_tree.dir/traversingnode.cpp.o
#39 132.9 [ 82%] Building CXX object cmaple/tree/CMakeFiles/cmaple_tree.dir/phylonode.cpp.o
#39 134.2 [ 82%] Building CXX object alignment/CMakeFiles/alignment.dir/substitution.cpp.o
#39 134.2 In function ‘void resetVec(cmaple::RealNumType*) [with short unsigned int length = 20]’,
#39 134.2     inlined from ‘cmaple::RealNumType resetLhVecExceptState(cmaple::RealNumType*, cmaple::StateType, cmaple::RealNumType) [with short unsigned int length = 20]’ at /opt/pg/artifact/build/source/cmaple/tree/../alignment/../model/../utils/matrix.h:293:21,
#39 134.2     inlined from ‘cmaple::SeqRegion::LHType cmaple::initLhVecMerge(StateType, RealNumType, const ModelBase*, bool, const SeqRegion::LHPtrType&) [with short unsigned int num_states = 20]’ at /opt/pg/artifact/build/source/cmaple/tree/../alignment/seqregions.h:1589:46:
#39 134.2 /opt/pg/artifact/build/source/cmaple/tree/../alignment/../model/../utils/matrix.h:286:20: warning: ‘void* __builtin_memset(void*, int, long unsigned int)’ writing 160 bytes into a region of size 32 overflows the destination [-Wstringop-overflow=]
#39 134.2   286 |         set_vec[i] = 0;
#39 134.2       |         ~~~~~~~~~~~^~~
#39 134.2 /opt/pg/artifact/build/source/cmaple/tree/../alignment/seqregions.h: In function ‘cmaple::SeqRegion::LHType cmaple::initLhVecMerge(StateType, RealNumType, const ModelBase*, bool, const SeqRegion::LHPtrType&) [with short unsigned int num_states = 20]’:
#39 134.2 /opt/pg/artifact/build/source/cmaple/tree/../alignment/seqregions.h:1556:23: note: destination object ‘output_lh_vec’ of size 32
#39 134.2  1556 |     SeqRegion::LHType output_lh_vec;
#39 134.2       |                       ^~~~~~~~~~~~~
#39 134.3 In function ‘void resetVec(cmaple::RealNumType*) [with short unsigned int length = 20]’,
#39 134.3     inlined from ‘cmaple::RealNumType resetLhVecExceptState(cmaple::RealNumType*, cmaple::StateType, cmaple::RealNumType) [with short unsigned int length = 20]’ at /opt/pg/artifact/build/source/cmaple/tree/../alignment/../model/../utils/matrix.h:293:21,
#39 134.3     inlined from ‘bool cmaple::do_merge_ORACGT_ORACGT(const SeqRegion&, const SeqRegion&, RealNumType, RealNumType, RealNumType, PositionType, const Alignment*, const ModelBase*, RealNumType, std::unique_ptr<SeqRegions>&, bool, RealNumType&) [with short unsigned int num_states = 20]’ at /opt/pg/artifact/build/source/cmaple/tree/../alignment/seqregions.h:1898:45,
#39 134.3     inlined from ‘bool cmaple::calSiteLhs_ORACGT_ORACGT(std::vector<double>&, const SeqRegion&, const SeqRegion&, RealNumType, RealNumType, RealNumType, PositionType, const Alignment*, const ModelBase*, RealNumType, std::unique_ptr<SeqRegions>&, RealNumType&) [with short unsigned int num_states = 20]’ at /opt/pg/artifact/build/source/cmaple/tree/../alignment/seqregions.h:2692:44,
#39 134.3     inlined from ‘bool cmaple::calSiteLhs_notN_notN(std::vector<double>&, const SeqRegion&, const SeqRegion&, RealNumType, RealNumType, PositionType, PositionType, const Alignment*, const ModelBase*, const RealNumType*, RealNumType, RealNumType&, RealNumType&, std::unique_ptr<SeqRegions>&) [with short unsigned int num_states = 20]’ at /opt/pg/artifact/build/source/cmaple/tree/../alignment/seqregions.h:2764:50:
#39 134.3 /opt/pg/artifact/build/source/cmaple/tree/../alignment/../model/../utils/matrix.h:286:20: warning: ‘void* __builtin_memset(void*, int, long unsigned int)’ writing 160 bytes into a region of size 32 overflows the destination [-Wstringop-overflow=]
#39 134.3   286 |         set_vec[i] = 0;
#39 134.3       |         ~~~~~~~~~~~^~~
#39 134.3 /opt/pg/artifact/build/source/cmaple/tree/../alignment/seqregions.h: In function ‘bool cmaple::calSiteLhs_notN_notN(std::vector<double>&, const SeqRegion&, const SeqRegion&, RealNumType, RealNumType, PositionType, PositionType, const Alignment*, const ModelBase*, const RealNumType*, RealNumType, RealNumType&, RealNumType&, std::unique_ptr<SeqRegions>&) [with short unsigned int num_states = 20]’:
#39 134.3 /opt/pg/artifact/build/source/cmaple/tree/../alignment/seqregions.h:1826:23: note: destination object ‘seq1_lh_vec’ of size 32
#39 134.3  1826 |     SeqRegion::LHType seq1_lh_vec, seq2_lh_vec;
#39 134.3       |                       ^~~~~~~~~~~
#39 134.3 In function ‘void resetVec(cmaple::RealNumType*) [with short unsigned int length = 20]’,
#39 134.3     inlined from ‘cmaple::RealNumType resetLhVecExceptState(cmaple::RealNumType*, cmaple::StateType, cmaple::RealNumType) [with short unsigned int length = 20]’ at /opt/pg/artifact/build/source/cmaple/tree/../alignment/../model/../utils/matrix.h:293:21,
#39 134.3     inlined from ‘bool cmaple::do_merge_ORACGT_ORACGT(const SeqRegion&, const SeqRegion&, RealNumType, RealNumType, RealNumType, PositionType, const Alignment*, const ModelBase*, RealNumType, std::unique_ptr<SeqRegions>&, bool, RealNumType&) [with short unsigned int num_states = 20]’ at /opt/pg/artifact/build/source/cmaple/tree/../alignment/seqregions.h:1931:45,
#39 134.3     inlined from ‘bool cmaple::calSiteLhs_ORACGT_ORACGT(std::vector<double>&, const SeqRegion&, const SeqRegion&, RealNumType, RealNumType, RealNumType, PositionType, const Alignment*, const ModelBase*, RealNumType, std::unique_ptr<SeqRegions>&, RealNumType&) [with short unsigned int num_states = 20]’ at /opt/pg/artifact/build/source/cmaple/tree/../alignment/seqregions.h:2692:44,
#39 134.3     inlined from ‘bool cmaple::calSiteLhs_notN_notN(std::vector<double>&, const SeqRegion&, const SeqRegion&, RealNumType, RealNumType, PositionType, PositionType, const Alignment*, const ModelBase*, const RealNumType*, RealNumType, RealNumType&, RealNumType&, std::unique_ptr<SeqRegions>&) [with short unsigned int num_states = 20]’ at /opt/pg/artifact/build/source/cmaple/tree/../alignment/seqregions.h:2764:50:
#39 134.3 /opt/pg/artifact/build/source/cmaple/tree/../alignment/../model/../utils/matrix.h:286:20: warning: ‘void* __builtin_memset(void*, int, long unsigned int)’ writing 160 bytes into a region of size 32 overflows the destination [-Wstringop-overflow=]
#39 134.3   286 |         set_vec[i] = 0;
#39 134.3       |         ~~~~~~~~~~~^~~
#39 134.3 /opt/pg/artifact/build/source/cmaple/tree/../alignment/seqregions.h: In function ‘bool cmaple::calSiteLhs_notN_notN(std::vector<double>&, const SeqRegion&, const SeqRegion&, RealNumType, RealNumType, PositionType, PositionType, const Alignment*, const ModelBase*, const RealNumType*, RealNumType, RealNumType&, RealNumType&, std::unique_ptr<SeqRegions>&) [with short unsigned int num_states = 20]’:
#39 134.3 /opt/pg/artifact/build/source/cmaple/tree/../alignment/seqregions.h:1826:36: note: destination object ‘seq2_lh_vec’ of size 32
#39 134.3  1826 |     SeqRegion::LHType seq1_lh_vec, seq2_lh_vec;
#39 134.3       |                                    ^~~~~~~~~~~
#39 134.9 [ 82%] Building CXX object alignment/CMakeFiles/alignment.dir/pattern.cpp.o
#39 135.8 [ 82%] Building CXX object alignment/CMakeFiles/alignment.dir/alignment.cpp.o
#39 137.2 [ 82%] Linking CXX static library libcmaple_tree.a
#39 137.3 [ 82%] Built target cmaple_tree
#39 137.3 [ 82%] Building CXX object cmaple/maple/CMakeFiles/maple.dir/cmaple.cpp.o
#39 138.3 In file included from /usr/include/boost/math/distributions/binomial.hpp:83,
#39 138.3                  from /opt/pg/artifact/build/source/alignment/alignment.cpp:27:
#39 138.3 /usr/include/boost/math/special_functions/beta.hpp: In instantiation of ‘boost::math::detail::ibeta_fraction2_t<T>::result_type boost::math::detail::ibeta_fraction2_t<T>::operator()() [with T = long double; result_type = std::pair<long double, long double>]’:
#39 138.3 /usr/include/boost/math/tools/fraction.hpp:123:20:   required from ‘typename boost::math::tools::detail::fraction_traits<Gen>::result_type boost::math::tools::continued_fraction_b(Gen&, const U&, uintmax_t&) [with Gen = boost::math::detail::ibeta_fraction2_t<long double>; U = long double; typename detail::fraction_traits<Gen>::result_type = long double; uintmax_t = long unsigned int]’
#39 138.3 /usr/include/boost/math/tools/fraction.hpp:156:31:   required from ‘typename boost::math::tools::detail::fraction_traits<Gen>::result_type boost::math::tools::continued_fraction_b(Gen&, const U&) [with Gen = boost::math::detail::ibeta_fraction2_t<long double>; U = long double; typename detail::fraction_traits<Gen>::result_type = long double]’
#39 138.3 /usr/include/boost/math/special_functions/beta.hpp:732:54:   required from ‘T boost::math::detail::ibeta_fraction2(T, T, T, T, const Policy&, bool, T*) [with T = long double; Policy = boost::math::policies::policy<boost::math::policies::promote_float<false>, boost::math::policies::promote_double<false>, boost::math::policies::default_policy, boost::math::policies::default_policy, boost::math::policies::default_policy, boost::math::policies::default_policy, boost::math::policies::default_policy, boost::math::policies::default_policy, boost::math::policies::default_policy, boost::math::policies::default_policy, boost::math::policies::default_policy>]’
#39 138.3 /usr/include/boost/math/special_functions/beta.hpp:1377:36:   required from ‘T boost::math::detail::ibeta_imp(T, T, T, const Policy&, bool, bool, T*) [with T = long double; Policy = boost::math::policies::policy<boost::math::policies::promote_float<false>, boost::math::policies::promote_double<false>, boost::math::policies::default_policy, boost::math::policies::default_policy, boost::math::policies::default_policy, boost::math::policies::default_policy, boost::math::policies::default_policy, boost::math::policies::default_policy, boost::math::policies::default_policy, boost::math::policies::default_policy, boost::math::policies::default_policy>]’
#39 138.3 /usr/include/boost/math/special_functions/beta.hpp:1414:20:   required from ‘T boost::math::detail::ibeta_imp(T, T, T, const Policy&, bool, bool) [with T = long double; Policy = boost::math::policies::policy<boost::math::policies::promote_float<false>, boost::math::policies::promote_double<false>, boost::math::policies::default_policy, boost::math::policies::default_policy, boost::math::policies::default_policy, boost::math::policies::default_policy, boost::math::policies::default_policy, boost::math::policies::default_policy, boost::math::policies::default_policy, boost::math::policies::default_policy, boost::math::policies::default_policy>]’
#39 138.3 /usr/include/boost/math/special_functions/beta.hpp:1570:93:   required from ‘boost::math::tools::promote_args_t<RT1, RT2, A> boost::math::ibeta(RT1, RT2, RT3, const Policy&) [with RT1 = double; RT2 = double; RT3 = double; Policy = policies::policy<policies::default_policy, policies::default_policy, policies::default_policy, policies::default_policy, policies::default_policy, policies::default_policy, policies::default_policy, policies::default_policy, policies::default_policy, policies::default_policy, policies::default_policy>; tools::promote_args_t<RT1, RT2, A> = double]’
#39 138.3 /usr/include/boost/math/distributions/binomial.hpp:648:21:   required from ‘RealType boost::math::cdf(const complemented2_type<binomial_distribution<RealType, Policy>, RealType>&) [with RealType = double; Policy = policies::policy<policies::default_policy, policies::default_policy, policies::default_policy, policies::default_policy, policies::default_policy, policies::default_policy, policies::default_policy, policies::default_policy, policies::default_policy, policies::default_policy, policies::default_policy>]’
#39 138.3 /usr/include/boost/math/distributions/detail/derived_accessors.hpp:150:14:   required from ‘typename Distribution::value_type boost::math::cdf(const complemented2_type<Dist, RealType>&) [with Distribution = binomial_distribution<>; RealType = int; typename Distribution::value_type = double]’
#39 138.3 /opt/pg/artifact/build/source/alignment/alignment.cpp:5701:23:   required from here
#39 138.3 /usr/include/boost/math/special_functions/beta.hpp:695:16: note: parameter passing for argument of type ‘std::pair<long double, long double>’ when C++17 is enabled changed to match C++14 in GCC 10.1
#39 138.3   695 |    result_type operator()()
#39 138.3       |                ^~~~~~~~
#39 138.6 [ 82%] Linking CXX static library libmaple.a
#39 138.7 [ 82%] Built target maple
#39 138.7 [ 82%] Building CXX object cmaple/CMakeFiles/cmaple.dir/main/main.cpp.o
#39 139.6 [ 82%] Linking CXX executable cmaple
#39 139.8 [ 82%] Built target cmaple
#39 139.8 [ 83%] Building CXX object alignment/CMakeFiles/alignment.dir/alignmentpairwise.cpp.o
#39 140.9 [ 83%] Building CXX object alignment/CMakeFiles/alignment.dir/alignmentsummary.cpp.o
#39 141.6 [ 83%] Building CXX object alignment/CMakeFiles/alignment.dir/maalignment.cpp.o
#39 142.5 [ 84%] Building CXX object alignment/CMakeFiles/alignment.dir/superalignment.cpp.o
#39 145.8 [ 84%] Building CXX object alignment/CMakeFiles/alignment.dir/superalignmentpairwise.cpp.o
#39 147.2 [ 84%] Building CXX object alignment/CMakeFiles/alignment.dir/superalignmentpairwiseplen.cpp.o
#39 148.2 [ 85%] Building CXX object alignment/CMakeFiles/alignment.dir/superalignmentunlinked.cpp.o
#39 148.4 [ 85%] Building CXX object alignment/CMakeFiles/alignment.dir/sequence.cpp.o
#39 148.9 [ 85%] Building CXX object alignment/CMakeFiles/alignment.dir/sequencechunkstr.cpp.o
#39 149.3 [ 85%] Linking CXX static library libalignment.a
#39 149.4 [ 85%] Built target alignment
#39 149.4 [ 85%] Building CXX object tree/CMakeFiles/tree.dir/constrainttree.cpp.o
#39 149.4 [ 85%] Building CXX object tree/CMakeFiles/tree.dir/candidateset.cpp.o
#39 150.6 [ 86%] Building CXX object tree/CMakeFiles/tree.dir/iqtree.cpp.o
#39 151.6 [ 86%] Building CXX object tree/CMakeFiles/tree.dir/iqtreemix.cpp.o
#39 155.0 [ 86%] Building CXX object tree/CMakeFiles/tree.dir/iqtreemixhmm.cpp.o
#39 156.1 [ 86%] Building CXX object tree/CMakeFiles/tree.dir/matree.cpp.o
#39 156.7 [ 87%] Building CXX object tree/CMakeFiles/tree.dir/memslot.cpp.o
#39 157.0 [ 87%] Building CXX object tree/CMakeFiles/tree.dir/mexttree.cpp.o
#39 157.8 [ 87%] Building CXX object tree/CMakeFiles/tree.dir/mtree.cpp.o
#39 158.0 [ 88%] Building CXX object tree/CMakeFiles/tree.dir/mtreeset.cpp.o
#39 159.8 [ 88%] Building CXX object tree/CMakeFiles/tree.dir/ncbitree.cpp.o
#39 160.7 [ 88%] Building CXX object tree/CMakeFiles/tree.dir/node.cpp.o
#39 160.8 [ 89%] Building CXX object tree/CMakeFiles/tree.dir/genomenode.cpp.o
#39 161.1 [ 89%] Building CXX object tree/CMakeFiles/tree.dir/genometree.cpp.o
#39 161.4 [ 89%] Building CXX object tree/CMakeFiles/tree.dir/phylonode.cpp.o
#39 161.6 [ 89%] Building CXX object tree/CMakeFiles/tree.dir/phylonodemixlen.cpp.o
#39 162.0 [ 90%] Building CXX object tree/CMakeFiles/tree.dir/phylosuperhmm.cpp.o
#39 162.3 [ 90%] Building CXX object tree/CMakeFiles/tree.dir/phylosupertree.cpp.o
#39 163.1 [ 90%] Building CXX object tree/CMakeFiles/tree.dir/phylosupertreeplen.cpp.o
#39 164.9 [ 91%] Building CXX object tree/CMakeFiles/tree.dir/phylosupertreeunlinked.cpp.o
#39 165.6 [ 91%] Building CXX object tree/CMakeFiles/tree.dir/phylotree.cpp.o
#39 166.3 [ 91%] Building CXX object tree/CMakeFiles/tree.dir/phylotreemixlen.cpp.o
#39 168.0 [ 92%] Building CXX object tree/CMakeFiles/tree.dir/phylotreepars.cpp.o
#39 170.0 [ 92%] Building CXX object tree/CMakeFiles/tree.dir/phylotreesse.cpp.o
#39 170.5 [ 92%] Building CXX object tree/CMakeFiles/tree.dir/quartet.cpp.o
#39 171.2 [ 92%] Building CXX object tree/CMakeFiles/tree.dir/supernode.cpp.o
#39 171.8 [ 93%] Building CXX object tree/CMakeFiles/tree.dir/tinatree.cpp.o
#39 172.6 [ 93%] Building CXX object tree/CMakeFiles/tree.dir/parstree.cpp.o
#39 172.9 [ 93%] Building CXX object tree/CMakeFiles/tree.dir/discordance.cpp.o
#39 173.6 [ 94%] Building CXX object tree/CMakeFiles/tree.dir/phylohmm.cpp.o
#39 175.6 [ 94%] Linking CXX static library libtree.a
#39 175.8 [ 94%] Built target tree
#39 175.8 [ 94%] Building CXX object terrace/CMakeFiles/terrace.dir/terracenode.cpp.o
#39 175.8 [ 95%] Building CXX object terracetphast/CMakeFiles/terracetphast.dir/terracetphast.cpp.o
#39 176.4 [ 95%] Building CXX object terrace/CMakeFiles/terrace.dir/terracetree.cpp.o
#39 176.9 [ 95%] Linking CXX static library libterracetphast.a
#39 176.9 [ 95%] Built target terracetphast
#39 176.9 [ 96%] Building CXX object terrace/CMakeFiles/terrace.dir/presenceabsencematrix.cpp.o
#39 177.2 [ 96%] Building CXX object terrace/CMakeFiles/terrace.dir/terrace.cpp.o
#39 179.6 [ 96%] Linking CXX static library libterrace.a
#39 179.6 [ 96%] Built target terrace
#39 179.6 [ 97%] Building CXX object main/CMakeFiles/main.dir/main.cpp.o
#39 179.6 [ 97%] Building CXX object main/CMakeFiles/main.dir/phyloanalysis.cpp.o
#39 184.0 [ 97%] Building CXX object main/CMakeFiles/main.dir/phylotesting.cpp.o
#39 185.2 /opt/pg/artifact/build/source/main/phylotesting.cpp: In function ‘char* initFreqSet(PML::SeqType)’:
#39 185.2 /opt/pg/artifact/build/source/main/phylotesting.cpp:7010:34: warning: ISO C++ forbids converting a string constant to ‘char*’ [-Wwrite-strings]
#39 185.2  7010 |         case SEQ_CODON:   return ",F1X4,F3X4";
#39 185.2       |                                  ^~~~~~~~~~~~
#39 185.2 /opt/pg/artifact/build/source/main/phylotesting.cpp:7011:34: warning: ISO C++ forbids converting a string constant to ‘char*’ [-Wwrite-strings]
#39 185.2  7011 |         case SEQ_MORPH:   return "FQ";
#39 185.2       |                                  ^~~~
#39 185.2 /opt/pg/artifact/build/source/main/phylotesting.cpp:7012:34: warning: ISO C++ forbids converting a string constant to ‘char*’ [-Wwrite-strings]
#39 185.2  7012 |         case SEQ_PROTEIN: return ",FO";
#39 185.2       |                                  ^~~~~
#39 185.2 /opt/pg/artifact/build/source/main/phylotesting.cpp:7013:34: warning: ISO C++ forbids converting a string constant to ‘char*’ [-Wwrite-strings]
#39 185.2  7013 |         default:          return "FO";
#39 185.2       |                                  ^~~~
#39 190.1 [ 98%] Building CXX object main/CMakeFiles/main.dir/treetesting.cpp.o
#39 191.5 [ 98%] Building CXX object main/CMakeFiles/main.dir/timetree.cpp.o
#39 192.4 [ 98%] Building CXX object main/CMakeFiles/main.dir/alisim.cpp.o
#39 193.8 [ 98%] Building CXX object main/CMakeFiles/main.dir/terraceanalysis.cpp.o
#39 197.7 [100%] Linking CXX static library libmain.a
#39 197.8 [100%] Built target main
#39 197.9 [100%] Building CXX object CMakeFiles/iqtree3.dir/obsolete/parsmultistate.cpp.o
#39 198.7 [100%] Linking CXX executable iqtree3
#39 200.2 [100%] Built target iqtree3
#39 200.3 -- The C compiler identification is GNU 13.3.0
#39 200.3 -- The CXX compiler identification is GNU 13.3.0
#39 200.3 -- Detecting C compiler ABI info
#39 200.3 -- Detecting C compiler ABI info - done
#39 200.3 -- Check for working C compiler: /usr/bin/cc - skipped
#39 200.3 -- Detecting C compile features
#39 200.3 -- Detecting C compile features - done
#39 200.4 -- Detecting CXX compiler ABI info
#39 200.4 -- Detecting CXX compiler ABI info - done
#39 200.4 -- Check for working CXX compiler: /usr/bin/c++ - skipped
#39 200.4 -- Detecting CXX compile features
#39 200.4 -- Detecting CXX compile features - done
#39 200.4 -- Found Boost: /usr/lib/aarch64-linux-gnu/cmake/Boost-1.83.0/BoostConfig.cmake (found version "1.83.0")
#39 200.4 -- Looking for gettimeofday
#39 200.4 -- Looking for gettimeofday - found
#39 200.4 -- Looking for getrusage
#39 200.5 -- Looking for getrusage - found
#39 200.5 -- Looking for GlobalMemoryStatusEx
#39 200.5 -- Looking for GlobalMemoryStatusEx - not found
#39 200.5 -- Looking for strndup
#39 200.6 -- Looking for strndup - found
#39 200.6 -- Looking for strtok_r
#39 200.6 -- Looking for strtok_r - found
#39 200.6 -- Looking for unistd.h
#39 200.6 -- Looking for unistd.h - found
#39 200.6 -- Looking for backtrace
#39 200.7 -- Looking for backtrace - found
#39 200.7 -- backtrace facility detected in default set of libraries
#39 200.7 -- Found Backtrace: /usr/include
#39 200.7 IQ-TREE flags :
#39 200.7 Build mode   : Release
#39 200.7 Build lib    : ON
#39 200.7 Unix/Linux ARM64 DETECTED!
#39 200.7 Integrate CMAPLE: OFF
#39 200.7 Integrate CMAPLE_AA: OFF
#39 200.7 Compile Rust Dependencies: OFF
#39 200.7 Build IQTREE library: ON
#39 200.7 Target OS     : Unix
#39 200.7 Compiler      : GNU Compiler (gcc)
#39 200.7 Compiler version: 13.3.0
#39 200.7 Target binary : 64-bit
#39 200.7 OpenMP        : Yes
#39 200.7 MPI           : NONE
#39 200.7 C flags       :  -pthread  -O2 -g -ffunction-sections -fdata-sections
#39 200.7 CXX flags     :  -fopenmp -pthread  -O2 -g -ffunction-sections -fdata-sections
#39 200.7 LINKER flags  :  -rdynamic  -Wl,--gc-sections
#39 200.7 -- Found ZLIB: /usr/lib/aarch64-linux-gnu/libz.so (found version "1.3")
#39 200.7 Using system zlib
#39 200.7 -- Performing Test FLAG_WEXTRA
#39 200.7 -- Performing Test FLAG_WEXTRA - Success
#39 200.7 -- clang-tidy not found.
#39 200.7 -- Configuring done (0.5s)
#39 200.8 -- Generating done (0.0s)
#39 200.8 -- Build files have been written to: /opt/pg/artifact/build/library
#39 200.8 [  1%] Building CXX object CMakeFiles/kernelsse.dir/tree/phylokernelsse.cpp.o
#39 200.8 [  1%] Building CXX object lsd2/CMakeFiles/lsd2.dir/src/confidence_interval.cpp.o
#39 202.2 [  1%] Building CXX object lsd2/CMakeFiles/lsd2.dir/src/dating.cpp.o
#39 203.1 [  2%] Building CXX object lsd2/CMakeFiles/lsd2.dir/src/estimate_root.cpp.o
#39 204.4 [  2%] Building CXX object lsd2/CMakeFiles/lsd2.dir/src/lsd.cpp.o
#39 205.3 [  2%] Building CXX object lsd2/CMakeFiles/lsd2.dir/src/options.cpp.o
#39 205.6 /opt/pg/artifact/build/source/lsd2/src/options.cpp: In function ‘Pr* getInterface()’:
#39 205.6 /opt/pg/artifact/build/source/lsd2/src/options.cpp:306:14: warning: ignoring return value of ‘char* fgets(char*, int, FILE*)’ declared with attribute ‘warn_unused_result’ [-Wunused-result]
#39 205.6   306 |         fgets(letter,3,stdin);
#39 205.6       |         ~~~~~^~~~~~~~~~~~~~~~
#39 205.6 /opt/pg/artifact/build/source/lsd2/src/options.cpp:311:22: warning: ignoring return value of ‘char* fgets(char*, int, FILE*)’ declared with attribute ‘warn_unused_result’ [-Wunused-result]
#39 205.6   311 |                 fgets( letter1, 3, stdin );
#39 205.6       |                 ~~~~~^~~~~~~~~~~~~~~~~~~~~
#39 205.6 /opt/pg/artifact/build/source/lsd2/src/options.cpp:338:10: warning: ignoring return value of ‘char* fgets(char*, int, FILE*)’ declared with attribute ‘warn_unused_result’ [-Wunused-result]
#39 205.6   338 |     fgets( letter, 3, stdin );
#39 205.6       |     ~~~~~^~~~~~~~~~~~~~~~~~~~
#39 205.6 /opt/pg/artifact/build/source/lsd2/src/options.cpp:342:14: warning: ignoring return value of ‘char* fgets(char*, int, FILE*)’ declared with attribute ‘warn_unused_result’ [-Wunused-result]
#39 205.6   342 |         fgets( letter, 3, stdin );
#39 205.6       |         ~~~~~^~~~~~~~~~~~~~~~~~~~
#39 205.6 /opt/pg/artifact/build/source/lsd2/src/options.cpp: In function ‘void setOptionsWithLetter(Pr*, char)’:
#39 205.6 /opt/pg/artifact/build/source/lsd2/src/options.cpp:872:22: warning: ignoring return value of ‘char* fgets(char*, int, FILE*)’ declared with attribute ‘warn_unused_result’ [-Wunused-result]
#39 205.6   872 |                 fgets(letter,3,stdin);
#39 205.6       |                 ~~~~~^~~~~~~~~~~~~~~~
#39 205.6 /opt/pg/artifact/build/source/lsd2/src/options.cpp:877:30: warning: ignoring return value of ‘char* fgets(char*, int, FILE*)’ declared with attribute ‘warn_unused_result’ [-Wunused-result]
#39 205.6   877 |                         fgets( letter1, 3, stdin );
#39 205.6       |                         ~~~~~^~~~~~~~~~~~~~~~~~~~~
#39 205.6 /opt/pg/artifact/build/source/lsd2/src/options.cpp:923:22: warning: ignoring return value of ‘char* fgets(char*, int, FILE*)’ declared with attribute ‘warn_unused_result’ [-Wunused-result]
#39 205.6   923 |                 fgets( letter, 3, stdin );
#39 205.6       |                 ~~~~~^~~~~~~~~~~~~~~~~~~~
#39 206.8 [  3%] Building CXX object lsd2/CMakeFiles/lsd2.dir/src/outliers.cpp.o
#39 208.2 [  3%] Building CXX object lsd2/CMakeFiles/lsd2.dir/src/readData.cpp.o
#39 209.4 [  3%] Building CXX object lsd2/CMakeFiles/lsd2.dir/src/utils.cpp.o
#39 212.2 [  4%] Linking CXX static library liblsd2.a
#39 212.3 [  4%] Built target lsd2
#39 212.3 [  4%] Building C object booster/CMakeFiles/booster.dir/bitset_index.c.o
#39 212.3 [  5%] Building C object booster/CMakeFiles/booster.dir/hashmap.c.o
#39 212.4 [  5%] Building C object booster/CMakeFiles/booster.dir/io.c.o
#39 212.4 [  5%] Building C object booster/CMakeFiles/booster.dir/sort.c.o
#39 212.4 [  6%] Building C object booster/CMakeFiles/booster.dir/tree.c.o
#39 212.8 [  6%] Building C object booster/CMakeFiles/booster.dir/booster.c.o
#39 212.9 [  6%] Building C object booster/CMakeFiles/booster.dir/hashtables_bfields.c.o
#39 213.0 [  7%] Building C object booster/CMakeFiles/booster.dir/prng.c.o
#39 213.0 [  7%] Building C object booster/CMakeFiles/booster.dir/stats.c.o
#39 213.1 [  7%] Building C object booster/CMakeFiles/booster.dir/tree_utils.c.o
#39 213.2 [  8%] Linking C static library libbooster.a
#39 213.2 [  8%] Built target booster
#39 213.2 [  9%] Building C object pll/CMakeFiles/pll.dir/alignment.c.o
#39 213.4 [  9%] Building C object pll/CMakeFiles/pll.dir/bipartitionList.c.o
#39 213.6 [  9%] Linking CXX static library libkernelsse.a
#39 213.6 [  9%] Built target kernelsse
#39 213.6 [  9%] Building CXX object ncl/CMakeFiles/ncl.dir/nxsassumptionsblock.cpp.o
#39 213.7 In file included from /opt/pg/artifact/build/source/pll/bipartitionList.c:29:
#39 213.7 /opt/pg/artifact/build/source/pll/bipartitionList.c: In function ‘insertHashRF’:
#39 213.7 /opt/pg/artifact/build/source/pll/mem_alloc.h:37:32: warning: ignoring return value of ‘posix_memalign’ declared with attribute ‘warn_unused_result’ [-Wunused-result]
#39 213.7    37 |     #define rax_posix_memalign posix_memalign
#39 213.7 /opt/pg/artifact/build/source/pll/bipartitionList.c:326:3: note: in expansion of macro ‘rax_posix_memalign’
#39 213.7   326 |   rax_posix_memalign ((void **)&(e->bitVector), PLL_BYTE_ALIGNMENT, (size_t)vectorLength * sizeof(unsigned int));
#39 213.7       |   ^~~~~~~~~~~~~~~~~~
#39 213.7 [  9%] Building C object pll/CMakeFiles/pll.dir/evaluateGenericSpecial.c.o
#39 214.2 [ 10%] Building C object pll/CMakeFiles/pll.dir/evaluatePartialGenericSpecial.c.o
#39 214.4 [ 10%] Building CXX object ncl/CMakeFiles/ncl.dir/nxsblock.cpp.o
#39 214.4 In file included from /opt/pg/artifact/build/source/pll/evaluatePartialGenericSpecial.c:31:
#39 214.4 /opt/pg/artifact/build/source/pll/evaluatePartialGenericSpecial.c: In function ‘evaluatePartialGTRCAT’:
#39 214.4 /opt/pg/artifact/build/source/pll/mem_alloc.h:37:32: warning: ignoring return value of ‘posix_memalign’ declared with attribute ‘warn_unused_result’ [-Wunused-result]
#39 214.4    37 |     #define rax_posix_memalign posix_memalign
#39 214.4 /opt/pg/artifact/build/source/pll/evaluatePartialGenericSpecial.c:1173:3: note: in expansion of macro ‘rax_posix_memalign’
#39 214.4  1173 |   rax_posix_memalign ((void **) &lVector, PLL_BYTE_ALIGNMENT, sizeof(double) * 4 * mxtips);
#39 214.4       |   ^~~~~~~~~~~~~~~~~~
#39 214.4 /opt/pg/artifact/build/source/pll/evaluatePartialGenericSpecial.c: In function ‘evaluatePartialGTRGAMMA’:
#39 214.4 /opt/pg/artifact/build/source/pll/mem_alloc.h:37:32: warning: ignoring return value of ‘posix_memalign’ declared with attribute ‘warn_unused_result’ [-Wunused-result]
#39 214.4    37 |     #define rax_posix_memalign posix_memalign
#39 214.4 /opt/pg/artifact/build/source/pll/evaluatePartialGenericSpecial.c:1015:3: note: in expansion of macro ‘rax_posix_memalign’
#39 214.4  1015 |   rax_posix_memalign ((void **)&lVector, PLL_BYTE_ALIGNMENT, sizeof(double) * 16 * mxtips);
#39 214.4       |   ^~~~~~~~~~~~~~~~~~
#39 214.4 /opt/pg/artifact/build/source/pll/evaluatePartialGenericSpecial.c: In function ‘evaluatePartialGTRCATPROT’:
#39 214.4 /opt/pg/artifact/build/source/pll/mem_alloc.h:37:32: warning: ignoring return value of ‘posix_memalign’ declared with attribute ‘warn_unused_result’ [-Wunused-result]
#39 214.4    37 |     #define rax_posix_memalign posix_memalign
#39 214.4 /opt/pg/artifact/build/source/pll/evaluatePartialGenericSpecial.c:1324:3: note: in expansion of macro ‘rax_posix_memalign’
#39 214.4  1324 |   rax_posix_memalign ((void **)&lVector, PLL_BYTE_ALIGNMENT, sizeof(double) * 20 * mxtips);
#39 214.4       |   ^~~~~~~~~~~~~~~~~~
#39 214.4 /opt/pg/artifact/build/source/pll/evaluatePartialGenericSpecial.c: In function ‘evaluatePartialGTRGAMMAPROT’:
#39 214.4 /opt/pg/artifact/build/source/pll/mem_alloc.h:37:32: warning: ignoring return value of ‘posix_memalign’ declared with attribute ‘warn_unused_result’ [-Wunused-result]
#39 214.4    37 |     #define rax_posix_memalign posix_memalign
#39 214.4 /opt/pg/artifact/build/source/pll/evaluatePartialGenericSpecial.c:934:3: note: in expansion of macro ‘rax_posix_memalign’
#39 214.4   934 |   rax_posix_memalign ((void **)&lVector, PLL_BYTE_ALIGNMENT, sizeof(double) * 80 * mxtips);
#39 214.4       |   ^~~~~~~~~~~~~~~~~~
#39 214.6 [ 10%] Building C object pll/CMakeFiles/pll.dir/fastDNAparsimony.c.o
#39 214.6 [ 11%] Building CXX object ncl/CMakeFiles/ncl.dir/nxscharactersblock.cpp.o
#39 214.8 In file included from /opt/pg/artifact/build/source/pll/fastDNAparsimony.c:29:
#39 214.8 /opt/pg/artifact/build/source/pll/fastDNAparsimony.c: In function ‘compressDNA’:
#39 214.8 /opt/pg/artifact/build/source/pll/mem_alloc.h:37:32: warning: ignoring return value of ‘posix_memalign’ declared with attribute ‘warn_unused_result’ [-Wunused-result]
#39 214.8    37 |     #define rax_posix_memalign posix_memalign
#39 214.8 /opt/pg/artifact/build/source/pll/fastDNAparsimony.c:1701:7: note: in expansion of macro ‘rax_posix_memalign’
#39 214.8  1701 |       rax_posix_memalign ((void **) &(pr->partitionData[model]->parsVect), PLL_BYTE_ALIGNMENT, (size_t)compressedEntriesPadded * states * totalNodes * sizeof(parsimonyNumber));
#39 214.8       |       ^~~~~~~~~~~~~~~~~~
#39 214.8 /opt/pg/artifact/build/source/pll/mem_alloc.h:37:32: warning: ignoring return value of ‘posix_memalign’ declared with attribute ‘warn_unused_result’ [-Wunused-result]
#39 214.8    37 |     #define rax_posix_memalign posix_memalign
#39 214.8 /opt/pg/artifact/build/source/pll/fastDNAparsimony.c:1777:3: note: in expansion of macro ‘rax_posix_memalign’
#39 214.8  1777 |   rax_posix_memalign ((void **) &(tr->parsimonyScore), PLL_BYTE_ALIGNMENT, sizeof(unsigned int) * totalNodes);
#39 214.8       |   ^~~~~~~~~~~~~~~~~~
#39 215.0 [ 11%] Building C object pll/CMakeFiles/pll.dir/hardware.c.o
#39 215.0 /opt/pg/artifact/build/source/pll/hardware.c: In function ‘pll_probe_cpu’:
#39 215.0 /opt/pg/artifact/build/source/pll/hardware.c:97:9: warning: ignoring return value of ‘fscanf’ declared with attribute ‘warn_unused_result’ [-Wunused-result]
#39 215.0    97 |         fscanf (fd, "%d", &id);
#39 215.0       |         ^~~~~~~~~~~~~~~~~~~~~~
#39 215.1 [ 12%] Building C object pll/CMakeFiles/pll.dir/hash.c.o
#39 215.3 [ 12%] Building C object pll/CMakeFiles/pll.dir/lexer.c.o
#39 215.3 [ 12%] Building C object pll/CMakeFiles/pll.dir/makenewzGenericSpecial.c.o
#39 215.5 In file included from /opt/pg/artifact/build/source/pll/makenewzGenericSpecial.c:29:
#39 215.5 /opt/pg/artifact/build/source/pll/makenewzGenericSpecial.c: In function ‘coreGTRCAT’:
#39 215.5 /opt/pg/artifact/build/source/pll/mem_alloc.h:37:32: warning: ignoring return value of ‘posix_memalign’ declared with attribute ‘warn_unused_result’ [-Wunused-result]
#39 215.5    37 |     #define rax_posix_memalign posix_memalign
#39 215.5 /opt/pg/artifact/build/source/pll/makenewzGenericSpecial.c:2686:3: note: in expansion of macro ‘rax_posix_memalign’
#39 215.5  2686 |   rax_posix_memalign ((void **) &d_start, PLL_BYTE_ALIGNMENT, numberOfCategories * 4 * sizeof(double));
#39 215.5       |   ^~~~~~~~~~~~~~~~~~
#39 215.5 /opt/pg/artifact/build/source/pll/makenewzGenericSpecial.c: In function ‘coreGTRCATPROT’:
#39 215.5 /opt/pg/artifact/build/source/pll/mem_alloc.h:37:32: warning: ignoring return value of ‘posix_memalign’ declared with attribute ‘warn_unused_result’ [-Wunused-result]
#39 215.5    37 |     #define rax_posix_memalign posix_memalign
#39 215.5 /opt/pg/artifact/build/source/pll/makenewzGenericSpecial.c:3061:3: note: in expansion of macro ‘rax_posix_memalign’
#39 215.5  3061 |   rax_posix_memalign ((void **)&d_start, PLL_BYTE_ALIGNMENT, numberOfCategories * 20 * sizeof(double));
#39 215.5       |   ^~~~~~~~~~~~~~~~~~
#39 215.9 [ 13%] Building C object pll/CMakeFiles/pll.dir/models.c.o
#39 216.5 [ 13%] Building CXX object ncl/CMakeFiles/ncl.dir/nxsdatablock.cpp.o
#39 216.8 [ 13%] Building CXX object ncl/CMakeFiles/ncl.dir/nxsdiscretedatum.cpp.o
#39 217.1 [ 13%] Building C object pll/CMakeFiles/pll.dir/newick.c.o
#39 217.1 [ 14%] Building CXX object ncl/CMakeFiles/ncl.dir/nxsdiscretematrix.cpp.o
#39 217.3 [ 14%] Building C object pll/CMakeFiles/pll.dir/newviewGenericSpecial.c.o
#39 217.5 In file included from /opt/pg/artifact/build/source/pll/newviewGenericSpecial.c:32:
#39 217.5 /opt/pg/artifact/build/source/pll/newviewGenericSpecial.c: In function ‘pllNewviewIterative’:
#39 217.5 /opt/pg/artifact/build/source/pll/mem_alloc.h:37:32: warning: ignoring return value of ‘posix_memalign’ declared with attribute ‘warn_unused_result’ [-Wunused-result]
#39 217.5    37 |     #define rax_posix_memalign posix_memalign
#39 217.5 /opt/pg/artifact/build/source/pll/newviewGenericSpecial.c:2766:13: note: in expansion of macro ‘rax_posix_memalign’
#39 217.5  2766 |             rax_posix_memalign ((void **)&x3_start, PLL_BYTE_ALIGNMENT, requiredLength);
#39 217.5       |             ^~~~~~~~~~~~~~~~~~
#39 217.5 /opt/pg/artifact/build/source/pll/mem_alloc.h:37:32: warning: ignoring return value of ‘posix_memalign’ declared with attribute ‘warn_unused_result’ [-Wunused-result]
#39 217.5    37 |     #define rax_posix_memalign posix_memalign
#39 217.5 /opt/pg/artifact/build/source/pll/newviewGenericSpecial.c:2795:17: note: in expansion of macro ‘rax_posix_memalign’
#39 217.5  2795 |                 rax_posix_memalign ((void **)&ex3, PLL_BYTE_ALIGNMENT, requiredExpLength);
#39 217.5       |                 ^~~~~~~~~~~~~~~~~~
#39 217.5 [ 14%] Building CXX object ncl/CMakeFiles/ncl.dir/nxsdistancedatum.cpp.o
#39 217.5 /opt/pg/artifact/build/source/pll/newviewGenericSpecial.c: In function ‘newviewAncestralIterative’:
#39 217.5 /opt/pg/artifact/build/source/pll/mem_alloc.h:37:32: warning: ignoring return value of ‘posix_memalign’ declared with attribute ‘warn_unused_result’ [-Wunused-result]
#39 217.5    37 |     #define rax_posix_memalign posix_memalign
#39 217.5 /opt/pg/artifact/build/source/pll/newviewGenericSpecial.c:3733:11: note: in expansion of macro ‘rax_posix_memalign’
#39 217.5  3733 |           rax_posix_memalign ((void **)&diagptable, PLL_BYTE_ALIGNMENT, categories * states * states * sizeof(double));
#39 217.5       |           ^~~~~~~~~~~~~~~~~~
#39 217.5 /opt/pg/artifact/build/source/pll/newviewGenericSpecial.c: In function ‘pllGetCLV’:
#39 217.5 /opt/pg/artifact/build/source/pll/mem_alloc.h:37:32: warning: ignoring return value of ‘posix_memalign’ declared with attribute ‘warn_unused_result’ [-Wunused-result]
#39 217.5    37 |     #define rax_posix_memalign posix_memalign
#39 217.5 /opt/pg/artifact/build/source/pll/newviewGenericSpecial.c:3803:3: note: in expansion of macro ‘rax_posix_memalign’
#39 217.5  3803 |   rax_posix_memalign ((void **)&diagptable, PLL_BYTE_ALIGNMENT, categories * states * states * sizeof (double));
#39 217.5       |   ^~~~~~~~~~~~~~~~~~
#39 217.8 [ 14%] Building CXX object ncl/CMakeFiles/ncl.dir/nxsdistancesblock.cpp.o
#39 218.5 [ 15%] Building CXX object ncl/CMakeFiles/ncl.dir/nxsemptyblock.cpp.o
#39 218.7 [ 16%] Building C object pll/CMakeFiles/pll.dir/genericParallelization.c.o
#39 218.8 [ 16%] Building CXX object ncl/CMakeFiles/ncl.dir/nxsexception.cpp.o
#39 219.1 [ 16%] Building CXX object ncl/CMakeFiles/ncl.dir/nxsreader.cpp.o
#39 219.1 [ 16%] Building C object pll/CMakeFiles/pll.dir/optimizeModel.c.o
#39 219.6 [ 17%] Building CXX object ncl/CMakeFiles/ncl.dir/nxssetreader.cpp.o
#39 219.8 [ 17%] Building C object pll/CMakeFiles/pll.dir/parsePartition.c.o
#39 220.0 [ 17%] Building CXX object ncl/CMakeFiles/ncl.dir/nxsstring.cpp.o
#39 220.0 [ 18%] Building C object pll/CMakeFiles/pll.dir/queue.c.o
#39 220.2 [ 18%] Building C object pll/CMakeFiles/pll.dir/randomTree.c.o
#39 220.4 [ 18%] Building C object pll/CMakeFiles/pll.dir/recom.c.o
#39 220.5 [ 18%] Building CXX object ncl/CMakeFiles/ncl.dir/nxstaxablock.cpp.o
#39 220.6 [ 19%] Building C object pll/CMakeFiles/pll.dir/restartHashTable.c.o
#39 220.8 [ 19%] Building C object pll/CMakeFiles/pll.dir/searchAlgo.c.o
#39 221.1 [ 20%] Building CXX object ncl/CMakeFiles/ncl.dir/nxstoken.cpp.o
#39 221.3 [ 20%] Building C object pll/CMakeFiles/pll.dir/ssort.c.o
#39 221.5 [ 21%] Building C object pll/CMakeFiles/pll.dir/stack.c.o
#39 221.7 [ 21%] Building CXX object ncl/CMakeFiles/ncl.dir/nxstreesblock.cpp.o
#39 221.7 [ 21%] Building C object pll/CMakeFiles/pll.dir/topologies.c.o
#39 222.0 [ 22%] Building C object pll/CMakeFiles/pll.dir/trash.c.o
#39 222.2 [ 22%] Building C object pll/CMakeFiles/pll.dir/treeIO.c.o
#39 222.4 [ 22%] Building C object pll/CMakeFiles/pll.dir/utils.c.o
#39 222.4 [ 22%] Linking CXX static library libncl.a
#39 222.5 [ 22%] Built target ncl
#39 222.5 [ 23%] Building CXX object nclextra/CMakeFiles/nclextra.dir/mpdablock.cpp.o
#39 222.6 In file included from /opt/pg/artifact/build/source/pll/utils.c:44:
#39 222.6 /opt/pg/artifact/build/source/pll/utils.c: In function ‘initializePartitionData’:
#39 222.6 /opt/pg/artifact/build/source/pll/mem_alloc.h:37:32: warning: ignoring return value of ‘posix_memalign’ declared with attribute ‘warn_unused_result’ [-Wunused-result]
#39 222.6    37 |     #define rax_posix_memalign posix_memalign
#39 222.6 /opt/pg/artifact/build/source/pll/utils.c:596:7: note: in expansion of macro ‘rax_posix_memalign’
#39 222.6   596 |       rax_posix_memalign ((void **)&(localPartitions->partitionData[model]->left),  PLL_BYTE_ALIGNMENT, (size_t)pl->leftLength * (maxCategories + 1) * sizeof(double));
#39 222.6       |       ^~~~~~~~~~~~~~~~~~
#39 222.6 /opt/pg/artifact/build/source/pll/mem_alloc.h:37:32: warning: ignoring return value of ‘posix_memalign’ declared with attribute ‘warn_unused_result’ [-Wunused-result]
#39 222.6    37 |     #define rax_posix_memalign posix_memalign
#39 222.6 /opt/pg/artifact/build/source/pll/utils.c:597:7: note: in expansion of macro ‘rax_posix_memalign’
#39 222.6   597 |       rax_posix_memalign ((void **)&(localPartitions->partitionData[model]->right), PLL_BYTE_ALIGNMENT, (size_t)pl->rightLength * (maxCategories + 1) * sizeof(double));
#39 222.6       |       ^~~~~~~~~~~~~~~~~~
#39 222.6 /opt/pg/artifact/build/source/pll/mem_alloc.h:37:32: warning: ignoring return value of ‘posix_memalign’ declared with attribute ‘warn_unused_result’ [-Wunused-result]
#39 222.6    37 |     #define rax_posix_memalign posix_memalign
#39 222.6 /opt/pg/artifact/build/source/pll/utils.c:599:7: note: in expansion of macro ‘rax_posix_memalign’
#39 222.6   599 |       rax_posix_memalign ((void **)&(localPartitions->partitionData[model]->EV),    PLL_BYTE_ALIGNMENT, (size_t)pl->evLength * sizeof(double));
#39 222.6       |       ^~~~~~~~~~~~~~~~~~
#39 222.6 /opt/pg/artifact/build/source/pll/mem_alloc.h:37:32: warning: ignoring return value of ‘posix_memalign’ declared with attribute ‘warn_unused_result’ [-Wunused-result]
#39 222.6    37 |     #define rax_posix_memalign posix_memalign
#39 222.6 /opt/pg/artifact/build/source/pll/utils.c:605:7: note: in expansion of macro ‘rax_posix_memalign’
#39 222.6   605 |       rax_posix_memalign ((void **)&(localPartitions->partitionData[model]->tipVector), PLL_BYTE_ALIGNMENT, (size_t)pl->tipVectorLength * sizeof(double));
#39 222.6       |       ^~~~~~~~~~~~~~~~~~
#39 222.6 /opt/pg/artifact/build/source/pll/mem_alloc.h:37:32: warning: ignoring return value of ‘posix_memalign’ declared with attribute ‘warn_unused_result’ [-Wunused-result]
#39 222.6    37 |     #define rax_posix_memalign posix_memalign
#39 222.6 /opt/pg/artifact/build/source/pll/utils.c:617:15: note: in expansion of macro ‘rax_posix_memalign’
#39 222.6   617 |               rax_posix_memalign ((void **)&(localPartitions->partitionData[model]->EV_LG4[k]), PLL_BYTE_ALIGNMENT, pl->evLength * sizeof(double));
#39 222.6       |               ^~~~~~~~~~~~~~~~~~
#39 222.6 /opt/pg/artifact/build/source/pll/mem_alloc.h:37:32: warning: ignoring return value of ‘posix_memalign’ declared with attribute ‘warn_unused_result’ [-Wunused-result]
#39 222.6    37 |     #define rax_posix_memalign posix_memalign
#39 222.6 /opt/pg/artifact/build/source/pll/utils.c:621:15: note: in expansion of macro ‘rax_posix_memalign’
#39 222.6   621 |               rax_posix_memalign ((void **)&(localPartitions->partitionData[model]->tipVector_LG4[k]), PLL_BYTE_ALIGNMENT, pl->tipVectorLength * sizeof(double));
#39 222.6       |               ^~~~~~~~~~~~~~~~~~
#39 222.6 /opt/pg/artifact/build/source/pll/mem_alloc.h:37:32: warning: ignoring return value of ‘posix_memalign’ declared with attribute ‘warn_unused_result’ [-Wunused-result]
#39 222.6    37 |     #define rax_posix_memalign posix_memalign
#39 222.6 /opt/pg/artifact/build/source/pll/utils.c:687:7: note: in expansion of macro ‘rax_posix_memalign’
#39 222.6   687 |       rax_posix_memalign ((void **)&(localPartitions->partitionData[model]->sumBuffer), PLL_BYTE_ALIGNMENT, width *
#39 222.6       |       ^~~~~~~~~~~~~~~~~~
#39 222.6 /opt/pg/artifact/build/source/pll/mem_alloc.h:37:32: warning: ignoring return value of ‘posix_memalign’ declared with attribute ‘warn_unused_result’ [-Wunused-result]
#39 222.6    37 |     #define rax_posix_memalign posix_memalign
#39 222.6 /opt/pg/artifact/build/source/pll/utils.c:694:7: note: in expansion of macro ‘rax_posix_memalign’
#39 222.6   694 |       rax_posix_memalign ((void **)&(localPartitions->partitionData[model]->perSiteLikelihoods), PLL_BYTE_ALIGNMENT, width * sizeof(double));
#39 222.6       |       ^~~~~~~~~~~~~~~~~~
#39 222.6 /opt/pg/artifact/build/source/pll/mem_alloc.h:37:32: warning: ignoring return value of ‘posix_memalign’ declared with attribute ‘warn_unused_result’ [-Wunused-result]
#39 222.6    37 |     #define rax_posix_memalign posix_memalign
#39 222.6 /opt/pg/artifact/build/source/pll/utils.c:724:7: note: in expansion of macro ‘rax_posix_memalign’
#39 222.6   724 |       rax_posix_memalign ((void **)&(localPartitions->partitionData[model]->ancestralBuffer), PLL_BYTE_ALIGNMENT, width *
#39 222.6       |       ^~~~~~~~~~~~~~~~~~
#39 222.6 /opt/pg/artifact/build/source/pll/mem_alloc.h:37:32: warning: ignoring return value of ‘posix_memalign’ declared with attribute ‘warn_unused_result’ [-Wunused-result]
#39 222.6    37 |     #define rax_posix_memalign posix_memalign
#39 222.6 /opt/pg/artifact/build/source/pll/utils.c:744:7: note: in expansion of macro ‘rax_posix_memalign’
#39 222.6   744 |       rax_posix_memalign ((void **)&(localPartitions->partitionData[model]->wgt), PLL_BYTE_ALIGNMENT, width * sizeof(int));
#39 222.6       |       ^~~~~~~~~~~~~~~~~~
#39 222.6 /opt/pg/artifact/build/source/pll/mem_alloc.h:37:32: warning: ignoring return value of ‘posix_memalign’ declared with attribute ‘warn_unused_result’ [-Wunused-result]
#39 222.6    37 |     #define rax_posix_memalign posix_memalign
#39 222.6 /opt/pg/artifact/build/source/pll/utils.c:756:11: note: in expansion of macro ‘rax_posix_memalign’
#39 222.6   756 |           rax_posix_memalign ((void **)&(localPartitions->partitionData[model]->gapColumn),PLL_BYTE_ALIGNMENT, ((size_t)localTree->mxtips) *
#39 222.6       |           ^~~~~~~~~~~~~~~~~~
#39 223.0 [ 24%] Linking C static library libpll.a
#39 223.0 [ 24%] Built target pll
#39 223.0 [ 24%] Building C object sprng/CMakeFiles/sprng.dir/lcg64.c.o
#39 223.1 [ 24%] Building C object sprng/CMakeFiles/sprng.dir/makeseed.c.o
#39 223.1 [ 25%] Building C object sprng/CMakeFiles/sprng.dir/memory.c.o
#39 223.1 [ 25%] Building C object sprng/CMakeFiles/sprng.dir/store.c.o
#39 223.1 [ 25%] Building C object sprng/CMakeFiles/sprng.dir/primes-lcg64.c.o
#39 223.2 [ 26%] Building C object sprng/CMakeFiles/sprng.dir/checkid.c.o
#39 223.2 [ 26%] Linking C static library libsprng.a
#39 223.2 [ 26%] Built target sprng
#39 223.2 [ 26%] Building CXX object lbfgsb/CMakeFiles/lbfgsb.dir/lbfgsb_new.cpp.o
#39 223.5 [ 26%] Building CXX object nclextra/CMakeFiles/nclextra.dir/msetsblock.cpp.o
#39 224.1 [ 27%] Linking CXX static library liblbfgsb.a
#39 224.1 [ 27%] Built target lbfgsb
#39 224.1 [ 28%] Building C object whtest/CMakeFiles/whtest.dir/eigen.c.o
#39 224.4 [ 28%] Building CXX object nclextra/CMakeFiles/nclextra.dir/msplitsblock.cpp.o
#39 224.5 [ 28%] Building C object whtest/CMakeFiles/whtest.dir/eigen_sym.c.o
#39 224.6 [ 28%] Building C object whtest/CMakeFiles/whtest.dir/random.c.o
#39 224.6 [ 29%] Building C object whtest/CMakeFiles/whtest.dir/weisslambda.c.o
#39 224.6 [ 29%] Building C object whtest/CMakeFiles/whtest.dir/weisslambda_sub.c.o
#39 224.7 [ 30%] Building C object whtest/CMakeFiles/whtest.dir/whtest.c.o
#39 224.8 [ 30%] Building C object whtest/CMakeFiles/whtest.dir/whtest_sub.c.o
#39 224.9 /opt/pg/artifact/build/source/whtest/whtest_sub.c: In function ‘ReadData’:
#39 224.9 /opt/pg/artifact/build/source/whtest/whtest_sub.c:205:25: warning: ignoring return value of ‘fscanf’ declared with attribute ‘warn_unused_result’ [-Wunused-result]
#39 224.9   205 |                         fscanf ( ifp, "%c", &c );
#39 224.9       |                         ^~~~~~~~~~~~~~~~~~~~~~~~
#39 224.9 /opt/pg/artifact/build/source/whtest/whtest_sub.c:221:25: warning: ignoring return value of ‘fscanf’ declared with attribute ‘warn_unused_result’ [-Wunused-result]
#39 224.9   221 |                         fscanf ( ifp, "%c", &c );
#39 224.9       |                         ^~~~~~~~~~~~~~~~~~~~~~~~
#39 225.1 [ 30%] Building CXX object whtest/CMakeFiles/whtest.dir/whtest_wrapper.cpp.o
#39 225.3 [ 31%] Building CXX object nclextra/CMakeFiles/nclextra.dir/modelsblock.cpp.o
#39 226.0 [ 31%] Linking CXX static library libnclextra.a
#39 226.0 [ 31%] Built target nclextra
#39 226.0 [ 31%] Building CXX object vectorclass/CMakeFiles/vectorclass.dir/instrset_detect.cpp.o
#39 226.1 [ 32%] Linking CXX static library libwhtest.a
#39 226.1 [ 32%] Built target whtest
#39 226.1 [ 33%] Building CXX object gsl/CMakeFiles/gsl.dir/binomial_tpe.cpp.o
#39 226.2 [ 33%] Building CXX object gsl/CMakeFiles/gsl.dir/multinomial.cpp.o
#39 226.3 [ 33%] Linking CXX static library libvectorclass.a
#39 226.3 [ 33%] Built target vectorclass
#39 226.3 [ 33%] Building CXX object yaml-cpp/CMakeFiles/yaml-cpp.dir/src/binary.cpp.o
#39 226.3 [ 33%] Building CXX object gsl/CMakeFiles/gsl.dir/pow_int.cpp.o
#39 226.4 [ 34%] Building CXX object gsl/CMakeFiles/gsl.dir/gauss.cpp.o
#39 226.4 [ 34%] Building CXX object yaml-cpp/CMakeFiles/yaml-cpp.dir/src/convert.cpp.o
#39 226.5 [ 34%] Building CXX object gsl/CMakeFiles/gsl.dir/gaussinv.cpp.o
#39 226.6 [ 34%] Building CXX object gsl/CMakeFiles/gsl.dir/gausspdf.cpp.o
#39 226.7 [ 35%] Linking CXX static library libgsl.a
#39 226.7 [ 35%] Built target gsl
#39 226.7 [ 36%] Building CXX object terraphast/CMakeFiles/terraphast.dir/lib/advanced.cpp.o
#39 226.7 [ 37%] Building CXX object yaml-cpp/CMakeFiles/yaml-cpp.dir/src/directives.cpp.o
#39 226.9 [ 37%] Building CXX object yaml-cpp/CMakeFiles/yaml-cpp.dir/src/emit.cpp.o
#39 227.1 [ 37%] Building CXX object yaml-cpp/CMakeFiles/yaml-cpp.dir/src/emitfromevents.cpp.o
#39 227.3 [ 38%] Building CXX object yaml-cpp/CMakeFiles/yaml-cpp.dir/src/emitter.cpp.o
#39 227.9 [ 38%] Building CXX object yaml-cpp/CMakeFiles/yaml-cpp.dir/src/emitterstate.cpp.o
#39 227.9 [ 38%] Building CXX object terraphast/CMakeFiles/terraphast.dir/lib/bigint.cpp.o
#39 228.0 [ 38%] Building CXX object terraphast/CMakeFiles/terraphast.dir/lib/bipartitions.cpp.o
#39 228.3 [ 38%] Building CXX object yaml-cpp/CMakeFiles/yaml-cpp.dir/src/emitterutils.cpp.o
#39 228.3 [ 39%] Building CXX object terraphast/CMakeFiles/terraphast.dir/lib/bitmatrix.cpp.o
#39 228.6 [ 39%] Building CXX object terraphast/CMakeFiles/terraphast.dir/lib/clamped_uint.cpp.o
#39 228.7 [ 39%] Building CXX object terraphast/CMakeFiles/terraphast.dir/lib/constraints.cpp.o
#39 229.2 [ 40%] Building CXX object terraphast/CMakeFiles/terraphast.dir/lib/errors.cpp.o
#39 229.3 [ 40%] Building CXX object terraphast/CMakeFiles/terraphast.dir/lib/multitree.cpp.o
#39 229.4 [ 41%] Building CXX object yaml-cpp/CMakeFiles/yaml-cpp.dir/src/exceptions.cpp.o
#39 229.5 [ 42%] Building CXX object terraphast/CMakeFiles/terraphast.dir/lib/multitree_iterator.cpp.o
#39 229.5 [ 42%] Building CXX object yaml-cpp/CMakeFiles/yaml-cpp.dir/src/exp.cpp.o
#39 229.7 [ 42%] Building CXX object terraphast/CMakeFiles/terraphast.dir/lib/nodes.cpp.o
#39 229.8 [ 42%] Building CXX object yaml-cpp/CMakeFiles/yaml-cpp.dir/src/memory.cpp.o
#39 229.9 [ 42%] Building CXX object terraphast/CMakeFiles/terraphast.dir/lib/parser.cpp.o
#39 230.1 [ 43%] Building CXX object yaml-cpp/CMakeFiles/yaml-cpp.dir/src/node.cpp.o
#39 230.3 [ 43%] Building CXX object yaml-cpp/CMakeFiles/yaml-cpp.dir/src/node_data.cpp.o
#39 230.6 [ 44%] Building CXX object terraphast/CMakeFiles/terraphast.dir/lib/rooting.cpp.o
#39 230.8 [ 44%] Building CXX object yaml-cpp/CMakeFiles/yaml-cpp.dir/src/nodebuilder.cpp.o
#39 231.0 [ 44%] Building CXX object terraphast/CMakeFiles/terraphast.dir/lib/simple.cpp.o
#39 231.3 [ 45%] Building CXX object yaml-cpp/CMakeFiles/yaml-cpp.dir/src/nodeevents.cpp.o
#39 231.6 [ 45%] Building CXX object terraphast/CMakeFiles/terraphast.dir/lib/subtree_extraction.cpp.o
#39 231.7 [ 45%] Building CXX object yaml-cpp/CMakeFiles/yaml-cpp.dir/src/null.cpp.o
#39 231.8 [ 45%] Building CXX object yaml-cpp/CMakeFiles/yaml-cpp.dir/src/ostream_wrapper.cpp.o
#39 231.9 [ 46%] Building CXX object yaml-cpp/CMakeFiles/yaml-cpp.dir/src/parse.cpp.o
#39 232.1 [ 47%] Building CXX object terraphast/CMakeFiles/terraphast.dir/lib/supertree_helpers.cpp.o
#39 232.4 [ 47%] Building CXX object yaml-cpp/CMakeFiles/yaml-cpp.dir/src/parser.cpp.o
#39 232.4 [ 47%] Building CXX object terraphast/CMakeFiles/terraphast.dir/lib/trees.cpp.o
#39 232.9 [ 47%] Building CXX object yaml-cpp/CMakeFiles/yaml-cpp.dir/src/regex_yaml.cpp.o
#39 232.9 [ 47%] Building CXX object terraphast/CMakeFiles/terraphast.dir/lib/union_find.cpp.o
#39 233.1 [ 48%] Building CXX object terraphast/CMakeFiles/terraphast.dir/lib/validation.cpp.o
#39 233.2 [ 49%] Building CXX object yaml-cpp/CMakeFiles/yaml-cpp.dir/src/scanner.cpp.o
#39 233.7 [ 49%] Linking CXX static library libterraphast.a
#39 233.7 [ 49%] Built target terraphast
#39 233.7 [ 49%] Building CXX object utils/CMakeFiles/decentTree.dir/decenttree.cpp.o
#39 234.0 [ 50%] Building CXX object utils/CMakeFiles/decentTree.dir/starttree.cpp.o
#39 234.3 [ 50%] Building CXX object yaml-cpp/CMakeFiles/yaml-cpp.dir/src/scanscalar.cpp.o
#39 234.5 [ 50%] Building CXX object utils/CMakeFiles/decentTree.dir/bionj.cpp.o
#39 234.7 In file included from /usr/include/stdio.h:980,
#39 234.7                  from /opt/pg/artifact/build/source/utils/bionj.cpp:25:
#39 234.7 In function ‘int snprintf(char*, size_t, const char*, ...)’,
#39 234.7     inlined from ‘int BioNj::create(const char*, const char*)’ at /opt/pg/artifact/build/source/utils/bionj.cpp:772:25,
#39 234.7     inlined from ‘virtual bool BIONJ2009Adapter::constructTree(const std::string&, const std::string&)’ at /opt/pg/artifact/build/source/utils/bionj.cpp:853:27,
#39 234.7     inlined from ‘virtual bool BIONJ2009Adapter::constructTree(const std::string&, const std::string&)’ at /opt/pg/artifact/build/source/utils/bionj.cpp:845:18:
#39 234.7 /usr/include/aarch64-linux-gnu/bits/stdio2.h:54:35: warning: ‘int __builtin___snprintf_chk(char*, long unsigned int, int, long unsigned int, const char*, ...)’ specified bound 1000 exceeds destination size 999 [-Wstringop-overflow=]
#39 234.7    54 |   return __builtin___snprintf_chk (__s, __n, __USE_FORTIFY_LEVEL - 1,
#39 234.7       |          ~~~~~~~~~~~~~~~~~~~~~~~~~^~~~~~~~~~~~~~~~~~~~~~~~~~~~~~~~~~~
#39 234.7    55 |                                    __glibc_objsize (__s), __fmt,
#39 234.7       |                                    ~~~~~~~~~~~~~~~~~~~~~~~~~~~~~
#39 234.7    56 |                                    __va_arg_pack ());
#39 234.7       |                                    ~~~~~~~~~~~~~~~~~
#39 234.7 In function ‘int snprintf(char*, size_t, const char*, ...)’,
#39 234.7     inlined from ‘int BioNj::create(const char*, const char*)’ at /opt/pg/artifact/build/source/utils/bionj.cpp:780:25,
#39 234.7     inlined from ‘virtual bool BIONJ2009Adapter::constructTree(const std::string&, const std::string&)’ at /opt/pg/artifact/build/source/utils/bionj.cpp:853:27,
#39 234.7     inlined from ‘virtual bool BIONJ2009Adapter::constructTree(const std::string&, const std::string&)’ at /opt/pg/artifact/build/source/utils/bionj.cpp:845:18:
#39 234.7 /usr/include/aarch64-linux-gnu/bits/stdio2.h:54:35: warning: ‘int __builtin___snprintf_chk(char*, long unsigned int, int, long unsigned int, const char*, ...)’ specified bound 1000 exceeds destination size 999 [-Wstringop-overflow=]
#39 234.7    54 |   return __builtin___snprintf_chk (__s, __n, __USE_FORTIFY_LEVEL - 1,
#39 234.7       |          ~~~~~~~~~~~~~~~~~~~~~~~~~^~~~~~~~~~~~~~~~~~~~~~~~~~~~~~~~~~~
#39 234.7    55 |                                    __glibc_objsize (__s), __fmt,
#39 234.7       |                                    ~~~~~~~~~~~~~~~~~~~~~~~~~~~~~
#39 234.7    56 |                                    __va_arg_pack ());
#39 234.7       |                                    ~~~~~~~~~~~~~~~~~
#39 234.8 [ 50%] Building CXX object utils/CMakeFiles/decentTree.dir/bionj2.cpp.o
#39 234.9 [ 50%] Building CXX object yaml-cpp/CMakeFiles/yaml-cpp.dir/src/scantag.cpp.o
#39 235.4 [ 51%] Building CXX object yaml-cpp/CMakeFiles/yaml-cpp.dir/src/scantoken.cpp.o
#39 236.6 [ 51%] Building CXX object yaml-cpp/CMakeFiles/yaml-cpp.dir/src/simplekey.cpp.o
#39 236.9 [ 51%] Building CXX object yaml-cpp/CMakeFiles/yaml-cpp.dir/src/singledocparser.cpp.o
#39 237.5 [ 52%] Building CXX object yaml-cpp/CMakeFiles/yaml-cpp.dir/src/stream.cpp.o
#39 237.7 [ 53%] Building CXX object utils/CMakeFiles/decentTree.dir/gzstream.cpp.o
#39 237.7 [ 53%] Building CXX object yaml-cpp/CMakeFiles/yaml-cpp.dir/src/tag.cpp.o
#39 237.9 [ 54%] Linking CXX static library libyaml-cpp.a
#39 237.9 [ 54%] Building CXX object utils/CMakeFiles/decentTree.dir/progress.cpp.o
#39 238.0 [ 54%] Built target yaml-cpp
#39 238.0 [ 54%] Building CXX object utils/CMakeFiles/utils.dir/eigendecomposition.cpp.o
#39 238.3 [ 54%] Building CXX object utils/CMakeFiles/decentTree.dir/operatingsystem.cpp.o
#39 238.5 [ 55%] Linking CXX executable decentTree
#39 238.5 [ 55%] Built target decentTree
#39 238.6 [ 55%] Building CXX object pda/CMakeFiles/pda.dir/circularnetwork.cpp.o
#39 238.8 [ 55%] Building CXX object utils/CMakeFiles/utils.dir/gzstream.cpp.o
#39 239.0 [ 56%] Building CXX object utils/CMakeFiles/utils.dir/optimization.cpp.o
#39 239.6 [ 56%] Building CXX object utils/CMakeFiles/utils.dir/stoprule.cpp.o
#39 239.7 [ 57%] Building CXX object pda/CMakeFiles/pda.dir/greedy.cpp.o
#39 240.4 [ 57%] Building CXX object pda/CMakeFiles/pda.dir/gurobiwrapper.cpp.o
#39 240.7 [ 57%] Building CXX object utils/CMakeFiles/utils.dir/tools.cpp.o
#39 240.9 [ 57%] Building CXX object pda/CMakeFiles/pda.dir/hashsplitset.cpp.o
#39 241.6 [ 58%] Building CXX object pda/CMakeFiles/pda.dir/pdnetwork.cpp.o
#39 243.8 [ 58%] Building CXX object pda/CMakeFiles/pda.dir/pruning.cpp.o
#39 244.4 [ 58%] Building CXX object pda/CMakeFiles/pda.dir/split.cpp.o
#39 245.1 [ 59%] Building CXX object pda/CMakeFiles/pda.dir/splitgraph.cpp.o
#39 245.7 [ 60%] Building CXX object utils/CMakeFiles/utils.dir/pllnni.cpp.o
#39 247.0 [ 60%] Building CXX object pda/CMakeFiles/pda.dir/splitset.cpp.o
#39 247.4 [ 61%] Building C object pda/CMakeFiles/pda.dir/lpwrapper.c.o
#39 247.4 [ 61%] Building CXX object utils/CMakeFiles/utils.dir/checkpoint.cpp.o
#39 247.4 [ 61%] Building CXX object pda/CMakeFiles/pda.dir/ecopd.cpp.o
#39 248.5 [ 61%] Building CXX object utils/CMakeFiles/utils.dir/MPIHelper.cpp.o
#39 248.9 [ 62%] Building CXX object utils/CMakeFiles/utils.dir/starttree.cpp.o
#39 249.3 [ 62%] Building CXX object utils/CMakeFiles/utils.dir/bionj.cpp.o
#39 249.5 In file included from /usr/include/stdio.h:980,
#39 249.5                  from /opt/pg/artifact/build/source/utils/bionj.cpp:25:
#39 249.5 In function ‘int snprintf(char*, size_t, const char*, ...)’,
#39 249.5     inlined from ‘int BioNj::create(const char*, const char*)’ at /opt/pg/artifact/build/source/utils/bionj.cpp:772:25,
#39 249.5     inlined from ‘virtual bool BIONJ2009Adapter::constructTree(const std::string&, const std::string&)’ at /opt/pg/artifact/build/source/utils/bionj.cpp:853:27,
#39 249.5     inlined from ‘virtual bool BIONJ2009Adapter::constructTree(const std::string&, const std::string&)’ at /opt/pg/artifact/build/source/utils/bionj.cpp:845:18:
#39 249.5 /usr/include/aarch64-linux-gnu/bits/stdio2.h:54:35: warning: ‘int __builtin___snprintf_chk(char*, long unsigned int, int, long unsigned int, const char*, ...)’ specified bound 1000 exceeds destination size 999 [-Wstringop-overflow=]
#39 249.5    54 |   return __builtin___snprintf_chk (__s, __n, __USE_FORTIFY_LEVEL - 1,
#39 249.5       |          ~~~~~~~~~~~~~~~~~~~~~~~~~^~~~~~~~~~~~~~~~~~~~~~~~~~~~~~~~~~~
#39 249.5    55 |                                    __glibc_objsize (__s), __fmt,
#39 249.5       |                                    ~~~~~~~~~~~~~~~~~~~~~~~~~~~~~
#39 249.5    56 |                                    __va_arg_pack ());
#39 249.5       |                                    ~~~~~~~~~~~~~~~~~
#39 249.5 In function ‘int snprintf(char*, size_t, const char*, ...)’,
#39 249.5     inlined from ‘int BioNj::create(const char*, const char*)’ at /opt/pg/artifact/build/source/utils/bionj.cpp:780:25,
#39 249.5     inlined from ‘virtual bool BIONJ2009Adapter::constructTree(const std::string&, const std::string&)’ at /opt/pg/artifact/build/source/utils/bionj.cpp:853:27,
#39 249.5     inlined from ‘virtual bool BIONJ2009Adapter::constructTree(const std::string&, const std::string&)’ at /opt/pg/artifact/build/source/utils/bionj.cpp:845:18:
#39 249.5 /usr/include/aarch64-linux-gnu/bits/stdio2.h:54:35: warning: ‘int __builtin___snprintf_chk(char*, long unsigned int, int, long unsigned int, const char*, ...)’ specified bound 1000 exceeds destination size 999 [-Wstringop-overflow=]
#39 249.5    54 |   return __builtin___snprintf_chk (__s, __n, __USE_FORTIFY_LEVEL - 1,
#39 249.5       |          ~~~~~~~~~~~~~~~~~~~~~~~~~^~~~~~~~~~~~~~~~~~~~~~~~~~~~~~~~~~~
#39 249.5    55 |                                    __glibc_objsize (__s), __fmt,
#39 249.5       |                                    ~~~~~~~~~~~~~~~~~~~~~~~~~~~~~
#39 249.5    56 |                                    __va_arg_pack ());
#39 249.5       |                                    ~~~~~~~~~~~~~~~~~
#39 249.6 [ 62%] Building CXX object pda/CMakeFiles/pda.dir/graph.cpp.o
#39 249.6 [ 62%] Building CXX object utils/CMakeFiles/utils.dir/bionj2.cpp.o
#39 249.8 [ 63%] Building CXX object pda/CMakeFiles/pda.dir/pdtree.cpp.o
#39 250.9 [ 63%] Building CXX object pda/CMakeFiles/pda.dir/pdtreeset.cpp.o
#39 251.7 [ 63%] Building CXX object pda/CMakeFiles/pda.dir/ecopdmtreeset.cpp.o
#39 252.3 [ 64%] Linking CXX static library libpda.a
#39 252.3 [ 64%] Built target pda
#39 252.3 [ 64%] Building CXX object phylo-yaml/CMakeFiles/phyloYAML.dir/statespace.cpp.o
#39 252.5 [ 65%] Building CXX object utils/CMakeFiles/utils.dir/progress.cpp.o
#39 252.8 [ 65%] Building CXX object utils/CMakeFiles/utils.dir/operatingsystem.cpp.o
#39 253.0 [ 65%] Building CXX object utils/CMakeFiles/utils.dir/mutsel_wrapper.cpp.o
#39 254.3 [ 66%] Linking CXX static library libutils.a
#39 254.4 [ 66%] Built target utils
#39 254.4 [ 67%] Building CXX object model/CMakeFiles/model.dir/modelmarkov.cpp.o
#39 254.5 [ 67%] Linking CXX static library libphyloYAML.a
#39 254.5 [ 67%] Built target phyloYAML
#39 254.5 [ 67%] Building CXX object model/CMakeFiles/model.dir/modelbin.cpp.o
#39 255.5 [ 68%] Building CXX object model/CMakeFiles/model.dir/modeldna.cpp.o
#39 257.3 [ 68%] Building CXX object model/CMakeFiles/model.dir/modeldnaerror.cpp.o
#39 258.6 [ 68%] Building CXX object model/CMakeFiles/model.dir/modelfactory.cpp.o
#39 261.1 [ 69%] Building CXX object model/CMakeFiles/model.dir/modelprotein.cpp.o
#39 262.6 [ 69%] Building CXX object model/CMakeFiles/model.dir/modelset.cpp.o
#39 263.7 [ 69%] Building CXX object model/CMakeFiles/model.dir/modelsubst.cpp.o
#39 264.5 [ 70%] Building CXX object model/CMakeFiles/model.dir/partitionmodel.cpp.o
#39 267.3 [ 70%] Building CXX object model/CMakeFiles/model.dir/partitionmodelplen.cpp.o
#39 268.6 [ 70%] Building CXX object model/CMakeFiles/model.dir/rategamma.cpp.o
#39 270.1 [ 71%] Building CXX object model/CMakeFiles/model.dir/rategammainvar.cpp.o
#39 271.4 [ 71%] Building CXX object model/CMakeFiles/model.dir/ratecontinuousgamma.cpp.o
#39 272.0 [ 71%] Building CXX object model/CMakeFiles/model.dir/ratecontinuousgammainvar.cpp.o
#39 273.0 [ 72%] Building CXX object model/CMakeFiles/model.dir/rateheterogeneity.cpp.o
#39 273.9 [ 72%] Building CXX object model/CMakeFiles/model.dir/rateinvar.cpp.o
#39 275.1 [ 72%] Building CXX object model/CMakeFiles/model.dir/ratemeyerdiscrete.cpp.o
#39 275.7 [ 73%] Building CXX object model/CMakeFiles/model.dir/ratemeyerhaeseler.cpp.o
#39 276.3 [ 73%] Building CXX object model/CMakeFiles/model.dir/ratekategory.cpp.o
#39 277.1 [ 73%] Building CXX object model/CMakeFiles/model.dir/ratefree.cpp.o
#39 277.4 [ 74%] Building CXX object model/CMakeFiles/model.dir/ratefreeinvar.cpp.o
#39 278.6 [ 74%] Building CXX object model/CMakeFiles/model.dir/rateheterotachy.cpp.o
#39 278.6 [ 74%] Building CXX object model/CMakeFiles/model.dir/rateheterotachyinvar.cpp.o
#39 279.6 [ 75%] Building CXX object model/CMakeFiles/model.dir/modelcodon.cpp.o
#39 279.8 [ 75%] Building CXX object model/CMakeFiles/model.dir/modelmorphology.cpp.o
#39 281.2 [ 75%] Building CXX object model/CMakeFiles/model.dir/modelmixture.cpp.o
#39 281.5 [ 76%] Building CXX object model/CMakeFiles/model.dir/modelunrest.cpp.o
#39 282.7 [ 76%] Building CXX object model/CMakeFiles/model.dir/modelliemarkov.cpp.o
#39 283.4 [ 76%] Building CXX object model/CMakeFiles/model.dir/modelpomo.cpp.o
#39 291.0 [ 77%] Building CXX object model/CMakeFiles/model.dir/modelpomomixture.cpp.o
#39 292.1 [ 77%] Building CXX object model/CMakeFiles/model.dir/modelhmm.cpp.o
#39 292.2 [ 77%] Building CXX object model/CMakeFiles/model.dir/modelhmmgm.cpp.o
#39 293.1 [ 78%] Building CXX object model/CMakeFiles/model.dir/modelhmmtm.cpp.o
#39 293.3 [ 78%] Building CXX object model/CMakeFiles/model.dir/modelcodonmixture.cpp.o
#39 294.4 [ 79%] Linking CXX static library libmodel.a
#39 294.7 [ 79%] Built target model
#39 294.7 [ 79%] Building CXX object simulator/CMakeFiles/simulator.dir/alisimulator.cpp.o
#39 294.7 [ 80%] Building CXX object simulator/CMakeFiles/simulator.dir/alisimulatorinvar.cpp.o
#39 296.1 [ 80%] Building CXX object simulator/CMakeFiles/simulator.dir/alisimulatorheterogeneity.cpp.o
#39 297.8 [ 80%] Building CXX object simulator/CMakeFiles/simulator.dir/alisimulatorheterogeneityinvar.cpp.o
#39 299.0 [ 81%] Linking CXX static library libsimulator.a
#39 299.0 [ 81%] Built target simulator
#39 299.0 [ 81%] Building CXX object alignment/CMakeFiles/alignment.dir/substitution.cpp.o
#39 299.0 [ 81%] Building CXX object alignment/CMakeFiles/alignment.dir/pattern.cpp.o
#39 299.6 [ 82%] Building CXX object alignment/CMakeFiles/alignment.dir/alignment.cpp.o
#39 299.8 [ 82%] Building CXX object alignment/CMakeFiles/alignment.dir/alignmentpairwise.cpp.o
#39 301.1 [ 82%] Building CXX object alignment/CMakeFiles/alignment.dir/alignmentsummary.cpp.o
#39 301.7 [ 83%] Building CXX object alignment/CMakeFiles/alignment.dir/maalignment.cpp.o
#39 302.2 In file included from /usr/include/boost/math/distributions/binomial.hpp:83,
#39 302.2                  from /opt/pg/artifact/build/source/alignment/alignment.cpp:27:
#39 302.2 /usr/include/boost/math/special_functions/beta.hpp: In instantiation of ‘boost::math::detail::ibeta_fraction2_t<T>::result_type boost::math::detail::ibeta_fraction2_t<T>::operator()() [with T = long double; result_type = std::pair<long double, long double>]’:
#39 302.2 /usr/include/boost/math/tools/fraction.hpp:123:20:   required from ‘typename boost::math::tools::detail::fraction_traits<Gen>::result_type boost::math::tools::continued_fraction_b(Gen&, const U&, uintmax_t&) [with Gen = boost::math::detail::ibeta_fraction2_t<long double>; U = long double; typename detail::fraction_traits<Gen>::result_type = long double; uintmax_t = long unsigned int]’
#39 302.2 /usr/include/boost/math/tools/fraction.hpp:156:31:   required from ‘typename boost::math::tools::detail::fraction_traits<Gen>::result_type boost::math::tools::continued_fraction_b(Gen&, const U&) [with Gen = boost::math::detail::ibeta_fraction2_t<long double>; U = long double; typename detail::fraction_traits<Gen>::result_type = long double]’
#39 302.2 /usr/include/boost/math/special_functions/beta.hpp:732:54:   required from ‘T boost::math::detail::ibeta_fraction2(T, T, T, T, const Policy&, bool, T*) [with T = long double; Policy = boost::math::policies::policy<boost::math::policies::promote_float<false>, boost::math::policies::promote_double<false>, boost::math::policies::default_policy, boost::math::policies::default_policy, boost::math::policies::default_policy, boost::math::policies::default_policy, boost::math::policies::default_policy, boost::math::policies::default_policy, boost::math::policies::default_policy, boost::math::policies::default_policy, boost::math::policies::default_policy>]’
#39 302.2 /usr/include/boost/math/special_functions/beta.hpp:1377:36:   required from ‘T boost::math::detail::ibeta_imp(T, T, T, const Policy&, bool, bool, T*) [with T = long double; Policy = boost::math::policies::policy<boost::math::policies::promote_float<false>, boost::math::policies::promote_double<false>, boost::math::policies::default_policy, boost::math::policies::default_policy, boost::math::policies::default_policy, boost::math::policies::default_policy, boost::math::policies::default_policy, boost::math::policies::default_policy, boost::math::policies::default_policy, boost::math::policies::default_policy, boost::math::policies::default_policy>]’
#39 302.2 /usr/include/boost/math/special_functions/beta.hpp:1414:20:   required from ‘T boost::math::detail::ibeta_imp(T, T, T, const Policy&, bool, bool) [with T = long double; Policy = boost::math::policies::policy<boost::math::policies::promote_float<false>, boost::math::policies::promote_double<false>, boost::math::policies::default_policy, boost::math::policies::default_policy, boost::math::policies::default_policy, boost::math::policies::default_policy, boost::math::policies::default_policy, boost::math::policies::default_policy, boost::math::policies::default_policy, boost::math::policies::default_policy, boost::math::policies::default_policy>]’
#39 302.2 /usr/include/boost/math/special_functions/beta.hpp:1570:93:   required from ‘boost::math::tools::promote_args_t<RT1, RT2, A> boost::math::ibeta(RT1, RT2, RT3, const Policy&) [with RT1 = double; RT2 = double; RT3 = double; Policy = policies::policy<policies::default_policy, policies::default_policy, policies::default_policy, policies::default_policy, policies::default_policy, policies::default_policy, policies::default_policy, policies::default_policy, policies::default_policy, policies::default_policy, policies::default_policy>; tools::promote_args_t<RT1, RT2, A> = double]’
#39 302.2 /usr/include/boost/math/distributions/binomial.hpp:648:21:   required from ‘RealType boost::math::cdf(const complemented2_type<binomial_distribution<RealType, Policy>, RealType>&) [with RealType = double; Policy = policies::policy<policies::default_policy, policies::default_policy, policies::default_policy, policies::default_policy, policies::default_policy, policies::default_policy, policies::default_policy, policies::default_policy, policies::default_policy, policies::default_policy, policies::default_policy>]’
#39 302.2 /usr/include/boost/math/distributions/detail/derived_accessors.hpp:150:14:   required from ‘typename Distribution::value_type boost::math::cdf(const complemented2_type<Dist, RealType>&) [with Distribution = binomial_distribution<>; RealType = int; typename Distribution::value_type = double]’
#39 302.2 /opt/pg/artifact/build/source/alignment/alignment.cpp:5701:23:   required from here
#39 302.2 /usr/include/boost/math/special_functions/beta.hpp:695:16: note: parameter passing for argument of type ‘std::pair<long double, long double>’ when C++17 is enabled changed to match C++14 in GCC 10.1
#39 302.2   695 |    result_type operator()()
#39 302.2       |                ^~~~~~~~
#39 302.6 [ 83%] Building CXX object alignment/CMakeFiles/alignment.dir/superalignment.cpp.o
#39 305.9 [ 83%] Building CXX object alignment/CMakeFiles/alignment.dir/superalignmentpairwise.cpp.o
#39 307.3 [ 84%] Building CXX object alignment/CMakeFiles/alignment.dir/superalignmentpairwiseplen.cpp.o
#39 308.5 [ 84%] Building CXX object alignment/CMakeFiles/alignment.dir/superalignmentunlinked.cpp.o
#39 309.3 [ 84%] Building CXX object alignment/CMakeFiles/alignment.dir/sequence.cpp.o
#39 309.7 [ 85%] Building CXX object alignment/CMakeFiles/alignment.dir/sequencechunkstr.cpp.o
#39 312.2 [ 85%] Linking CXX static library libalignment.a
#39 312.3 [ 85%] Built target alignment
#39 312.3 [ 85%] Building CXX object tree/CMakeFiles/tree.dir/constrainttree.cpp.o
#39 312.3 [ 86%] Building CXX object tree/CMakeFiles/tree.dir/candidateset.cpp.o
#39 313.5 [ 86%] Building CXX object tree/CMakeFiles/tree.dir/iqtree.cpp.o
#39 314.5 [ 86%] Building CXX object tree/CMakeFiles/tree.dir/iqtreemix.cpp.o
#39 317.8 [ 87%] Building CXX object tree/CMakeFiles/tree.dir/iqtreemixhmm.cpp.o
#39 318.7 [ 87%] Building CXX object tree/CMakeFiles/tree.dir/matree.cpp.o
#39 319.3 [ 87%] Building CXX object tree/CMakeFiles/tree.dir/memslot.cpp.o
#39 319.7 [ 88%] Building CXX object tree/CMakeFiles/tree.dir/mexttree.cpp.o
#39 320.4 [ 88%] Building CXX object tree/CMakeFiles/tree.dir/mtree.cpp.o
#39 320.7 [ 88%] Building CXX object tree/CMakeFiles/tree.dir/mtreeset.cpp.o
#39 322.5 [ 89%] Building CXX object tree/CMakeFiles/tree.dir/ncbitree.cpp.o
#39 323.3 [ 89%] Building CXX object tree/CMakeFiles/tree.dir/node.cpp.o
#39 323.7 [ 89%] Building CXX object tree/CMakeFiles/tree.dir/genomenode.cpp.o
#39 324.1 [ 90%] Building CXX object tree/CMakeFiles/tree.dir/genometree.cpp.o
#39 324.1 [ 90%] Building CXX object tree/CMakeFiles/tree.dir/phylonode.cpp.o
#39 324.6 [ 90%] Building CXX object tree/CMakeFiles/tree.dir/phylonodemixlen.cpp.o
#39 324.6 [ 91%] Building CXX object tree/CMakeFiles/tree.dir/phylosuperhmm.cpp.o
#39 325.4 [ 91%] Building CXX object tree/CMakeFiles/tree.dir/phylosupertree.cpp.o
#39 325.7 [ 91%] Building CXX object tree/CMakeFiles/tree.dir/phylosupertreeplen.cpp.o
#39 327.8 [ 92%] Building CXX object tree/CMakeFiles/tree.dir/phylosupertreeunlinked.cpp.o
#39 328.2 [ 92%] Building CXX object tree/CMakeFiles/tree.dir/phylotree.cpp.o
#39 329.2 [ 93%] Building CXX object tree/CMakeFiles/tree.dir/phylotreemixlen.cpp.o
#39 330.8 [ 93%] Building CXX object tree/CMakeFiles/tree.dir/phylotreepars.cpp.o
#39 332.8 [ 93%] Building CXX object tree/CMakeFiles/tree.dir/phylotreesse.cpp.o
#39 333.5 [ 94%] Building CXX object tree/CMakeFiles/tree.dir/quartet.cpp.o
#39 334.1 [ 94%] Building CXX object tree/CMakeFiles/tree.dir/supernode.cpp.o
#39 334.8 [ 94%] Building CXX object tree/CMakeFiles/tree.dir/tinatree.cpp.o
#39 335.7 [ 95%] Building CXX object tree/CMakeFiles/tree.dir/parstree.cpp.o
#39 335.9 [ 95%] Building CXX object tree/CMakeFiles/tree.dir/discordance.cpp.o
#39 336.7 [ 95%] Building CXX object tree/CMakeFiles/tree.dir/phylohmm.cpp.o
#39 338.8 [ 96%] Linking CXX static library libtree.a
#39 339.0 [ 96%] Built target tree
#39 339.0 [ 96%] Building CXX object terracetphast/CMakeFiles/terracetphast.dir/terracetphast.cpp.o
#39 339.0 [ 96%] Building CXX object terrace/CMakeFiles/terrace.dir/terracenode.cpp.o
#39 339.7 [ 97%] Building CXX object terrace/CMakeFiles/terrace.dir/terracetree.cpp.o
#39 340.2 [ 97%] Linking CXX static library libterracetphast.a
#39 340.2 [ 97%] Built target terracetphast
#39 340.2 [ 97%] Building CXX object terrace/CMakeFiles/terrace.dir/presenceabsencematrix.cpp.o
#39 340.6 [ 97%] Building CXX object terrace/CMakeFiles/terrace.dir/terrace.cpp.o
#39 343.0 [ 98%] Linking CXX static library libterrace.a
#39 343.0 [ 98%] Built target terrace
#39 343.0 [ 98%] Building CXX object main/CMakeFiles/main.dir/main.cpp.o
#39 343.0 [ 98%] Building CXX object main/CMakeFiles/main.dir/phyloanalysis.cpp.o
#39 347.9 [ 99%] Building CXX object main/CMakeFiles/main.dir/phylotesting.cpp.o
#39 349.1 /opt/pg/artifact/build/source/main/phylotesting.cpp: In function ‘char* initFreqSet(PML::SeqType)’:
#39 349.1 /opt/pg/artifact/build/source/main/phylotesting.cpp:7010:34: warning: ISO C++ forbids converting a string constant to ‘char*’ [-Wwrite-strings]
#39 349.1  7010 |         case SEQ_CODON:   return ",F1X4,F3X4";
#39 349.1       |                                  ^~~~~~~~~~~~
#39 349.1 /opt/pg/artifact/build/source/main/phylotesting.cpp:7011:34: warning: ISO C++ forbids converting a string constant to ‘char*’ [-Wwrite-strings]
#39 349.1  7011 |         case SEQ_MORPH:   return "FQ";
#39 349.1       |                                  ^~~~
#39 349.1 /opt/pg/artifact/build/source/main/phylotesting.cpp:7012:34: warning: ISO C++ forbids converting a string constant to ‘char*’ [-Wwrite-strings]
#39 349.1  7012 |         case SEQ_PROTEIN: return ",FO";
#39 349.1       |                                  ^~~~~
#39 349.1 /opt/pg/artifact/build/source/main/phylotesting.cpp:7013:34: warning: ISO C++ forbids converting a string constant to ‘char*’ [-Wwrite-strings]
#39 349.1  7013 |         default:          return "FO";
#39 349.1       |                                  ^~~~
#39 352.7 [ 99%] Building CXX object main/CMakeFiles/main.dir/treetesting.cpp.o
#39 355.2 [ 99%] Building CXX object main/CMakeFiles/main.dir/timetree.cpp.o
#39 355.5 [100%] Building CXX object main/CMakeFiles/main.dir/alisim.cpp.o
#39 357.4 [100%] Building CXX object main/CMakeFiles/main.dir/terraceanalysis.cpp.o
#39 360.7 [100%] Linking CXX static library libmain.a
#39 360.8 [100%] Built target main
#39 360.8 [100%] Building CXX object CMakeFiles/iqtree3.dir/obsolete/parsmultistate.cpp.o
#39 361.7 [100%] Linking CXX static library libiqtree3.a
#39 361.8 Extracting objects to /tmp/unify-static-libs...
#39 361.8 all_libs/libalignment.a
#39 361.8 all_libs/libbooster.a
#39 361.8 all_libs/libgsl.a
#39 361.8 all_libs/libiqtree3.a
#39 361.8 all_libs/libkernelsse.a
#39 361.8 all_libs/liblbfgsb.a
#39 361.8 all_libs/liblsd2.a
#39 361.8 all_libs/libmain.a
#39 361.8 all_libs/libmodel.a
#39 361.9 all_libs/libncl.a
#39 361.9 all_libs/libnclextra.a
#39 361.9 all_libs/libomp.a
#39 361.9 all_libs/libpda.a
#39 361.9 all_libs/libphyloYAML.a
#39 361.9 all_libs/libpll.a
#39 361.9 all_libs/libsimulator.a
#39 361.9 all_libs/libsprng.a
#39 361.9 all_libs/libterrace.a
#39 361.9 all_libs/libterracetphast.a
#39 361.9 all_libs/libterraphast.a
#39 361.9 all_libs/libtree.a
#39 362.0 all_libs/libutils.a
#39 362.0 all_libs/libvectorclass.a
#39 362.0 all_libs/libwhtest.a
#39 362.0 all_libs/libyaml-cpp.a
#39 362.0 all_libs/libz.a
#39 362.3 Done.
#39 362.3 [100%] Built target iqtree3
#39 DONE 367.3s

#47 [iqtree-worker-build 1/1] RUN --mount=from=nwkit-build,source=/opt/pg/artifact,target=/tmp/nwkit-artifact  bash /opt/pg/scripts/build_iqtree_artifact.sh worker /opt/pg/artifact /tmp/nwkit-artifact
#47 4.358 {
#47 4.358   "executable": "/opt/pg/artifact/rootfs/usr/local/bin/nwkit-iqtree-worker",
#47 4.358   "protocol": 1,
#47 4.358   "engine": "iqtree3",
#47 4.358   "library_version": "3.1.4",
#47 4.358   "library_sha256": "f28ee24cbc98dc369cfbdc5988b1ccb732e3941ed69a38ef4fd1cff0548bd60a",
#47 4.358   "adapter_sha256": "e36fa69a2981d099f96334d9cecea68d1d2da14368d382750ab50015dab18d04",
#47 4.358   "upstream_revision": "63c330d90dd02241dbbbaf1e9f9e9cc6dadbd1de"
#47 4.358 }
#47 DONE 5.4s

#48 [runtime-content  7/18] RUN --mount=from=amalgkit-build,source=/opt/pg/artifact,target=/tmp/artifacts/amalgkit  --mount=from=cdskit-build,source=/opt/pg/artifact,target=/tmp/artifacts/cdskit  --mount=from=csubst-build,source=/opt/pg/artifact,target=/tmp/artifacts/csubst  --mount=from=nwkit-build,source=/opt/pg/artifact,target=/tmp/artifacts/nwkit  --mount=from=busco-build,source=/opt/pg/artifact,target=/tmp/artifacts/BUSCO  --mount=from=paml-build,source=/opt/pg/artifact,target=/tmp/artifacts/paml  --mount=from=iqtree-worker-build,source=/opt/pg/artifact,target=/tmp/artifacts/iqtree  --mount=from=kffractbias-build,source=/opt/pg/artifact,target=/tmp/artifacts/kfFractBias  --mount=from=kftools-build,source=/opt/pg/artifact,target=/tmp/artifacts/kftools  --mount=from=rkftools-build,source=/opt/pg/artifact,target=/tmp/artifacts/rkftools  bash /opt/pg/scripts/install_source_artifacts.sh /tmp/artifacts  && bash /opt/pg/scripts/install_helvetica_compat_font.sh base
#48 1.393 Processing ./artifacts/amalgkit/wheels/amalgkit-0.16.88-py3-none-any.whl
#48 1.399 Processing ./artifacts/cdskit/wheels/cdskit-0.31.1-py3-none-any.whl
#48 1.402 Processing ./artifacts/csubst/wheels/csubst-1.16.1-cp312-cp312-linux_aarch64.whl
#48 1.407 Processing ./artifacts/nwkit/wheels/nwkit-0.43.16-py3-none-any.whl
#48 1.410 Processing ./artifacts/BUSCO/wheels/busco-6.1.0-py3-none-any.whl
#48 1.411 Processing ./artifacts/kfFractBias/wheels/kffractbias-0.2.0.dev0-py3-none-any.whl
#48 1.413 Processing ./artifacts/kftools/wheels/kftools-0.6.3-py3-none-any.whl
#48 1.427 Installing collected packages: busco, nwkit, kftools, kffractbias, csubst, cdskit, amalgkit
#48 2.567
#48 2.601 Successfully installed amalgkit-0.16.88 busco-6.1.0 cdskit-0.31.1 csubst-1.16.1 kffractbias-0.2.0.dev0 kftools-0.6.3 nwkit-0.43.16
#48 2.602 WARNING: Running pip as the 'root' user can result in broken permissions and conflicting behaviour with the system package manager, possibly rendering your system unusable. It is recommended to use a virtual environment instead: https://pip.pypa.io/warnings/venv. Use the --root-user-action option if you know what you are doing and want to suppress this warning.
#48 5.455 No broken requirements found.
#48 8.601 Installed /opt/conda/lib/python3.12/site-packages/matplotlib/mpl-data/fonts/ttf/Helvetica.ttf
#48 10.30 Matplotlib Helvetica path: /opt/conda/lib/python3.12/site-packages/matplotlib/mpl-data/fonts/ttf/Helvetica.ttf
#48 10.32 [install_helvetica_compat_font] Helvetica compatibility font installed for Matplotlib.
#48 DONE 10.7s

#49 [runtime-content  8/18] RUN mkdir -p /home /usr/local/db/Pfam_LE /usr/local/db/jaspar /opt/pg/logs /opt/conda/envs  && ln -sfn /opt/conda /opt/conda/envs/base  && printf '%s\n'    'export MAMBA_ROOT_PREFIX=/opt/conda'    'eval "$(micromamba shell hook --shell bash)"'    'conda() { micromamba "$@"; }'    'export PATH=/usr/local/bin:${PATH}'    > /home/.bashrc  && cp /home/.bashrc /root/.bashrc
#49 DONE 0.1s

#50 [runtime-content  9/18] COPY workflow/support/treevis /opt/pg/src/genegalleon.treevis
#50 DONE 0.0s

#51 [runtime-content 10/18] RUN micromamba run -n base R CMD INSTALL /opt/pg/src/genegalleon.treevis  && micromamba run -n base Rscript -e       "stopifnot(requireNamespace('genegalleon.treevis', quietly = TRUE))"
#51 0.903 * installing to library ‘/opt/conda/lib/R/library’
#51 0.914 * installing *source* package ‘genegalleon.treevis’ ...
#51 0.914 ** using staged installation
#51 0.922 ** R
#51 0.936 ** byte-compile and prepare package for lazy loading
#51 3.063 ** help
#51 3.069 *** installing help indices
#51 3.075 ** building package indices
#51 3.155 ** testing if installed package can be loaded from temporary location
#51 3.749 ** testing if installed package can be loaded from final location
#51 4.445 ** testing if installed package keeps a record of temporary installation path
#51 4.447 * DONE (genegalleon.treevis)
#51 DONE 5.9s

#52 [runtime-content 11/18] RUN [[ "2026-09-11" =~ ^[0-9]{4}-[0-9]{2}-[0-9]{2}$ ]]  || { echo "SECURITY_REFRESH_EPOCH must use YYYY-MM-DD format" >&2; exit 1; }  && rm -rf /var/lib/apt/lists/* /var/cache/apt/archives/* /var/cache/apt/archives/partial/*  && apt-get update  && apt-get install -y --no-install-recommends unzip  && apt-get upgrade --with-new-pkgs -y  && apt-get --simulate dist-upgrade > /tmp/gg-apt-upgrade-simulation.txt  && if awk '/^Inst / { found = 1 } END { exit found ? 0 : 1 }' /tmp/gg-apt-upgrade-simulation.txt; then       echo "Upgradeable system packages remain after the security refresh." >&2;       exit 1;     fi  && rm -f /tmp/gg-apt-upgrade-simulation.txt  && apt-get clean  && rm -rf /var/lib/apt/lists/* /var/cache/apt/archives/* /var/cache/apt/archives/partial/*  && printf '%s\n' "2026-09-11" > /opt/pg/logs/security_refresh_epoch.txt
#52 0.886 Get:1 http://ports.ubuntu.com/ubuntu-ports noble InRelease [256 kB]
#52 2.440 Get:2 http://ports.ubuntu.com/ubuntu-ports noble-updates InRelease [126 kB]
#52 2.818 Get:3 http://ports.ubuntu.com/ubuntu-ports noble-backports InRelease [126 kB]
#52 3.187 Get:4 http://ports.ubuntu.com/ubuntu-ports noble-security InRelease [126 kB]
#52 3.569 Get:5 http://ports.ubuntu.com/ubuntu-ports noble/universe arm64 Packages [19.0 MB]
#52 5.795 Get:6 http://ports.ubuntu.com/ubuntu-ports noble/main arm64 Packages [1776 kB]
#52 5.884 Get:7 http://ports.ubuntu.com/ubuntu-ports noble/multiverse arm64 Packages [274 kB]
#52 5.901 Get:8 http://ports.ubuntu.com/ubuntu-ports noble/restricted arm64 Packages [113 kB]
#52 5.906 Get:9 http://ports.ubuntu.com/ubuntu-ports noble-updates/restricted arm64 Packages [2831 kB]
#52 6.107 Get:10 http://ports.ubuntu.com/ubuntu-ports noble-updates/universe arm64 Packages [2195 kB]
#52 6.230 Get:11 http://ports.ubuntu.com/ubuntu-ports noble-updates/multiverse arm64 Packages [92.2 kB]
#52 6.237 Get:12 http://ports.ubuntu.com/ubuntu-ports noble-updates/main arm64 Packages [1627 kB]
#52 6.363 Get:13 http://ports.ubuntu.com/ubuntu-ports noble-backports/multiverse arm64 Packages [671 B]
#52 6.363 Get:14 http://ports.ubuntu.com/ubuntu-ports noble-backports/universe arm64 Packages [36.3 kB]
#52 6.367 Get:15 http://ports.ubuntu.com/ubuntu-ports noble-backports/main arm64 Packages [48.9 kB]
#52 6.373 Get:16 http://ports.ubuntu.com/ubuntu-ports noble-security/multiverse arm64 Packages [87.7 kB]
#52 6.377 Get:17 http://ports.ubuntu.com/ubuntu-ports noble-security/main arm64 Packages [1312 kB]
#52 6.784 Get:18 http://ports.ubuntu.com/ubuntu-ports noble-security/universe arm64 Packages [1616 kB]
#52 6.869 Get:19 http://ports.ubuntu.com/ubuntu-ports noble-security/restricted arm64 Packages [2707 kB]
#52 7.153 Fetched 34.4 MB in 7s (4861 kB/s)
#52 7.153 Reading package lists...
#52 7.641 Reading package lists...
#52 8.090 Building dependency tree...
#52 8.218 Reading state information...
#52 8.383 unzip is already the newest version (6.0-28ubuntu4.1).
#52 8.383 0 upgraded, 0 newly installed, 0 to remove and 0 not upgraded.
#52 8.387 Reading package lists...
#52 8.930 Building dependency tree...
#52 9.058 Reading state information...
#52 9.089 Calculating upgrade...
#52 9.242 0 upgraded, 0 newly installed, 0 to remove and 0 not upgraded.
#52 DONE 10.0s

#53 [runtime-content 12/18] COPY container/spec /opt/pg/spec
#53 DONE 0.0s

#54 [runtime-content 13/18] COPY container/scripts/validate_runtime.sh /opt/pg/scripts/validate_runtime.sh
#54 DONE 0.0s

#55 [runtime-content 14/18] COPY container/scripts/check_iqtree_library.py /opt/pg/scripts/check_iqtree_library.py
#55 DONE 0.0s

#56 [runtime-content 15/18] COPY container/scripts/check_nwkit_reconciliation.py /opt/pg/scripts/check_nwkit_reconciliation.py
#56 DONE 0.0s

#57 [runtime-content 16/18] COPY container/scripts/check_csubst_3di.py /opt/pg/scripts/check_csubst_3di.py
#57 DONE 0.0s

#58 [runtime-content 17/18] COPY container/scripts/post_install_notes.sh /opt/pg/scripts/post_install_notes.sh
#58 DONE 0.0s

#59 [runtime-content 18/18] RUN chmod +x /opt/pg/scripts/validate_runtime.sh  && runtime_required="/opt/pg/spec/required_commands.tsv"  && runtime_optional="/opt/pg/spec/optional_commands.arm64.tsv"  && if [[ -f "/opt/pg/spec/required_commands.arm64.tsv" ]]; then runtime_required="/opt/pg/spec/required_commands.arm64.tsv"; fi  && /opt/pg/scripts/validate_runtime.sh       --required "${runtime_required}"       --optional "${runtime_optional}"       --report /opt/pg/logs/runtime_validation_arm64.tsv  && micromamba run -n base python -m pip check  && micromamba clean -i -l -y  && bash /opt/pg/scripts/post_install_notes.sh "arm64"
#59 53.90 {"csubst": "1.16.1", "default_backend": "esm3di-35m", "dependencies": {"huggingface-hub": "1.31.0", "peft": "0.20.0", "protobuf": "5.29.6", "sentencepiece": "0.2.2", "torch": "2.13.0", "transformers": "5.17.0"}, "model_download": false}
#59 55.97 [validate_runtime] Required checks passed. Report: /opt/pg/logs/runtime_validation_arm64.tsv
#59 56.91 No broken requirements found.
#59 56.93 Collect information..
#59 56.93 Cleaning index cache..
#59 56.93 Cleaning lock files..
#59 56.94 [post_install_notes] Wrote /opt/pg/logs/BUILD_NOTES.txt
#59 DONE 57.0s

#60 [runtime 1/2] RUN [[ "runtime" == "runtime" ]]  && [[ "ae5e90fbcded1f78ec58dd5951b294aa4af22ab829b1f385ef9a22dc2780811b" =~ ^[0-9a-f]{64}$ ]]  && [[ "71c1d3ab1af06c14362cab8ec8c7acfa223f5a149f2ae364bd86dc1fd469f32a" =~ ^[0-9a-f]{64}$ ]]  || { echo "BUILD_TARGET must be runtime, and input hashes must be lowercase SHA-256 digests" >&2; exit 1; }
#60 DONE 0.1s

#61 [runtime 2/2] WORKDIR /workspace
#61 DONE 0.0s

#62 exporting to docker image format
#62 exporting layers
#62 exporting layers 171.3s done
#62 exporting manifest sha256:fc91371f790a85bbfa9188442a58f883977e45b7d7fef956092144902402a06e done
#62 exporting config sha256:b0529555cd475fd76551dcdc1bd907cc2891d358303083ca8b872377f7ff6f5a done
#62 sending tarball
#62 ...

#63 importing to docker
#63 loading layer fcbf091e9994 495B / 495B
#63 loading layer b4bf3432c168 784B / 784B
#63 loading layer 8004b9471e63 557.06kB / 191.72MB
#63 loading layer 8004b9471e63 154.30MB / 191.72MB 2.1s
#63 loading layer dfbd7e779c33 557.06kB / 2.78GB
#63 loading layer dfbd7e779c33 151.52MB / 2.78GB 2.0s
#63 loading layer dfbd7e779c33 388.27MB / 2.78GB 4.1s
#63 loading layer dfbd7e779c33 694.09MB / 2.78GB 8.2s
#63 loading layer dfbd7e779c33 716.37MB / 2.78GB 14.6s
#63 loading layer dfbd7e779c33 913.57MB / 2.78GB 20.7s
#63 loading layer dfbd7e779c33 1.30GB / 2.78GB 24.9s
#63 loading layer dfbd7e779c33 1.56GB / 2.78GB 29.1s
#63 loading layer dfbd7e779c33 1.83GB / 2.78GB 34.3s
#63 loading layer dfbd7e779c33 2.05GB / 2.78GB 38.5s
#63 loading layer dfbd7e779c33 2.27GB / 2.78GB 46.7s
#63 loading layer dfbd7e779c33 2.45GB / 2.78GB 52.9s
#63 loading layer dfbd7e779c33 2.62GB / 2.78GB 56.9s
#63 loading layer dfbd7e779c33 2.76GB / 2.78GB 61.1s
#63 loading layer 8a28775cc257 32.77kB / 546.89kB
#63 loading layer cf0ade3c9ed6 180B / 180B
#63 loading layer bce2d41fdd03 1.03kB / 1.03kB
#63 loading layer fa0fc230472a 864B / 864B
#63 loading layer d6a68ad99e5f 7.04kB / 7.04kB
#63 loading layer eeaf6f713ffc 557.06kB / 108.78MB
#63 loading layer 3073dce1b028 453B / 453B
#63 loading layer 8e973a3389fa 32.77kB / 57.11kB
#63 loading layer eb19439aa4a3 32.77kB / 379.79kB
#63 loading layer 261c89d32fa6 200B / 200B
#63 loading layer c59b0785a9b2 678B / 678B
#63 loading layer d685b86a7b78 1.74kB / 1.74kB
#63 loading layer 4c1450226e4e 1.30kB / 1.30kB
#63 loading layer 6e93783f712a 978B / 978B
#63 loading layer 7a1a9cf33e68 1.04kB / 1.04kB
#63 loading layer f1adf422c232 728B / 728B
#63 loading layer 8804fd6c6c9f 98.30kB / 9.66MB
#63 loading layer 5f70bf18a086 32B / 32B
#63 loading layer a692734eac16 99B / 99B
#63 loading layer f1adf422c232 728B / 728B 0.7s done
#63 loading layer fcbf091e9994 495B / 495B 71.8s done
#63 loading layer b4bf3432c168 784B / 784B 70.7s done
#63 loading layer 8004b9471e63 191.72MB / 191.72MB 70.7s done
#63 loading layer dfbd7e779c33 2.78GB / 2.78GB 66.8s done
#63 loading layer 8a28775cc257 546.89kB / 546.89kB 2.5s done
#63 loading layer cf0ade3c9ed6 180B / 180B 2.5s done
#63 loading layer bce2d41fdd03 1.03kB / 1.03kB 2.5s done
#63 loading layer fa0fc230472a 864B / 864B 2.5s done
#63 loading layer d6a68ad99e5f 7.04kB / 7.04kB 2.5s done
#63 loading layer eeaf6f713ffc 108.78MB / 108.78MB 2.4s done
#63 loading layer 3073dce1b028 453B / 453B 0.7s done
#63 loading layer 8e973a3389fa 57.11kB / 57.11kB 0.7s done
#63 loading layer eb19439aa4a3 379.79kB / 379.79kB 0.7s done
#63 loading layer 261c89d32fa6 200B / 200B 0.7s done
#63 loading layer c59b0785a9b2 678B / 678B 0.7s done
#63 loading layer d685b86a7b78 1.74kB / 1.74kB 0.7s done
#63 loading layer 4c1450226e4e 1.30kB / 1.30kB 0.7s done
#63 loading layer 6e93783f712a 978B / 978B 0.7s done
#63 loading layer 7a1a9cf33e68 1.04kB / 1.04kB 0.7s done
#63 loading layer 8804fd6c6c9f 9.66MB / 9.66MB 0.7s done
#63 loading layer 5f70bf18a086 32B / 32B 0.4s done
#63 loading layer a692734eac16 99B / 99B 0.3s done
#63 DONE 71.8s

#62 exporting to docker image format
#62 sending tarball 110.4s done
#62 DONE 281.8s
Built local/genegalleon:3di-clean-20260911 for linux/arm64
[gg_container_build] resolved_image_source=local
[gg_container_build] BUILD_SIF=0, skipped SIF conversion.
